spacing_label,method,feature,family,short_feature,reference_value,comparison_value,abs_diff,rel_diff,changed,native_original,resample_bspline,resample_linear,resample_nearest,voxel_spacing_aware
mild_z2,native_original,original_glcm_Autocorrelation,glcm,Autocorrelation,34.58753758495539,34.58753758495539,0.0,0.0,False,34.58753758495539,,,,
mild_z2,native_original,original_glcm_ClusterProminence,glcm,ClusterProminence,311.3041398881424,311.3041398881424,0.0,0.0,False,311.3041398881424,,,,
mild_z2,native_original,original_glcm_ClusterShade,glcm,ClusterShade,0.4655828255547775,0.4655828255547775,0.0,0.0,False,0.4655828255547775,,,,
mild_z2,native_original,original_glcm_ClusterTendency,glcm,ClusterTendency,11.011881190591271,11.011881190591271,0.0,0.0,False,11.011881190591271,,,,
mild_z2,native_original,original_glcm_Contrast,glcm,Contrast,1.4870374635756822,1.4870374635756822,0.0,0.0,False,1.4870374635756822,,,,
mild_z2,native_original,original_glcm_Correlation,glcm,Correlation,0.7621507062793819,0.7621507062793819,0.0,0.0,False,0.7621507062793819,,,,
mild_z2,native_original,original_glcm_DifferenceAverage,glcm,DifferenceAverage,0.839884673725355,0.839884673725355,0.0,0.0,False,0.839884673725355,,,,
mild_z2,native_original,original_glcm_DifferenceEntropy,glcm,DifferenceEntropy,1.4150890296130916,1.4150890296130916,0.0,0.0,False,1.4150890296130916,,,,
mild_z2,native_original,original_glcm_DifferenceVariance,glcm,DifferenceVariance,0.6260606611850738,0.6260606611850738,0.0,0.0,False,0.6260606611850738,,,,
mild_z2,native_original,original_glcm_Id,glcm,Id,0.6834857947267582,0.6834857947267582,0.0,0.0,False,0.6834857947267582,,,,
mild_z2,native_original,original_glcm_Idm,glcm,Idm,0.6447729421223551,0.6447729421223551,0.0,0.0,False,0.6447729421223551,,,,
mild_z2,native_original,original_glcm_Idmn,glcm,Idmn,0.9857016853537784,0.9857016853537784,0.0,0.0,False,0.9857016853537784,,,,
mild_z2,native_original,original_glcm_Idn,glcm,Idn,0.928487553126832,0.928487553126832,0.0,0.0,False,0.928487553126832,,,,
mild_z2,native_original,original_glcm_Imc1,glcm,Imc1,-0.3554414484150945,-0.3554414484150945,0.0,0.0,False,-0.3554414484150945,,,,
mild_z2,native_original,original_glcm_Imc2,glcm,Imc2,0.8936891348910181,0.8936891348910181,0.0,0.0,False,0.8936891348910181,,,,
mild_z2,native_original,original_glcm_InverseVariance,glcm,InverseVariance,0.31547116828531,0.31547116828531,0.0,0.0,False,0.31547116828531,,,,
mild_z2,native_original,original_glcm_JointAverage,glcm,JointAverage,5.67505992288611,5.67505992288611,0.0,0.0,False,5.67505992288611,,,,
mild_z2,native_original,original_glcm_JointEnergy,glcm,JointEnergy,0.055287016928315,0.055287016928315,0.0,0.0,False,0.055287016928315,,,,
mild_z2,native_original,original_glcm_JointEntropy,glcm,JointEntropy,4.6908746553418315,4.6908746553418315,0.0,0.0,False,4.6908746553418315,,,,
mild_z2,native_original,original_glcm_MCC,glcm,MCC,0.7655137585890059,0.7655137585890059,0.0,0.0,False,0.7655137585890059,,,,
mild_z2,native_original,original_glcm_MaximumProbability,glcm,MaximumProbability,0.1076572388849377,0.1076572388849377,0.0,0.0,False,0.1076572388849377,,,,
mild_z2,native_original,original_glcm_SumAverage,glcm,SumAverage,11.35011984577222,11.35011984577222,0.0,0.0,False,11.35011984577222,,,,
mild_z2,native_original,original_glcm_SumEntropy,glcm,SumEntropy,3.5846603778211015,3.5846603778211015,0.0,0.0,False,3.5846603778211015,,,,
mild_z2,native_original,original_glcm_SumSquares,glcm,SumSquares,3.1247296635417383,3.1247296635417383,0.0,0.0,False,3.1247296635417383,,,,
mild_z2,native_original,original_gldm_DependenceEntropy,gldm,DependenceEntropy,6.748581417208246,6.748581417208246,0.0,0.0,False,6.748581417208246,,,,
mild_z2,native_original,original_gldm_DependenceNonUniformity,gldm,DependenceNonUniformity,868.097971301336,868.097971301336,0.0,0.0,False,868.097971301336,,,,
mild_z2,native_original,original_gldm_DependenceNonUniformityNormalized,gldm,DependenceNonUniformityNormalized,0.0715898046595197,0.0715898046595197,0.0,0.0,False,0.0715898046595197,,,,
mild_z2,native_original,original_gldm_DependenceVariance,gldm,DependenceVariance,19.75530969571819,19.75530969571819,0.0,0.0,False,19.75530969571819,,,,
mild_z2,native_original,original_gldm_GrayLevelNonUniformity,gldm,GrayLevelNonUniformity,1871.541810984661,1871.541810984661,0.0,0.0,False,1871.541810984661,,,,
mild_z2,native_original,original_gldm_GrayLevelVariance,gldm,GrayLevelVariance,3.193851224412078,3.193851224412078,0.0,0.0,False,3.193851224412078,,,,
mild_z2,native_original,original_gldm_HighGrayLevelEmphasis,gldm,HighGrayLevelEmphasis,35.28814118423223,35.28814118423223,0.0,0.0,False,35.28814118423223,,,,
mild_z2,native_original,original_gldm_LargeDependenceEmphasis,gldm,LargeDependenceEmphasis,164.7585353785255,164.7585353785255,0.0,0.0,False,164.7585353785255,,,,
mild_z2,native_original,original_gldm_LargeDependenceHighGrayLevelEmphasis,gldm,LargeDependenceHighGrayLevelEmphasis,5844.428995546759,5844.428995546759,0.0,0.0,False,5844.428995546759,,,,
mild_z2,native_original,original_gldm_LargeDependenceLowGrayLevelEmphasis,gldm,LargeDependenceLowGrayLevelEmphasis,7.726119594189104,7.726119594189104,0.0,0.0,False,7.726119594189104,,,,
mild_z2,native_original,original_gldm_LowGrayLevelEmphasis,gldm,LowGrayLevelEmphasis,0.0509695439658383,0.0509695439658383,0.0,0.0,False,0.0509695439658383,,,,
mild_z2,native_original,original_gldm_SmallDependenceEmphasis,gldm,SmallDependenceEmphasis,0.0184646284013753,0.0184646284013753,0.0,0.0,False,0.0184646284013753,,,,
mild_z2,native_original,original_gldm_SmallDependenceHighGrayLevelEmphasis,gldm,SmallDependenceHighGrayLevelEmphasis,0.664409370361318,0.664409370361318,0.0,0.0,False,0.664409370361318,,,,
mild_z2,native_original,original_gldm_SmallDependenceLowGrayLevelEmphasis,gldm,SmallDependenceLowGrayLevelEmphasis,0.0012243385755492,0.0012243385755492,0.0,0.0,False,0.0012243385755492,,,,
mild_z2,native_original,original_glrlm_GrayLevelNonUniformity,glrlm,GrayLevelNonUniformity,1060.4856227970497,1060.4856227970497,0.0,0.0,False,1060.4856227970497,,,,
mild_z2,native_original,original_glrlm_GrayLevelNonUniformityNormalized,glrlm,GrayLevelNonUniformityNormalized,0.1510499332872742,0.1510499332872742,0.0,0.0,False,0.1510499332872742,,,,
mild_z2,native_original,original_glrlm_GrayLevelVariance,glrlm,GrayLevelVariance,3.328031593877766,3.328031593877766,0.0,0.0,False,3.328031593877766,,,,
mild_z2,native_original,original_glrlm_HighGrayLevelRunEmphasis,glrlm,HighGrayLevelRunEmphasis,35.176505801514004,35.176505801514004,0.0,0.0,False,35.176505801514004,,,,
mild_z2,native_original,original_glrlm_LongRunEmphasis,glrlm,LongRunEmphasis,8.538886686963691,8.538886686963691,0.0,0.0,False,8.538886686963691,,,,
mild_z2,native_original,original_glrlm_LongRunHighGrayLevelEmphasis,glrlm,LongRunHighGrayLevelEmphasis,305.59498132009577,305.59498132009577,0.0,0.0,False,305.59498132009577,,,,
mild_z2,native_original,original_glrlm_LongRunLowGrayLevelEmphasis,glrlm,LongRunLowGrayLevelEmphasis,0.3906957237542382,0.3906957237542382,0.0,0.0,False,0.3906957237542382,,,,
mild_z2,native_original,original_glrlm_LowGrayLevelRunEmphasis,glrlm,LowGrayLevelRunEmphasis,0.0539520416041134,0.0539520416041134,0.0,0.0,False,0.0539520416041134,,,,
mild_z2,native_original,original_glrlm_RunEntropy,glrlm,RunEntropy,4.465247063041276,4.465247063041276,0.0,0.0,False,4.465247063041276,,,,
mild_z2,native_original,original_glrlm_RunLengthNonUniformity,glrlm,RunLengthNonUniformity,3243.2719636032457,3243.2719636032457,0.0,0.0,False,3243.2719636032457,,,,
mild_z2,native_original,original_glrlm_RunLengthNonUniformityNormalized,glrlm,RunLengthNonUniformityNormalized,0.4103940546942009,0.4103940546942009,0.0,0.0,False,0.4103940546942009,,,,
mild_z2,native_original,original_glrlm_RunPercentage,glrlm,RunPercentage,0.5753181339524732,0.5753181339524732,0.0,0.0,False,0.5753181339524732,,,,
mild_z2,native_original,original_glrlm_RunVariance,glrlm,RunVariance,3.03727160188601,3.03727160188601,0.0,0.0,False,3.03727160188601,,,,
mild_z2,native_original,original_glrlm_ShortRunEmphasis,glrlm,ShortRunEmphasis,0.586800355325577,0.586800355325577,0.0,0.0,False,0.586800355325577,,,,
mild_z2,native_original,original_glrlm_ShortRunHighGrayLevelEmphasis,glrlm,ShortRunHighGrayLevelEmphasis,20.704940890205833,20.704940890205833,0.0,0.0,False,20.704940890205833,,,,
mild_z2,native_original,original_glrlm_ShortRunLowGrayLevelEmphasis,glrlm,ShortRunLowGrayLevelEmphasis,0.0327323362063336,0.0327323362063336,0.0,0.0,False,0.0327323362063336,,,,
mild_z2,native_original,original_glszm_GrayLevelNonUniformity,glszm,GrayLevelNonUniformity,16.81679389312977,16.81679389312977,0.0,0.0,False,16.81679389312977,,,,
mild_z2,native_original,original_glszm_GrayLevelNonUniformityNormalized,glszm,GrayLevelNonUniformityNormalized,0.1283724724666394,0.1283724724666394,0.0,0.0,False,0.1283724724666394,,,,
mild_z2,native_original,original_glszm_GrayLevelVariance,glszm,GrayLevelVariance,5.749198764640755,5.749198764640755,0.0,0.0,False,5.749198764640755,,,,
mild_z2,native_original,original_glszm_HighGrayLevelZoneEmphasis,glszm,HighGrayLevelZoneEmphasis,37.229007633587784,37.229007633587784,0.0,0.0,False,37.229007633587784,,,,
mild_z2,native_original,original_glszm_LargeAreaEmphasis,glszm,LargeAreaEmphasis,63002.30534351145,63002.30534351145,0.0,0.0,False,63002.30534351145,,,,
mild_z2,native_original,original_glszm_LargeAreaHighGrayLevelEmphasis,glszm,LargeAreaHighGrayLevelEmphasis,2073227.7709923664,2073227.7709923664,0.0,0.0,False,2073227.7709923664,,,,
mild_z2,native_original,original_glszm_LargeAreaLowGrayLevelEmphasis,glszm,LargeAreaLowGrayLevelEmphasis,2400.232267320061,2400.232267320061,0.0,0.0,False,2400.232267320061,,,,
mild_z2,native_original,original_glszm_LowGrayLevelZoneEmphasis,glszm,LowGrayLevelZoneEmphasis,0.0971847875423847,0.0971847875423847,0.0,0.0,False,0.0971847875423847,,,,
mild_z2,native_original,original_glszm_SizeZoneNonUniformity,glszm,SizeZoneNonUniformity,21.748091603053435,21.748091603053435,0.0,0.0,False,21.748091603053435,,,,
mild_z2,native_original,original_glszm_SizeZoneNonUniformityNormalized,glszm,SizeZoneNonUniformityNormalized,0.1660159664355224,0.1660159664355224,0.0,0.0,False,0.1660159664355224,,,,
mild_z2,native_original,original_glszm_SmallAreaEmphasis,glszm,SmallAreaEmphasis,0.4121020102836982,0.4121020102836982,0.0,0.0,False,0.4121020102836982,,,,
mild_z2,native_original,original_glszm_SmallAreaHighGrayLevelEmphasis,glszm,SmallAreaHighGrayLevelEmphasis,15.867735740185298,15.867735740185298,0.0,0.0,False,15.867735740185298,,,,
mild_z2,native_original,original_glszm_SmallAreaLowGrayLevelEmphasis,glszm,SmallAreaLowGrayLevelEmphasis,0.037983109452293,0.037983109452293,0.0,0.0,False,0.037983109452293,,,,
mild_z2,native_original,original_glszm_ZoneEntropy,glszm,ZoneEntropy,5.801185001517869,5.801185001517869,0.0,0.0,False,5.801185001517869,,,,
mild_z2,native_original,original_glszm_ZonePercentage,glszm,ZonePercentage,0.0108032327230743,0.0108032327230743,0.0,0.0,False,0.0108032327230743,,,,
mild_z2,native_original,original_glszm_ZoneVariance,glszm,ZoneVariance,54434.04731658994,54434.04731658994,0.0,0.0,False,54434.04731658994,,,,
mild_z2,native_original,original_ngtdm_Busyness,ngtdm,Busyness,25.022526338132504,25.022526338132504,0.0,0.0,False,25.022526338132504,,,,
mild_z2,native_original,original_ngtdm_Coarseness,ngtdm,Coarseness,0.0007897913675166,0.0007897913675166,0.0,0.0,False,0.0007897913675166,,,,
mild_z2,native_original,original_ngtdm_Complexity,ngtdm,Complexity,26.94568433418289,26.94568433418289,0.0,0.0,False,26.94568433418289,,,,
mild_z2,native_original,original_ngtdm_Contrast,ngtdm,Contrast,0.0491961938079195,0.0491961938079195,0.0,0.0,False,0.0491961938079195,,,,
mild_z2,native_original,original_ngtdm_Strength,ngtdm,Strength,0.0272954048475106,0.0272954048475106,0.0,0.0,False,0.0272954048475106,,,,
mild_z2,resample_bspline,original_glcm_Autocorrelation,glcm,Autocorrelation,34.58753758495539,60.301321375887376,25.713783790931984,0.4264215643077786,True,34.58753758495539,60.301321375887376,,,
mild_z2,resample_bspline,original_glcm_ClusterProminence,glcm,ClusterProminence,311.3041398881424,453.9731669351298,142.66902704698742,0.3142675326169091,True,311.3041398881424,453.9731669351298,,,
mild_z2,resample_bspline,original_glcm_ClusterShade,glcm,ClusterShade,0.4655828255547775,-2.9464321518567704,3.412014977411548,1.158015797262251,True,0.4655828255547775,-2.9464321518567704,,,
mild_z2,resample_bspline,original_glcm_ClusterTendency,glcm,ClusterTendency,11.011881190591271,13.099824275878388,2.087943085287117,0.15938710636995268,True,11.011881190591271,13.099824275878388,,,
mild_z2,resample_bspline,original_glcm_Contrast,glcm,Contrast,1.4870374635756822,1.6997200290651984,0.21268256548951614,0.12512799864250937,True,1.4870374635756822,1.6997200290651984,,,
mild_z2,resample_bspline,original_glcm_Correlation,glcm,Correlation,0.7621507062793819,0.7657056772590904,0.0035549709797085827,0.004642738176415131,True,0.7621507062793819,0.7657056772590904,,,
mild_z2,resample_bspline,original_glcm_DifferenceAverage,glcm,DifferenceAverage,0.839884673725355,0.7435118350439841,0.09637283868137092,0.11474532360961398,True,0.839884673725355,0.7435118350439841,,,
mild_z2,resample_bspline,original_glcm_DifferenceEntropy,glcm,DifferenceEntropy,1.4150890296130916,1.46460731892236,0.04951828930926849,0.03380994254876688,True,1.4150890296130916,1.46460731892236,,,
mild_z2,resample_bspline,original_glcm_DifferenceVariance,glcm,DifferenceVariance,0.6260606611850738,1.0447055106952368,0.418644849510163,0.4007300097723815,True,0.6260606611850738,1.0447055106952368,,,
mild_z2,resample_bspline,original_glcm_Id,glcm,Id,0.6834857947267582,0.7184020762407678,0.034916281514009606,0.04860270128493844,True,0.6834857947267582,0.7184020762407678,,,
mild_z2,resample_bspline,original_glcm_Idm,glcm,Idm,0.6447729421223551,0.7038073339939714,0.0590343918716163,0.08387862561279016,True,0.6447729421223551,0.7038073339939714,,,
mild_z2,resample_bspline,original_glcm_Idmn,glcm,Idmn,0.9857016853537784,0.9908338529375942,0.005132167583815739,0.0051796449713542225,True,0.9857016853537784,0.9908338529375942,,,
mild_z2,resample_bspline,original_glcm_Idn,glcm,Idn,0.928487553126832,0.950763782945301,0.022276229818468996,0.023429825807479862,True,0.928487553126832,0.950763782945301,,,
mild_z2,resample_bspline,original_glcm_Imc1,glcm,Imc1,-0.3554414484150945,-0.3922011294785526,0.036759681063458116,0.09372660683647599,True,-0.3554414484150945,-0.3922011294785526,,,
mild_z2,resample_bspline,original_glcm_Imc2,glcm,Imc2,0.8936891348910181,0.9273736169345818,0.03368448204356367,0.036322450227673254,True,0.8936891348910181,0.9273736169345818,,,
mild_z2,resample_bspline,original_glcm_InverseVariance,glcm,InverseVariance,0.31547116828531,0.4217200377240005,0.1062488694386905,0.2519417147264562,True,0.31547116828531,0.4217200377240005,,,
mild_z2,resample_bspline,original_glcm_JointAverage,glcm,JointAverage,5.67505992288611,7.579461121139233,1.9044011982531233,0.2512581261142325,True,5.67505992288611,7.579461121139233,,,
mild_z2,resample_bspline,original_glcm_JointEnergy,glcm,JointEnergy,0.055287016928315,0.0545907147531605,0.0006963021751545048,0.012594316239874696,True,0.055287016928315,0.0545907147531605,,,
mild_z2,resample_bspline,original_glcm_JointEntropy,glcm,JointEntropy,4.6908746553418315,4.780625029349227,0.08975037400739527,0.01877377402670143,True,4.6908746553418315,4.780625029349227,,,
mild_z2,resample_bspline,original_glcm_MCC,glcm,MCC,0.7655137585890059,0.8307961463769,0.06528238778789408,0.07857810616068744,True,0.7655137585890059,0.8307961463769,,,
mild_z2,resample_bspline,original_glcm_MaximumProbability,glcm,MaximumProbability,0.1076572388849377,0.1106752177143991,0.003017978829461407,0.027268786019011018,True,0.1076572388849377,0.1106752177143991,,,
mild_z2,resample_bspline,original_glcm_SumAverage,glcm,SumAverage,11.35011984577222,15.158922242278468,3.8088023965062483,0.25125812611423254,True,11.35011984577222,15.158922242278468,,,
mild_z2,resample_bspline,original_glcm_SumEntropy,glcm,SumEntropy,3.5846603778211015,3.8107900905168455,0.226129712695744,0.05933932526445579,True,3.5846603778211015,3.8107900905168455,,,
mild_z2,resample_bspline,original_glcm_SumSquares,glcm,SumSquares,3.1247296635417383,3.699886076235896,0.5751564126941577,0.15545246552004569,True,3.1247296635417383,3.699886076235896,,,
mild_z2,resample_bspline,original_gldm_DependenceEntropy,gldm,DependenceEntropy,6.748581417208246,7.2272073825394925,0.47862596533124613,0.0662255751076935,True,6.748581417208246,7.2272073825394925,,,
mild_z2,resample_bspline,original_gldm_DependenceNonUniformity,gldm,DependenceNonUniformity,868.097971301336,1422.7408048820716,554.6428335807357,0.3898410952139023,True,868.097971301336,1422.7408048820716,,,
mild_z2,resample_bspline,original_gldm_DependenceNonUniformityNormalized,gldm,DependenceNonUniformityNormalized,0.0715898046595197,0.0586648855715846,0.012924919087935097,0.18054133754667814,True,0.0715898046595197,0.0586648855715846,,,
mild_z2,resample_bspline,original_gldm_DependenceVariance,gldm,DependenceVariance,19.75530969571819,28.792163746111974,9.036854050393785,0.3138650547447689,True,19.75530969571819,28.792163746111974,,,
mild_z2,resample_bspline,original_gldm_GrayLevelNonUniformity,gldm,GrayLevelNonUniformity,1871.541810984661,3385.7044367474846,1514.1626257628236,0.44722232966602987,True,1871.541810984661,3385.7044367474846,,,
mild_z2,resample_bspline,original_gldm_GrayLevelVariance,gldm,GrayLevelVariance,3.193851224412078,4.00733831549205,0.8134870910799723,0.20299935444309658,True,3.193851224412078,4.00733831549205,,,
mild_z2,resample_bspline,original_gldm_HighGrayLevelEmphasis,gldm,HighGrayLevelEmphasis,35.28814118423223,59.96825004123371,24.68010885700148,0.4115529274246226,True,35.28814118423223,59.96825004123371,,,
mild_z2,resample_bspline,original_gldm_LargeDependenceEmphasis,gldm,LargeDependenceEmphasis,164.7585353785255,193.5416460498103,28.783110671284817,0.14871791812640228,True,164.7585353785255,193.5416460498103,,,
mild_z2,resample_bspline,original_gldm_LargeDependenceHighGrayLevelEmphasis,gldm,LargeDependenceHighGrayLevelEmphasis,5844.428995546759,12681.76216394524,6837.333168398482,0.5391469324221593,True,5844.428995546759,12681.76216394524,,,
mild_z2,resample_bspline,original_gldm_LargeDependenceLowGrayLevelEmphasis,gldm,LargeDependenceLowGrayLevelEmphasis,7.726119594189104,3.852839905352075,3.873279688837029,0.5013227716213665,True,7.726119594189104,3.852839905352075,,,
mild_z2,resample_bspline,original_gldm_LowGrayLevelEmphasis,gldm,LowGrayLevelEmphasis,0.0509695439658383,0.025021701302458,0.025947842663380297,0.5090852427632375,True,0.0509695439658383,0.025021701302458,,,
mild_z2,resample_bspline,original_gldm_SmallDependenceEmphasis,gldm,SmallDependenceEmphasis,0.0184646284013753,0.0159031767279869,0.0025614516733884,0.13872208081900067,True,0.0184646284013753,0.0159031767279869,,,
mild_z2,resample_bspline,original_gldm_SmallDependenceHighGrayLevelEmphasis,gldm,SmallDependenceHighGrayLevelEmphasis,0.664409370361318,0.846368586926745,0.18195921656542702,0.2149881498156027,True,0.664409370361318,0.846368586926745,,,
mild_z2,resample_bspline,original_gldm_SmallDependenceLowGrayLevelEmphasis,gldm,SmallDependenceLowGrayLevelEmphasis,0.0012243385755492,0.0007316943104011,0.0004926442651481001,0.40237584193336,True,0.0012243385755492,0.0007316943104011,,,
mild_z2,resample_bspline,original_glrlm_GrayLevelNonUniformity,glrlm,GrayLevelNonUniformity,1060.4856227970497,1764.771213493896,704.2855906968464,0.3990803937143223,True,1060.4856227970497,1764.771213493896,,,
mild_z2,resample_bspline,original_glrlm_GrayLevelNonUniformityNormalized,glrlm,GrayLevelNonUniformityNormalized,0.1510499332872742,0.1336381910735201,0.017411742213754106,0.11527143266352588,True,0.1510499332872742,0.1336381910735201,,,
mild_z2,resample_bspline,original_glrlm_GrayLevelVariance,glrlm,GrayLevelVariance,3.328031593877766,4.3183676609361745,0.9903360670584087,0.22933111416541935,True,3.328031593877766,4.3183676609361745,,,
mild_z2,resample_bspline,original_glrlm_HighGrayLevelRunEmphasis,glrlm,HighGrayLevelRunEmphasis,35.176505801514004,57.68916322770015,22.512657426186145,0.3902406650851961,True,35.176505801514004,57.68916322770015,,,
mild_z2,resample_bspline,original_glrlm_LongRunEmphasis,glrlm,LongRunEmphasis,8.538886686963691,9.425530759230575,0.8866440722668845,0.0940683442572801,True,8.538886686963691,9.425530759230575,,,
mild_z2,resample_bspline,original_glrlm_LongRunHighGrayLevelEmphasis,glrlm,LongRunHighGrayLevelEmphasis,305.59498132009577,569.4892505223887,263.89426920229295,0.463387621382185,True,305.59498132009577,569.4892505223887,,,
mild_z2,resample_bspline,original_glrlm_LongRunLowGrayLevelEmphasis,glrlm,LongRunLowGrayLevelEmphasis,0.3906957237542382,0.228350214421824,0.16234550933241423,0.4155292711484486,True,0.3906957237542382,0.228350214421824,,,
mild_z2,resample_bspline,original_glrlm_LowGrayLevelRunEmphasis,glrlm,LowGrayLevelRunEmphasis,0.0539520416041134,0.027680602928166,0.026271438675947396,0.48694058454211336,True,0.0539520416041134,0.027680602928166,,,
mild_z2,resample_bspline,original_glrlm_RunEntropy,glrlm,RunEntropy,4.465247063041276,4.90570694386212,0.4404598808208444,0.08978520035158953,True,4.465247063041276,4.90570694386212,,,
mild_z2,resample_bspline,original_glrlm_RunLengthNonUniformity,glrlm,RunLengthNonUniformity,3243.2719636032457,5919.387112344002,2676.1151487407565,0.45209328228595086,True,3243.2719636032457,5919.387112344002,,,
mild_z2,resample_bspline,original_glrlm_RunLengthNonUniformityNormalized,glrlm,RunLengthNonUniformityNormalized,0.4103940546942009,0.3986647952028755,0.011729259491325417,0.028580481021016013,True,0.4103940546942009,0.3986647952028755,,,
mild_z2,resample_bspline,original_glrlm_RunPercentage,glrlm,RunPercentage,0.5753181339524732,0.5447893274464279,0.03052880650604528,0.05306421735103391,True,0.5753181339524732,0.5447893274464279,,,
mild_z2,resample_bspline,original_glrlm_RunVariance,glrlm,RunVariance,3.03727160188601,3.634989196210123,0.5977175943241129,0.16443448991466036,True,3.03727160188601,3.634989196210123,,,
mild_z2,resample_bspline,original_glrlm_ShortRunEmphasis,glrlm,ShortRunEmphasis,0.586800355325577,0.6206648545542007,0.03386449922862378,0.054561651074874096,True,0.586800355325577,0.6206648545542007,,,
mild_z2,resample_bspline,original_glrlm_ShortRunHighGrayLevelEmphasis,glrlm,ShortRunHighGrayLevelEmphasis,20.704940890205833,33.945550709806156,13.240609819600323,0.39005435300760605,True,20.704940890205833,33.945550709806156,,,
mild_z2,resample_bspline,original_glrlm_ShortRunLowGrayLevelEmphasis,glrlm,ShortRunLowGrayLevelEmphasis,0.0327323362063336,0.0192863790153535,0.013445957190980098,0.4107851363318928,True,0.0327323362063336,0.0192863790153535,,,
mild_z2,resample_bspline,original_glszm_GrayLevelNonUniformity,glszm,GrayLevelNonUniformity,16.81679389312977,17.415300546448087,0.5985066533183172,0.0343667140123163,True,16.81679389312977,17.415300546448087,,,
mild_z2,resample_bspline,original_glszm_GrayLevelNonUniformityNormalized,glszm,GrayLevelNonUniformityNormalized,0.1283724724666394,0.0951655767565469,0.03320689571009251,0.25867614039078435,True,0.1283724724666394,0.0951655767565469,,,
mild_z2,resample_bspline,original_glszm_GrayLevelVariance,glszm,GrayLevelVariance,5.749198764640755,9.934844277225356,4.185645512584601,0.4213096245685277,True,5.749198764640755,9.934844277225356,,,
mild_z2,resample_bspline,original_glszm_HighGrayLevelZoneEmphasis,glszm,HighGrayLevelZoneEmphasis,37.229007633587784,53.43715846994535,16.208150836357568,0.303312363539568,True,37.229007633587784,53.43715846994535,,,
mild_z2,resample_bspline,original_glszm_LargeAreaEmphasis,glszm,LargeAreaEmphasis,63002.30534351145,351932.91803278687,288930.6126892754,0.8209820618779343,True,63002.30534351145,351932.91803278687,,,
mild_z2,resample_bspline,original_glszm_LargeAreaHighGrayLevelEmphasis,glszm,LargeAreaHighGrayLevelEmphasis,2073227.7709923664,20690896.81967213,18617669.048679765,0.8998000043661125,True,2073227.7709923664,20690896.81967213,,,
mild_z2,resample_bspline,original_glszm_LargeAreaLowGrayLevelEmphasis,glszm,LargeAreaLowGrayLevelEmphasis,2400.232267320061,6927.471059446672,4527.238792126611,0.6535196976323739,True,2400.232267320061,6927.471059446672,,,
mild_z2,resample_bspline,original_glszm_LowGrayLevelZoneEmphasis,glszm,LowGrayLevelZoneEmphasis,0.0971847875423847,0.072453190181491,0.024731597360893698,0.25448012992884955,True,0.0971847875423847,0.072453190181491,,,
mild_z2,resample_bspline,original_glszm_SizeZoneNonUniformity,glszm,SizeZoneNonUniformity,21.748091603053435,41.85245901639344,20.104367413340004,0.4803628719991149,True,21.748091603053435,41.85245901639344,,,
mild_z2,resample_bspline,original_glszm_SizeZoneNonUniformityNormalized,glszm,SizeZoneNonUniformityNormalized,0.1660159664355224,0.2287019618382155,0.0626859954026931,0.27409469905219863,True,0.1660159664355224,0.2287019618382155,,,
mild_z2,resample_bspline,original_glszm_SmallAreaEmphasis,glszm,SmallAreaEmphasis,0.4121020102836982,0.4938498342422864,0.0817478239585882,0.16553174323529715,True,0.4121020102836982,0.4938498342422864,,,
mild_z2,resample_bspline,original_glszm_SmallAreaHighGrayLevelEmphasis,glszm,SmallAreaHighGrayLevelEmphasis,15.867735740185298,25.61753626985075,9.749800529665452,0.38059087442924716,True,15.867735740185298,25.61753626985075,,,
mild_z2,resample_bspline,original_glszm_SmallAreaLowGrayLevelEmphasis,glszm,SmallAreaLowGrayLevelEmphasis,0.037983109452293,0.0367494853257613,0.0012336241265317044,0.032478228989681404,True,0.037983109452293,0.0367494853257613,,,
mild_z2,resample_bspline,original_glszm_ZoneEntropy,glszm,ZoneEntropy,5.801185001517869,5.9261279037947645,0.12494290227689575,0.02108339615769839,True,5.801185001517869,5.9261279037947645,,,
mild_z2,resample_bspline,original_glszm_ZonePercentage,glszm,ZonePercentage,0.0108032327230743,0.0075457694210786,0.0032574633019956997,0.3015267175572532,True,0.0108032327230743,0.0075457694210786,,,
mild_z2,resample_bspline,original_glszm_ZoneVariance,glszm,ZoneVariance,54434.04731658994,334370.1510346681,279936.1037180782,0.8372042266687073,True,54434.04731658994,334370.1510346681,,,
mild_z2,resample_bspline,original_ngtdm_Busyness,ngtdm,Busyness,25.022526338132504,15.315485181645112,9.707041156487392,0.38793209867440803,True,25.022526338132504,15.315485181645112,,,
mild_z2,resample_bspline,original_ngtdm_Coarseness,ngtdm,Coarseness,0.0007897913675166,0.0006238674529737,0.00016592391454290007,0.21008575348781922,True,0.0007897913675166,0.0006238674529737,,,
mild_z2,resample_bspline,original_ngtdm_Complexity,ngtdm,Complexity,26.94568433418289,39.06611430921557,12.120429975032682,0.31025430067339743,True,26.94568433418289,39.06611430921557,,,
mild_z2,resample_bspline,original_ngtdm_Contrast,ngtdm,Contrast,0.0491961938079195,0.0296019241140808,0.019594269693838703,0.39828832633561295,True,0.0491961938079195,0.0296019241140808,,,
mild_z2,resample_bspline,original_ngtdm_Strength,ngtdm,Strength,0.0272954048475106,0.0339355042874335,0.0066400994399229,0.195668211784369,True,0.0272954048475106,0.0339355042874335,,,
mild_z2,resample_linear,original_glcm_Autocorrelation,glcm,Autocorrelation,34.58753758495539,59.18256870151155,24.595031116556157,0.415578972933765,True,34.58753758495539,,59.18256870151155,,
mild_z2,resample_linear,original_glcm_ClusterProminence,glcm,ClusterProminence,311.3041398881424,393.27799463271583,81.97385474457343,0.2084374306808831,True,311.3041398881424,,393.27799463271583,,
mild_z2,resample_linear,original_glcm_ClusterShade,glcm,ClusterShade,0.4655828255547775,-2.980002194676323,3.4455850202311002,1.1562357324388974,True,0.4655828255547775,,-2.980002194676323,,
mild_z2,resample_linear,original_glcm_ClusterTendency,glcm,ClusterTendency,11.011881190591271,12.11082553950426,1.0989443489129886,0.09074066382414195,True,11.011881190591271,,12.11082553950426,,
mild_z2,resample_linear,original_glcm_Contrast,glcm,Contrast,1.4870374635756822,1.539888989250791,0.05285152567510876,0.0343216465888381,True,1.4870374635756822,,1.539888989250791,,
mild_z2,resample_linear,original_glcm_Correlation,glcm,Correlation,0.7621507062793819,0.7690671355842235,0.006916429304841598,0.0089932711785786,True,0.7621507062793819,,0.7690671355842235,,
mild_z2,resample_linear,original_glcm_DifferenceAverage,glcm,DifferenceAverage,0.839884673725355,0.6603900606209083,0.1794946131044467,0.21371340461338387,True,0.839884673725355,,0.6603900606209083,,
mild_z2,resample_linear,original_glcm_DifferenceEntropy,glcm,DifferenceEntropy,1.4150890296130916,1.3150343156037456,0.10005471400934596,0.0707055965494288,True,1.4150890296130916,,1.3150343156037456,,
mild_z2,resample_linear,original_glcm_DifferenceVariance,glcm,DifferenceVariance,0.6260606611850738,1.0260497824621388,0.3999891212770651,0.3898340296094012,True,0.6260606611850738,,1.0260497824621388,,
mild_z2,resample_linear,original_glcm_Id,glcm,Id,0.6834857947267582,0.7448944346179934,0.06140863989123524,0.08243938608928879,True,0.6834857947267582,,0.7448944346179934,,
mild_z2,resample_linear,original_glcm_Idm,glcm,Idm,0.6447729421223551,0.7364094428900414,0.09163650076768626,0.12443688990197965,True,0.6447729421223551,,0.7364094428900414,,
mild_z2,resample_linear,original_glcm_Idmn,glcm,Idmn,0.9857016853537784,0.9905204872965908,0.004818801942812367,0.004864919004314827,True,0.9857016853537784,,0.9905204872965908,,
mild_z2,resample_linear,original_glcm_Idn,glcm,Idn,0.928487553126832,0.9531654789926242,0.024677925865792205,0.0258904947878239,True,0.928487553126832,,0.9531654789926242,,
mild_z2,resample_linear,original_glcm_Imc1,glcm,Imc1,-0.3554414484150945,-0.4444262221075795,0.08898477369248498,0.2002239500416899,True,-0.3554414484150945,,-0.4444262221075795,,
mild_z2,resample_linear,original_glcm_Imc2,glcm,Imc2,0.8936891348910181,0.9490823623314936,0.05539322744047548,0.058365037260199176,True,0.8936891348910181,,0.9490823623314936,,
mild_z2,resample_linear,original_glcm_InverseVariance,glcm,InverseVariance,0.31547116828531,0.418444651206302,0.10297348292099195,0.24608626881509324,True,0.31547116828531,,0.418444651206302,,
mild_z2,resample_linear,original_glcm_JointAverage,glcm,JointAverage,5.67505992288611,7.519095015920349,1.8440350930342388,0.24524694649154213,True,5.67505992288611,,7.519095015920349,,
mild_z2,resample_linear,original_glcm_JointEnergy,glcm,JointEnergy,0.055287016928315,0.0622984301699755,0.007011413241660498,0.11254558457621655,True,0.055287016928315,,0.0622984301699755,,
mild_z2,resample_linear,original_glcm_JointEntropy,glcm,JointEntropy,4.6908746553418315,4.5348149369654,0.15605971837643118,0.03326878883849836,True,4.6908746553418315,,4.5348149369654,,
mild_z2,resample_linear,original_glcm_MCC,glcm,MCC,0.7655137585890059,0.8612574774030691,0.09574371881406318,0.11116735857290566,True,0.7655137585890059,,0.8612574774030691,,
mild_z2,resample_linear,original_glcm_MaximumProbability,glcm,MaximumProbability,0.1076572388849377,0.1152772057912991,0.007619966906361408,0.06610124572377993,True,0.1076572388849377,,0.1152772057912991,,
mild_z2,resample_linear,original_glcm_SumAverage,glcm,SumAverage,11.35011984577222,15.038190031840696,3.688070186068476,0.24524694649154205,True,11.35011984577222,,15.038190031840696,,
mild_z2,resample_linear,original_glcm_SumEntropy,glcm,SumEntropy,3.5846603778211015,3.7468640205574215,0.16220364273632004,0.04329050690027149,True,3.5846603778211015,,3.7468640205574215,,
mild_z2,resample_linear,original_glcm_SumSquares,glcm,SumSquares,3.1247296635417383,3.4126786321887623,0.287948968647024,0.08437623335847023,True,3.1247296635417383,,3.4126786321887623,,
mild_z2,resample_linear,original_gldm_DependenceEntropy,gldm,DependenceEntropy,6.748581417208246,7.120348981431219,0.3717675642229725,0.05221198640579071,True,6.748581417208246,,7.120348981431219,,
mild_z2,resample_linear,original_gldm_DependenceNonUniformity,gldm,DependenceNonUniformity,868.097971301336,1585.1556160316677,717.0576447303317,0.4523578868082606,True,868.097971301336,,1585.1556160316677,,
mild_z2,resample_linear,original_gldm_DependenceNonUniformityNormalized,gldm,DependenceNonUniformityNormalized,0.0715898046595197,0.0653618512300704,0.00622795342944929,0.08699497727461845,True,0.0715898046595197,,0.0653618512300704,,
mild_z2,resample_linear,original_gldm_DependenceVariance,gldm,DependenceVariance,19.75530969571819,31.535121411555053,11.779811715836864,0.37354578604921823,True,19.75530969571819,,31.535121411555053,,
mild_z2,resample_linear,original_gldm_GrayLevelNonUniformity,gldm,GrayLevelNonUniformity,1871.541810984661,3529.549727857496,1658.0079168728348,0.4697505474386041,True,1871.541810984661,,3529.549727857496,,
mild_z2,resample_linear,original_gldm_GrayLevelVariance,gldm,GrayLevelVariance,3.193851224412078,3.729217222680465,0.5353659982683872,0.14355988570801995,True,3.193851224412078,,3.729217222680465,,
mild_z2,resample_linear,original_gldm_HighGrayLevelEmphasis,gldm,HighGrayLevelEmphasis,35.28814118423223,58.76735939303975,23.479218208807517,0.3995282151742951,True,35.28814118423223,,58.76735939303975,,
mild_z2,resample_linear,original_gldm_LargeDependenceEmphasis,gldm,LargeDependenceEmphasis,164.7585353785255,220.165841992413,55.4073066138875,0.25166168426706653,True,164.7585353785255,,220.165841992413,,
mild_z2,resample_linear,original_gldm_LargeDependenceHighGrayLevelEmphasis,gldm,LargeDependenceHighGrayLevelEmphasis,5844.428995546759,13421.03043047996,7576.6014349332,0.5645320211573537,True,5844.428995546759,,13421.03043047996,,
mild_z2,resample_linear,original_gldm_LargeDependenceLowGrayLevelEmphasis,gldm,LargeDependenceLowGrayLevelEmphasis,7.726119594189104,4.675164603995327,3.0509549901937767,0.39488839811493887,True,7.726119594189104,,4.675164603995327,,
mild_z2,resample_linear,original_gldm_LowGrayLevelEmphasis,gldm,LowGrayLevelEmphasis,0.0509695439658383,0.0249239715246254,0.0260455724412129,0.5110026579533382,True,0.0509695439658383,,0.0249239715246254,,
mild_z2,resample_linear,original_gldm_SmallDependenceEmphasis,gldm,SmallDependenceEmphasis,0.0184646284013753,0.0130265092929411,0.005438119108434201,0.2945154914695794,True,0.0184646284013753,,0.0130265092929411,,
mild_z2,resample_linear,original_gldm_SmallDependenceHighGrayLevelEmphasis,gldm,SmallDependenceHighGrayLevelEmphasis,0.664409370361318,0.6900599319673231,0.025650561606005096,0.03717149832606097,True,0.664409370361318,,0.6900599319673231,,
mild_z2,resample_linear,original_gldm_SmallDependenceLowGrayLevelEmphasis,gldm,SmallDependenceLowGrayLevelEmphasis,0.0012243385755492,0.0005621676636602,0.0006621709118890001,0.5408397032593463,True,0.0012243385755492,,0.0005621676636602,,
mild_z2,resample_linear,original_glrlm_GrayLevelNonUniformity,glrlm,GrayLevelNonUniformity,1060.4856227970497,1711.0293326588703,650.5437098618206,0.3802060534233519,True,1060.4856227970497,,1711.0293326588703,,
mild_z2,resample_linear,original_glrlm_GrayLevelNonUniformityNormalized,glrlm,GrayLevelNonUniformityNormalized,0.1510499332872742,0.1385082522524047,0.012541681034869495,0.08303003359172036,True,0.1510499332872742,,0.1385082522524047,,
mild_z2,resample_linear,original_glrlm_GrayLevelVariance,glrlm,GrayLevelVariance,3.328031593877766,4.117445629162782,0.7894140352850165,0.19172421602699619,True,3.328031593877766,,4.117445629162782,,
mild_z2,resample_linear,original_glrlm_HighGrayLevelRunEmphasis,glrlm,HighGrayLevelRunEmphasis,35.176505801514004,57.64239521840056,22.465889416886554,0.3897459384150472,True,35.176505801514004,,57.64239521840056,,
mild_z2,resample_linear,original_glrlm_LongRunEmphasis,glrlm,LongRunEmphasis,8.538886686963691,10.58662343983944,2.0477367528757497,0.1934268054883046,True,8.538886686963691,,10.58662343983944,,
mild_z2,resample_linear,original_glrlm_LongRunHighGrayLevelEmphasis,glrlm,LongRunHighGrayLevelEmphasis,305.59498132009577,620.86731695225,315.27233563215424,0.5077934157974068,True,305.59498132009577,,620.86731695225,,
mild_z2,resample_linear,original_glrlm_LongRunLowGrayLevelEmphasis,glrlm,LongRunLowGrayLevelEmphasis,0.3906957237542382,0.2627633991963672,0.127932324557871,0.32744746558410015,True,0.3906957237542382,,0.2627633991963672,,
mild_z2,resample_linear,original_glrlm_LowGrayLevelRunEmphasis,glrlm,LowGrayLevelRunEmphasis,0.0539520416041134,0.0272020239085064,0.026750017695606997,0.4958110369926674,True,0.0539520416041134,,0.0272020239085064,,
mild_z2,resample_linear,original_glrlm_RunEntropy,glrlm,RunEntropy,4.465247063041276,4.958195483807131,0.4929484207658552,0.09942093295348385,True,4.465247063041276,,4.958195483807131,,
mild_z2,resample_linear,original_glrlm_RunLengthNonUniformity,glrlm,RunLengthNonUniformity,3243.2719636032457,5177.906864008198,1934.634900404952,0.37363261858815255,True,3243.2719636032457,,5177.906864008198,,
mild_z2,resample_linear,original_glrlm_RunLengthNonUniformityNormalized,glrlm,RunLengthNonUniformityNormalized,0.4103940546942009,0.3723766176369806,0.03801743705722033,0.09263642253674571,True,0.4103940546942009,,0.3723766176369806,,
mild_z2,resample_linear,original_glrlm_RunPercentage,glrlm,RunPercentage,0.5753181339524732,0.5102196170974004,0.06509851685507284,0.11315220747144153,True,0.5753181339524732,,0.5102196170974004,,
mild_z2,resample_linear,original_glrlm_RunVariance,glrlm,RunVariance,3.03727160188601,4.0156725010708065,0.9784008991847966,0.2436455908503244,True,3.03727160188601,,4.0156725010708065,,
mild_z2,resample_linear,original_glrlm_ShortRunEmphasis,glrlm,ShortRunEmphasis,0.586800355325577,0.5915240934450503,0.004723738119473353,0.007985707043583281,True,0.586800355325577,,0.5915240934450503,,
mild_z2,resample_linear,original_glrlm_ShortRunHighGrayLevelEmphasis,glrlm,ShortRunHighGrayLevelEmphasis,20.704940890205833,33.107184176622795,12.402243286416962,0.3746088226728224,True,20.704940890205833,,33.107184176622795,,
mild_z2,resample_linear,original_glrlm_ShortRunLowGrayLevelEmphasis,glrlm,ShortRunLowGrayLevelEmphasis,0.0327323362063336,0.0180272640221568,0.014705072184176798,0.44925214294149335,True,0.0327323362063336,,0.0180272640221568,,
mild_z2,resample_linear,original_glszm_GrayLevelNonUniformity,glszm,GrayLevelNonUniformity,16.81679389312977,15.192592592592591,1.6242013005371785,0.09658210184764884,True,16.81679389312977,,15.192592592592591,,
mild_z2,resample_linear,original_glszm_GrayLevelNonUniformityNormalized,glszm,GrayLevelNonUniformityNormalized,0.1283724724666394,0.1125377229080932,0.015834749558546204,0.1233500395706816,True,0.1283724724666394,,0.1125377229080932,,
mild_z2,resample_linear,original_glszm_GrayLevelVariance,glszm,GrayLevelVariance,5.749198764640755,9.666611796982169,3.917413032341414,0.40525192431585966,True,5.749198764640755,,9.666611796982169,,
mild_z2,resample_linear,original_glszm_HighGrayLevelZoneEmphasis,glszm,HighGrayLevelZoneEmphasis,37.229007633587784,45.577777777777776,8.348770144189992,0.18317633178378823,True,37.229007633587784,,45.577777777777776,,
mild_z2,resample_linear,original_glszm_LargeAreaEmphasis,glszm,LargeAreaEmphasis,63002.30534351145,611254.8592592593,548252.5539157479,0.8969295631942135,True,63002.30534351145,,611254.8592592593,,
mild_z2,resample_linear,original_glszm_LargeAreaHighGrayLevelEmphasis,glszm,LargeAreaHighGrayLevelEmphasis,2073227.7709923664,36257682.47407407,34184454.703081705,0.9428196280202182,True,2073227.7709923664,,36257682.47407407,,
mild_z2,resample_linear,original_glszm_LargeAreaLowGrayLevelEmphasis,glszm,LargeAreaLowGrayLevelEmphasis,2400.232267320061,11785.000703743037,9384.768436422975,0.7963315974552532,True,2400.232267320061,,11785.000703743037,,
mild_z2,resample_linear,original_glszm_LowGrayLevelZoneEmphasis,glszm,LowGrayLevelZoneEmphasis,0.0971847875423847,0.0718463057609081,0.0253384817814766,0.26072477413634165,True,0.0971847875423847,,0.0718463057609081,,
mild_z2,resample_linear,original_glszm_SizeZoneNonUniformity,glszm,SizeZoneNonUniformity,21.748091603053435,35.577777777777776,13.82968617472434,0.3887169755544006,True,21.748091603053435,,35.577777777777776,,
mild_z2,resample_linear,original_glszm_SizeZoneNonUniformityNormalized,glszm,SizeZoneNonUniformityNormalized,0.1660159664355224,0.2635390946502057,0.09752312821468329,0.3700518450369776,True,0.1660159664355224,,0.2635390946502057,,
mild_z2,resample_linear,original_glszm_SmallAreaEmphasis,glszm,SmallAreaEmphasis,0.4121020102836982,0.5265253685880661,0.1144233583043679,0.2173178447435616,True,0.4121020102836982,,0.5265253685880661,,
mild_z2,resample_linear,original_glszm_SmallAreaHighGrayLevelEmphasis,glszm,SmallAreaHighGrayLevelEmphasis,15.867735740185298,25.3676843625906,9.499948622405304,0.37449017760622866,True,15.867735740185298,,25.3676843625906,,
mild_z2,resample_linear,original_glszm_SmallAreaLowGrayLevelEmphasis,glszm,SmallAreaLowGrayLevelEmphasis,0.037983109452293,0.032818936628156,0.005164172824137003,0.13595971732180676,True,0.037983109452293,,0.032818936628156,,
mild_z2,resample_linear,original_glszm_ZoneEntropy,glszm,ZoneEntropy,5.801185001517869,5.422910875866784,0.3782741256510844,0.06520635448655916,True,5.801185001517869,,5.422910875866784,,
mild_z2,resample_linear,original_glszm_ZonePercentage,glszm,ZonePercentage,0.0108032327230743,0.0055665512122711,0.005236681510803199,0.48473282442748167,True,0.0108032327230743,,0.0055665512122711,,
mild_z2,resample_linear,original_glszm_ZoneVariance,glszm,ZoneVariance,54434.04731658994,578982.7328395062,524548.6855229163,0.9059832975508113,True,54434.04731658994,,578982.7328395062,,
mild_z2,resample_linear,original_ngtdm_Busyness,ngtdm,Busyness,25.022526338132504,16.123669316744785,8.89885702138772,0.35563383573410456,True,25.022526338132504,,16.123669316744785,,
mild_z2,resample_linear,original_ngtdm_Coarseness,ngtdm,Coarseness,0.0007897913675166,0.0006719447464082,0.00011784662110840007,0.14921234386108068,True,0.0007897913675166,,0.0006719447464082,,
mild_z2,resample_linear,original_ngtdm_Complexity,ngtdm,Complexity,26.94568433418289,29.61253642938374,2.666852095200852,0.09005821239124268,True,26.94568433418289,,29.61253642938374,,
mild_z2,resample_linear,original_ngtdm_Contrast,ngtdm,Contrast,0.0491961938079195,0.0300122740983926,0.0191839197095269,0.3899472342195447,True,0.0491961938079195,,0.0300122740983926,,
mild_z2,resample_linear,original_ngtdm_Strength,ngtdm,Strength,0.0272954048475106,0.0307227257473678,0.0034273208998572002,0.11155653726951097,True,0.0272954048475106,,0.0307227257473678,,
mild_z2,resample_nearest,original_glcm_Autocorrelation,glcm,Autocorrelation,34.58753758495539,34.91267555223764,0.3251379672822452,0.00931289172597963,True,34.58753758495539,,,34.91267555223764,
mild_z2,resample_nearest,original_glcm_ClusterProminence,glcm,ClusterProminence,311.3041398881424,348.76172169509266,37.45758180695026,0.10740164265990695,True,311.3041398881424,,,348.76172169509266,
mild_z2,resample_nearest,original_glcm_ClusterShade,glcm,ClusterShade,0.4655828255547775,0.3823292467070684,0.08325357884770906,0.17881582884528885,True,0.4655828255547775,,,0.3823292467070684,
mild_z2,resample_nearest,original_glcm_ClusterTendency,glcm,ClusterTendency,11.011881190591271,11.67349108551428,0.6616098949230089,0.056676266771986096,True,11.011881190591271,,,11.67349108551428,
mild_z2,resample_nearest,original_glcm_Contrast,glcm,Contrast,1.4870374635756822,0.8255547870851264,0.6614826764905558,0.44483255647102254,True,1.4870374635756822,,,0.8255547870851264,
mild_z2,resample_nearest,original_glcm_Correlation,glcm,Correlation,0.7621507062793819,0.867884033317856,0.10573332703847416,0.12182886535458375,True,0.7621507062793819,,,0.867884033317856,
mild_z2,resample_nearest,original_glcm_DifferenceAverage,glcm,DifferenceAverage,0.839884673725355,0.5190221286664185,0.3208625450589365,0.3820316706527492,True,0.839884673725355,,,0.5190221286664185,
mild_z2,resample_nearest,original_glcm_DifferenceEntropy,glcm,DifferenceEntropy,1.4150890296130916,1.2612574578769082,0.15383157173618334,0.10870805194373064,True,1.4150890296130916,,,1.2612574578769082,
mild_z2,resample_nearest,original_glcm_DifferenceVariance,glcm,DifferenceVariance,0.6260606611850738,0.5216433018863657,0.1044173592987081,0.16678473153233409,True,0.6260606611850738,,,0.5216433018863657,
mild_z2,resample_nearest,original_glcm_Id,glcm,Id,0.6834857947267582,0.7894784720231711,0.10599267729641293,0.13425657703469596,True,0.6834857947267582,,,0.7894784720231711,
mild_z2,resample_nearest,original_glcm_Idm,glcm,Idm,0.6447729421223551,0.7711422015086615,0.1263692593863064,0.16387283582597054,True,0.6447729421223551,,,0.7711422015086615,
mild_z2,resample_nearest,original_glcm_Idmn,glcm,Idmn,0.9857016853537784,0.9920274234178288,0.006325738064050346,0.006376575802971556,True,0.9857016853537784,,,0.9920274234178288,
mild_z2,resample_nearest,original_glcm_Idn,glcm,Idn,0.928487553126832,0.9551090272298136,0.026621474102981657,0.027872707035545723,True,0.928487553126832,,,0.9551090272298136,
mild_z2,resample_nearest,original_glcm_Imc1,glcm,Imc1,-0.3554414484150945,-0.4492095822889498,0.0937681338738553,0.2087402797510669,True,-0.3554414484150945,,,-0.4492095822889498,
mild_z2,resample_nearest,original_glcm_Imc2,glcm,Imc2,0.8936891348910181,0.9491749714918029,0.055485836600784766,0.05845691075648421,True,0.8936891348910181,,,0.9491749714918029,
mild_z2,resample_nearest,original_glcm_InverseVariance,glcm,InverseVariance,0.31547116828531,0.2706322085470135,0.04483895973829655,0.14213330486589662,True,0.31547116828531,,,0.2706322085470135,
mild_z2,resample_nearest,original_glcm_JointAverage,glcm,JointAverage,5.67505992288611,5.67456289440158,0.0004970284845295936,8.758118703296874e-05,True,5.67505992288611,,,5.67456289440158,
mild_z2,resample_nearest,original_glcm_JointEnergy,glcm,JointEnergy,0.055287016928315,0.0705990036799277,0.015311986751612702,0.2168867257820257,True,0.055287016928315,,,0.0705990036799277,
mild_z2,resample_nearest,original_glcm_JointEntropy,glcm,JointEntropy,4.6908746553418315,4.422969574368621,0.2679050809732102,0.05711196752361048,True,4.6908746553418315,,,4.422969574368621,
mild_z2,resample_nearest,original_glcm_MCC,glcm,MCC,0.7655137585890059,0.8702652613701607,0.10475150278115475,0.12036732641290561,True,0.7655137585890059,,,0.8702652613701607,
mild_z2,resample_nearest,original_glcm_MaximumProbability,glcm,MaximumProbability,0.1076572388849377,0.1445961337229467,0.036938894838008995,0.25546253476448916,True,0.1076572388849377,,,0.1445961337229467,
mild_z2,resample_nearest,original_glcm_SumAverage,glcm,SumAverage,11.35011984577222,11.349125788803162,0.0009940569690574108,8.758118703281224e-05,True,11.35011984577222,,,11.349125788803162,
mild_z2,resample_nearest,original_glcm_SumEntropy,glcm,SumEntropy,3.5846603778211015,3.5921984138039127,0.00753803598281122,0.0020984464426698837,True,3.5846603778211015,,,3.5921984138039127,
mild_z2,resample_nearest,original_glcm_SumSquares,glcm,SumSquares,3.1247296635417383,3.124761468149851,3.180460811247343e-05,1.01782515038835e-05,True,3.1247296635417383,,,3.124761468149851,
mild_z2,resample_nearest,original_gldm_DependenceEntropy,gldm,DependenceEntropy,6.748581417208246,6.801460758056764,0.05287934084851731,0.007774703512900278,True,6.748581417208246,,,6.801460758056764,
mild_z2,resample_nearest,original_gldm_DependenceNonUniformity,gldm,DependenceNonUniformity,868.097971301336,2075.8487547418767,1207.7507834405408,0.5818105874436501,True,868.097971301336,,,2075.8487547418767,
mild_z2,resample_nearest,original_gldm_DependenceNonUniformityNormalized,gldm,DependenceNonUniformityNormalized,0.0715898046595197,0.0855949511274071,0.014005146467887405,0.16362117488730038,True,0.0715898046595197,,,0.0855949511274071,
mild_z2,resample_nearest,original_gldm_DependenceVariance,gldm,DependenceVariance,19.75530969571819,32.83296856833584,13.077658872617654,0.39830875619421646,True,19.75530969571819,,,32.83296856833584,
mild_z2,resample_nearest,original_gldm_GrayLevelNonUniformity,gldm,GrayLevelNonUniformity,1871.541810984661,3743.083621969322,1871.541810984661,0.5,True,1871.541810984661,,,3743.083621969322,
mild_z2,resample_nearest,original_gldm_GrayLevelVariance,gldm,GrayLevelVariance,3.193851224412078,3.193851224412078,0.0,0.0,False,3.193851224412078,,,3.193851224412078,
mild_z2,resample_nearest,original_gldm_HighGrayLevelEmphasis,gldm,HighGrayLevelEmphasis,35.28814118423223,35.28814118423223,0.0,0.0,False,35.28814118423223,,,35.28814118423223,
mild_z2,resample_nearest,original_gldm_LargeDependenceEmphasis,gldm,LargeDependenceEmphasis,164.7585353785255,293.47996041563584,128.72142503711035,0.43860379718877873,True,164.7585353785255,,,293.47996041563584,
mild_z2,resample_nearest,original_gldm_LargeDependenceHighGrayLevelEmphasis,gldm,LargeDependenceHighGrayLevelEmphasis,5844.428995546759,10426.630710869207,4582.201715322448,0.4394709894679349,True,5844.428995546759,,,10426.630710869207,
mild_z2,resample_nearest,original_gldm_LargeDependenceLowGrayLevelEmphasis,gldm,LargeDependenceLowGrayLevelEmphasis,7.726119594189104,13.729170198478563,6.003050604289459,0.4372478829750908,True,7.726119594189104,,,13.729170198478563,
mild_z2,resample_nearest,original_gldm_LowGrayLevelEmphasis,gldm,LowGrayLevelEmphasis,0.0509695439658383,0.0509695439658383,0.0,0.0,False,0.0509695439658383,,,0.0509695439658383,
mild_z2,resample_nearest,original_gldm_SmallDependenceEmphasis,gldm,SmallDependenceEmphasis,0.0184646284013753,0.0082491557355209,0.010215472665854401,0.5532455050703063,True,0.0184646284013753,,,0.0082491557355209,
mild_z2,resample_nearest,original_gldm_SmallDependenceHighGrayLevelEmphasis,gldm,SmallDependenceHighGrayLevelEmphasis,0.664409370361318,0.2939901804103844,0.3704191899509336,0.5575165048462409,True,0.664409370361318,,,0.2939901804103844,
mild_z2,resample_nearest,original_gldm_SmallDependenceLowGrayLevelEmphasis,gldm,SmallDependenceLowGrayLevelEmphasis,0.0012243385755492,0.0005076422378324,0.0007166963377168,0.5853743008916569,True,0.0012243385755492,,,0.0005076422378324,
mild_z2,resample_nearest,original_glrlm_GrayLevelNonUniformity,glrlm,GrayLevelNonUniformity,1060.4856227970497,1518.4409053027805,457.9552825057308,0.30159572289341974,True,1060.4856227970497,,,1518.4409053027805,
mild_z2,resample_nearest,original_glrlm_GrayLevelNonUniformityNormalized,glrlm,GrayLevelNonUniformityNormalized,0.1510499332872742,0.1496540944472149,0.0013958388400593102,0.009240910006922249,True,0.1510499332872742,,,0.1496540944472149,
mild_z2,resample_nearest,original_glrlm_GrayLevelVariance,glrlm,GrayLevelVariance,3.328031593877766,3.378319092938215,0.05028749906044938,0.014885360937504866,True,3.328031593877766,,,3.378319092938215,
mild_z2,resample_nearest,original_glrlm_HighGrayLevelRunEmphasis,glrlm,HighGrayLevelRunEmphasis,35.176505801514004,35.11513644124269,0.06136936027131412,0.0017446121743187116,True,35.176505801514004,,,35.11513644124269,
mild_z2,resample_nearest,original_glrlm_LongRunEmphasis,glrlm,LongRunEmphasis,8.538886686963691,10.947086247310567,2.408199560346876,0.21998543776326895,True,8.538886686963691,,,10.947086247310567,
mild_z2,resample_nearest,original_glrlm_LongRunHighGrayLevelEmphasis,glrlm,LongRunHighGrayLevelEmphasis,305.59498132009577,390.92894615528337,85.3339648351876,0.21828510186936004,True,305.59498132009577,,,390.92894615528337,
mild_z2,resample_nearest,original_glrlm_LongRunLowGrayLevelEmphasis,glrlm,LongRunLowGrayLevelEmphasis,0.3906957237542382,0.5070571409042249,0.11636141714998671,0.22948383478532952,True,0.3906957237542382,,,0.5070571409042249,
mild_z2,resample_nearest,original_glrlm_LowGrayLevelRunEmphasis,glrlm,LowGrayLevelRunEmphasis,0.0539520416041134,0.0550788234607977,0.0011267818566843002,0.020457623926667317,True,0.0539520416041134,,,0.0550788234607977,
mild_z2,resample_nearest,original_glrlm_RunEntropy,glrlm,RunEntropy,4.465247063041276,4.995963299799543,0.5307162367582672,0.10622901028507585,True,4.465247063041276,,,4.995963299799543,
mild_z2,resample_nearest,original_glrlm_RunLengthNonUniformity,glrlm,RunLengthNonUniformity,3243.2719636032457,2959.1766689855167,284.095294617729,0.08759527347873156,True,3243.2719636032457,,,2959.1766689855167,
mild_z2,resample_nearest,original_glrlm_RunLengthNonUniformityNormalized,glrlm,RunLengthNonUniformityNormalized,0.4103940546942009,0.2806350438735406,0.12975901082066033,0.3161815073499258,True,0.4103940546942009,,,0.2806350438735406,
mild_z2,resample_nearest,original_glrlm_RunPercentage,glrlm,RunPercentage,0.5753181339524732,0.417516715512757,0.15780141843971623,0.27428549375909667,True,0.5753181339524732,,,0.417516715512757,
mild_z2,resample_nearest,original_glrlm_RunVariance,glrlm,RunVariance,3.03727160188601,3.63543994546844,0.5981683435824299,0.16453808962737623,True,3.03727160188601,,,3.63543994546844,
mild_z2,resample_nearest,original_glrlm_ShortRunEmphasis,glrlm,ShortRunEmphasis,0.586800355325577,0.4350737558508006,0.15172659947477635,0.25856596387129527,True,0.586800355325577,,,0.4350737558508006,
mild_z2,resample_nearest,original_glrlm_ShortRunHighGrayLevelEmphasis,glrlm,ShortRunHighGrayLevelEmphasis,20.704940890205833,15.28764108457636,5.417299805629472,0.26164285299611967,True,20.704940890205833,,,15.28764108457636,
mild_z2,resample_nearest,original_glrlm_ShortRunLowGrayLevelEmphasis,glrlm,ShortRunLowGrayLevelEmphasis,0.0327323362063336,0.0260646153536868,0.006667720852646795,0.20370439832390008,True,0.0327323362063336,,,0.0260646153536868,
mild_z2,resample_nearest,original_glszm_GrayLevelNonUniformity,glszm,GrayLevelNonUniformity,16.81679389312977,16.81679389312977,0.0,0.0,False,16.81679389312977,,,16.81679389312977,
mild_z2,resample_nearest,original_glszm_GrayLevelNonUniformityNormalized,glszm,GrayLevelNonUniformityNormalized,0.1283724724666394,0.1283724724666394,0.0,0.0,False,0.1283724724666394,,,0.1283724724666394,
mild_z2,resample_nearest,original_glszm_GrayLevelVariance,glszm,GrayLevelVariance,5.749198764640755,5.749198764640755,0.0,0.0,False,5.749198764640755,,,5.749198764640755,
mild_z2,resample_nearest,original_glszm_HighGrayLevelZoneEmphasis,glszm,HighGrayLevelZoneEmphasis,37.229007633587784,37.229007633587784,0.0,0.0,False,37.229007633587784,,,37.229007633587784,
mild_z2,resample_nearest,original_glszm_LargeAreaEmphasis,glszm,LargeAreaEmphasis,63002.30534351145,252009.2213740458,189006.91603053434,0.75,True,63002.30534351145,,,252009.2213740458,
mild_z2,resample_nearest,original_glszm_LargeAreaHighGrayLevelEmphasis,glszm,LargeAreaHighGrayLevelEmphasis,2073227.7709923664,8292911.083969465,6219683.312977099,0.75,True,2073227.7709923664,,,8292911.083969465,
mild_z2,resample_nearest,original_glszm_LargeAreaLowGrayLevelEmphasis,glszm,LargeAreaLowGrayLevelEmphasis,2400.232267320061,9600.929069280244,7200.696801960183,0.75,True,2400.232267320061,,,9600.929069280244,
mild_z2,resample_nearest,original_glszm_LowGrayLevelZoneEmphasis,glszm,LowGrayLevelZoneEmphasis,0.0971847875423847,0.0971847875423847,0.0,0.0,False,0.0971847875423847,,,0.0971847875423847,
mild_z2,resample_nearest,original_glszm_SizeZoneNonUniformity,glszm,SizeZoneNonUniformity,21.748091603053435,21.748091603053435,0.0,0.0,False,21.748091603053435,,,21.748091603053435,
mild_z2,resample_nearest,original_glszm_SizeZoneNonUniformityNormalized,glszm,SizeZoneNonUniformityNormalized,0.1660159664355224,0.1660159664355224,0.0,0.0,False,0.1660159664355224,,,0.1660159664355224,
mild_z2,resample_nearest,original_glszm_SmallAreaEmphasis,glszm,SmallAreaEmphasis,0.4121020102836982,0.1030255025709245,0.30907650771277373,0.7500000000000002,True,0.4121020102836982,,,0.1030255025709245,
mild_z2,resample_nearest,original_glszm_SmallAreaHighGrayLevelEmphasis,glszm,SmallAreaHighGrayLevelEmphasis,15.867735740185298,3.966933935046325,11.900801805138972,0.7499999999999999,True,15.867735740185298,,,3.966933935046325,
mild_z2,resample_nearest,original_glszm_SmallAreaLowGrayLevelEmphasis,glszm,SmallAreaLowGrayLevelEmphasis,0.037983109452293,0.0094957773630732,0.028487332089219802,0.7500000000000013,True,0.037983109452293,,,0.0094957773630732,
mild_z2,resample_nearest,original_glszm_ZoneEntropy,glszm,ZoneEntropy,5.801185001517869,5.801185001517869,0.0,0.0,False,5.801185001517869,,,5.801185001517869,
mild_z2,resample_nearest,original_glszm_ZonePercentage,glszm,ZonePercentage,0.0108032327230743,0.0054016163615371,0.005401616361537199,0.5000000000000046,True,0.0108032327230743,,,0.0054016163615371,
mild_z2,resample_nearest,original_glszm_ZoneVariance,glszm,ZoneVariance,54434.04731658994,217736.18926635975,163302.1419497698,0.75,True,54434.04731658994,,,217736.18926635975,
mild_z2,resample_nearest,original_ngtdm_Busyness,ngtdm,Busyness,25.022526338132504,30.91374644596969,5.891220107837185,0.19056959395502968,True,25.022526338132504,,,30.91374644596969,
mild_z2,resample_nearest,original_ngtdm_Coarseness,ngtdm,Coarseness,0.0007897913675166,0.0006392811472997,0.00015051022021690002,0.1905695939551233,True,0.0007897913675166,,,0.0006392811472997,
mild_z2,resample_nearest,original_ngtdm_Complexity,ngtdm,Complexity,26.94568433418289,16.648098812793826,10.297585521389063,0.38216084600700606,True,26.94568433418289,,,16.648098812793826,
mild_z2,resample_nearest,original_ngtdm_Contrast,ngtdm,Contrast,0.0491961938079195,0.0304339699038169,0.0187622239041026,0.38137551814185866,True,0.0491961938079195,,,0.0304339699038169,
mild_z2,resample_nearest,original_ngtdm_Strength,ngtdm,Strength,0.0272954048475106,0.0220613681223254,0.0052340367251851976,0.19175523332318528,True,0.0272954048475106,,,0.0220613681223254,
mild_z2,voxel_spacing_aware,original_glcm_Autocorrelation,glcm,Autocorrelation,34.58753758495539,34.67239314567739,0.08485556072199785,0.002447352288763973,True,34.58753758495539,,,,34.67239314567739
mild_z2,voxel_spacing_aware,original_glcm_ClusterProminence,glcm,ClusterProminence,311.3041398881424,320.60742775814794,9.303287870005533,0.0290176928683746,True,311.3041398881424,,,,320.60742775814794
mild_z2,voxel_spacing_aware,original_glcm_ClusterShade,glcm,ClusterShade,0.4655828255547775,0.4646896702933936,0.0008931552613838933,0.0019183595535759521,True,0.4655828255547775,,,,0.4646896702933936
mild_z2,voxel_spacing_aware,original_glcm_ClusterTendency,glcm,ClusterTendency,11.011881190591271,11.176081133428053,0.16419994283678108,0.014692085792546125,True,11.011881190591271,,,,11.176081133428053
mild_z2,voxel_spacing_aware,original_glcm_Contrast,glcm,Contrast,1.4870374635756822,1.3132168855387285,0.17382057803695372,0.11689051708152018,True,1.4870374635756822,,,,1.3132168855387285
mild_z2,voxel_spacing_aware,original_glcm_Correlation,glcm,Correlation,0.7621507062793819,0.7897701554589616,0.027619449179579703,0.03497150277035871,True,0.7621507062793819,,,,0.7897701554589616
mild_z2,voxel_spacing_aware,original_glcm_DifferenceAverage,glcm,DifferenceAverage,0.839884673725355,0.7569637518168958,0.08292092190845923,0.09872893803462193,True,0.839884673725355,,,,0.7569637518168958
mild_z2,voxel_spacing_aware,original_glcm_DifferenceEntropy,glcm,DifferenceEntropy,1.4150890296130916,1.3309933268341931,0.08409570277889844,0.0594278529612314,True,1.4150890296130916,,,,1.3309933268341931
mild_z2,voxel_spacing_aware,original_glcm_DifferenceVariance,glcm,DifferenceVariance,0.6260606611850738,0.563690419735778,0.062370241449295705,0.09962331977740739,True,0.6260606611850738,,,,0.563690419735778
mild_z2,voxel_spacing_aware,original_glcm_Id,glcm,Id,0.6834857947267582,0.710332845667403,0.026847050940644768,0.03779502961800992,True,0.6834857947267582,,,,0.710332845667403
mild_z2,voxel_spacing_aware,original_glcm_Idm,glcm,Idm,0.6447729421223551,0.6771434374637353,0.032370495341380146,0.04780448801604721,True,0.6447729421223551,,,,0.6771434374637353
mild_z2,voxel_spacing_aware,original_glcm_Idmn,glcm,Idmn,0.9857016853537784,0.9873640777387772,0.0016623923849987676,0.0016836670712245415,True,0.9857016853537784,,,,0.9873640777387772
mild_z2,voxel_spacing_aware,original_glcm_Idn,glcm,Idn,0.928487553126832,0.9353446889498144,0.006857135822982419,0.007331132473400227,True,0.928487553126832,,,,0.9353446889498144
mild_z2,voxel_spacing_aware,original_glcm_Imc1,glcm,Imc1,-0.3554414484150945,-0.3947711638423964,0.0393297154273019,0.09962661670750454,True,-0.3554414484150945,,,,-0.3947711638423964
mild_z2,voxel_spacing_aware,original_glcm_Imc2,glcm,Imc2,0.8936891348910181,0.9059736869738488,0.012284552082830746,0.013559502068833643,True,0.8936891348910181,,,,0.9059736869738488
mild_z2,voxel_spacing_aware,original_glcm_InverseVariance,glcm,InverseVariance,0.31547116828531,0.3070201924523631,0.008450975832946905,0.026788425322290938,True,0.31547116828531,,,,0.3070201924523631
mild_z2,voxel_spacing_aware,original_glcm_JointAverage,glcm,JointAverage,5.67505992288611,5.675090698698936,3.077581282617814e-05,5.422964047646633e-06,True,5.67505992288611,,,,5.675090698698936
mild_z2,voxel_spacing_aware,original_glcm_JointEnergy,glcm,JointEnergy,0.055287016928315,0.0608436188290853,0.0055566019007703,0.09132596002185946,True,0.055287016928315,,,,0.0608436188290853
mild_z2,voxel_spacing_aware,original_glcm_JointEntropy,glcm,JointEntropy,4.6908746553418315,4.57774587654454,0.11312877879729122,0.024116777170428857,True,4.6908746553418315,,,,4.57774587654454
mild_z2,voxel_spacing_aware,original_glcm_MCC,glcm,MCC,0.7655137585890059,0.7930366380861338,0.02752287949712784,0.03470568467498535,True,0.7655137585890059,,,,0.7930366380861338
mild_z2,voxel_spacing_aware,original_glcm_MaximumProbability,glcm,MaximumProbability,0.1076572388849377,0.1169646592283684,0.009307420343430711,0.07957463737194649,True,0.1076572388849377,,,,0.1169646592283684
mild_z2,voxel_spacing_aware,original_glcm_SumAverage,glcm,SumAverage,11.35011984577222,11.350181397397872,6.155162565235628e-05,5.422964047646633e-06,True,11.35011984577222,,,,11.350181397397872
mild_z2,voxel_spacing_aware,original_glcm_SumEntropy,glcm,SumEntropy,3.5846603778211015,3.5921286145938893,0.007468236772787851,0.002079056062315346,True,3.5846603778211015,,,,3.5921286145938893
mild_z2,voxel_spacing_aware,original_glcm_SumSquares,glcm,SumSquares,3.1247296635417383,3.1223245047416945,0.002405158800043772,0.0007697174024704698,True,3.1247296635417383,,,,3.1223245047416945
mild_z2,voxel_spacing_aware,original_gldm_DependenceEntropy,gldm,DependenceEntropy,6.748581417208246,6.801460758056764,0.05287934084851731,0.007774703512900278,True,6.748581417208246,,,,6.801460758056764
mild_z2,voxel_spacing_aware,original_gldm_DependenceNonUniformity,gldm,DependenceNonUniformity,868.097971301336,2075.8487547418767,1207.7507834405408,0.5818105874436501,True,868.097971301336,,,,2075.8487547418767
mild_z2,voxel_spacing_aware,original_gldm_DependenceNonUniformityNormalized,gldm,DependenceNonUniformityNormalized,0.0715898046595197,0.0855949511274071,0.014005146467887405,0.16362117488730038,True,0.0715898046595197,,,,0.0855949511274071
mild_z2,voxel_spacing_aware,original_gldm_DependenceVariance,gldm,DependenceVariance,19.75530969571819,32.83296856833584,13.077658872617654,0.39830875619421646,True,19.75530969571819,,,,32.83296856833584
mild_z2,voxel_spacing_aware,original_gldm_GrayLevelNonUniformity,gldm,GrayLevelNonUniformity,1871.541810984661,3743.083621969322,1871.541810984661,0.5,True,1871.541810984661,,,,3743.083621969322
mild_z2,voxel_spacing_aware,original_gldm_GrayLevelVariance,gldm,GrayLevelVariance,3.193851224412078,3.193851224412078,0.0,0.0,False,3.193851224412078,,,,3.193851224412078
mild_z2,voxel_spacing_aware,original_gldm_HighGrayLevelEmphasis,gldm,HighGrayLevelEmphasis,35.28814118423223,35.28814118423223,0.0,0.0,False,35.28814118423223,,,,35.28814118423223
mild_z2,voxel_spacing_aware,original_gldm_LargeDependenceEmphasis,gldm,LargeDependenceEmphasis,164.7585353785255,293.47996041563584,128.72142503711035,0.43860379718877873,True,164.7585353785255,,,,293.47996041563584
mild_z2,voxel_spacing_aware,original_gldm_LargeDependenceHighGrayLevelEmphasis,gldm,LargeDependenceHighGrayLevelEmphasis,5844.428995546759,10426.630710869207,4582.201715322448,0.4394709894679349,True,5844.428995546759,,,,10426.630710869207
mild_z2,voxel_spacing_aware,original_gldm_LargeDependenceLowGrayLevelEmphasis,gldm,LargeDependenceLowGrayLevelEmphasis,7.726119594189104,13.729170198478563,6.003050604289459,0.4372478829750908,True,7.726119594189104,,,,13.729170198478563
mild_z2,voxel_spacing_aware,original_gldm_LowGrayLevelEmphasis,gldm,LowGrayLevelEmphasis,0.0509695439658383,0.0509695439658383,0.0,0.0,False,0.0509695439658383,,,,0.0509695439658383
mild_z2,voxel_spacing_aware,original_gldm_SmallDependenceEmphasis,gldm,SmallDependenceEmphasis,0.0184646284013753,0.0082491557355209,0.010215472665854401,0.5532455050703063,True,0.0184646284013753,,,,0.0082491557355209
mild_z2,voxel_spacing_aware,original_gldm_SmallDependenceHighGrayLevelEmphasis,gldm,SmallDependenceHighGrayLevelEmphasis,0.664409370361318,0.2939901804103844,0.3704191899509336,0.5575165048462409,True,0.664409370361318,,,,0.2939901804103844
mild_z2,voxel_spacing_aware,original_gldm_SmallDependenceLowGrayLevelEmphasis,gldm,SmallDependenceLowGrayLevelEmphasis,0.0012243385755492,0.0005076422378324,0.0007166963377168,0.5853743008916569,True,0.0012243385755492,,,,0.0005076422378324
mild_z2,voxel_spacing_aware,original_glrlm_GrayLevelNonUniformity,glrlm,GrayLevelNonUniformity,1060.4856227970497,1518.4409053027805,457.9552825057308,0.30159572289341974,True,1060.4856227970497,,,,1518.4409053027805
mild_z2,voxel_spacing_aware,original_glrlm_GrayLevelNonUniformityNormalized,glrlm,GrayLevelNonUniformityNormalized,0.1510499332872742,0.1496540944472149,0.0013958388400593102,0.009240910006922249,True,0.1510499332872742,,,,0.1496540944472149
mild_z2,voxel_spacing_aware,original_glrlm_GrayLevelVariance,glrlm,GrayLevelVariance,3.328031593877766,3.378319092938215,0.05028749906044938,0.014885360937504866,True,3.328031593877766,,,,3.378319092938215
mild_z2,voxel_spacing_aware,original_glrlm_HighGrayLevelRunEmphasis,glrlm,HighGrayLevelRunEmphasis,35.176505801514004,35.11513644124269,0.06136936027131412,0.0017446121743187116,True,35.176505801514004,,,,35.11513644124269
mild_z2,voxel_spacing_aware,original_glrlm_LongRunEmphasis,glrlm,LongRunEmphasis,8.538886686963691,10.947086247310567,2.408199560346876,0.21998543776326895,True,8.538886686963691,,,,10.947086247310567
mild_z2,voxel_spacing_aware,original_glrlm_LongRunHighGrayLevelEmphasis,glrlm,LongRunHighGrayLevelEmphasis,305.59498132009577,390.92894615528337,85.3339648351876,0.21828510186936004,True,305.59498132009577,,,,390.92894615528337
mild_z2,voxel_spacing_aware,original_glrlm_LongRunLowGrayLevelEmphasis,glrlm,LongRunLowGrayLevelEmphasis,0.3906957237542382,0.5070571409042249,0.11636141714998671,0.22948383478532952,True,0.3906957237542382,,,,0.5070571409042249
mild_z2,voxel_spacing_aware,original_glrlm_LowGrayLevelRunEmphasis,glrlm,LowGrayLevelRunEmphasis,0.0539520416041134,0.0550788234607977,0.0011267818566843002,0.020457623926667317,True,0.0539520416041134,,,,0.0550788234607977
mild_z2,voxel_spacing_aware,original_glrlm_RunEntropy,glrlm,RunEntropy,4.465247063041276,4.995963299799543,0.5307162367582672,0.10622901028507585,True,4.465247063041276,,,,4.995963299799543
mild_z2,voxel_spacing_aware,original_glrlm_RunLengthNonUniformity,glrlm,RunLengthNonUniformity,3243.2719636032457,2959.1766689855167,284.095294617729,0.08759527347873156,True,3243.2719636032457,,,,2959.1766689855167
mild_z2,voxel_spacing_aware,original_glrlm_RunLengthNonUniformityNormalized,glrlm,RunLengthNonUniformityNormalized,0.4103940546942009,0.2806350438735406,0.12975901082066033,0.3161815073499258,True,0.4103940546942009,,,,0.2806350438735406
mild_z2,voxel_spacing_aware,original_glrlm_RunPercentage,glrlm,RunPercentage,0.5753181339524732,0.417516715512757,0.15780141843971623,0.27428549375909667,True,0.5753181339524732,,,,0.417516715512757
mild_z2,voxel_spacing_aware,original_glrlm_RunVariance,glrlm,RunVariance,3.03727160188601,3.63543994546844,0.5981683435824299,0.16453808962737623,True,3.03727160188601,,,,3.63543994546844
mild_z2,voxel_spacing_aware,original_glrlm_ShortRunEmphasis,glrlm,ShortRunEmphasis,0.586800355325577,0.4350737558508006,0.15172659947477635,0.25856596387129527,True,0.586800355325577,,,,0.4350737558508006
mild_z2,voxel_spacing_aware,original_glrlm_ShortRunHighGrayLevelEmphasis,glrlm,ShortRunHighGrayLevelEmphasis,20.704940890205833,15.28764108457636,5.417299805629472,0.26164285299611967,True,20.704940890205833,,,,15.28764108457636
mild_z2,voxel_spacing_aware,original_glrlm_ShortRunLowGrayLevelEmphasis,glrlm,ShortRunLowGrayLevelEmphasis,0.0327323362063336,0.0260646153536868,0.006667720852646795,0.20370439832390008,True,0.0327323362063336,,,,0.0260646153536868
mild_z2,voxel_spacing_aware,original_glszm_GrayLevelNonUniformity,glszm,GrayLevelNonUniformity,16.81679389312977,16.81679389312977,0.0,0.0,False,16.81679389312977,,,,16.81679389312977
mild_z2,voxel_spacing_aware,original_glszm_GrayLevelNonUniformityNormalized,glszm,GrayLevelNonUniformityNormalized,0.1283724724666394,0.1283724724666394,0.0,0.0,False,0.1283724724666394,,,,0.1283724724666394
mild_z2,voxel_spacing_aware,original_glszm_GrayLevelVariance,glszm,GrayLevelVariance,5.749198764640755,5.749198764640755,0.0,0.0,False,5.749198764640755,,,,5.749198764640755
mild_z2,voxel_spacing_aware,original_glszm_HighGrayLevelZoneEmphasis,glszm,HighGrayLevelZoneEmphasis,37.229007633587784,37.229007633587784,0.0,0.0,False,37.229007633587784,,,,37.229007633587784
mild_z2,voxel_spacing_aware,original_glszm_LargeAreaEmphasis,glszm,LargeAreaEmphasis,63002.30534351145,252009.2213740458,189006.91603053434,0.75,True,63002.30534351145,,,,252009.2213740458
mild_z2,voxel_spacing_aware,original_glszm_LargeAreaHighGrayLevelEmphasis,glszm,LargeAreaHighGrayLevelEmphasis,2073227.7709923664,8292911.083969465,6219683.312977099,0.75,True,2073227.7709923664,,,,8292911.083969465
mild_z2,voxel_spacing_aware,original_glszm_LargeAreaLowGrayLevelEmphasis,glszm,LargeAreaLowGrayLevelEmphasis,2400.232267320061,9600.929069280244,7200.696801960183,0.75,True,2400.232267320061,,,,9600.929069280244
mild_z2,voxel_spacing_aware,original_glszm_LowGrayLevelZoneEmphasis,glszm,LowGrayLevelZoneEmphasis,0.0971847875423847,0.0971847875423847,0.0,0.0,False,0.0971847875423847,,,,0.0971847875423847
mild_z2,voxel_spacing_aware,original_glszm_SizeZoneNonUniformity,glszm,SizeZoneNonUniformity,21.748091603053435,21.748091603053435,0.0,0.0,False,21.748091603053435,,,,21.748091603053435
mild_z2,voxel_spacing_aware,original_glszm_SizeZoneNonUniformityNormalized,glszm,SizeZoneNonUniformityNormalized,0.1660159664355224,0.1660159664355224,0.0,0.0,False,0.1660159664355224,,,,0.1660159664355224
mild_z2,voxel_spacing_aware,original_glszm_SmallAreaEmphasis,glszm,SmallAreaEmphasis,0.4121020102836982,0.1030255025709245,0.30907650771277373,0.7500000000000002,True,0.4121020102836982,,,,0.1030255025709245
mild_z2,voxel_spacing_aware,original_glszm_SmallAreaHighGrayLevelEmphasis,glszm,SmallAreaHighGrayLevelEmphasis,15.867735740185298,3.966933935046325,11.900801805138972,0.7499999999999999,True,15.867735740185298,,,,3.966933935046325
mild_z2,voxel_spacing_aware,original_glszm_SmallAreaLowGrayLevelEmphasis,glszm,SmallAreaLowGrayLevelEmphasis,0.037983109452293,0.0094957773630732,0.028487332089219802,0.7500000000000013,True,0.037983109452293,,,,0.0094957773630732
mild_z2,voxel_spacing_aware,original_glszm_ZoneEntropy,glszm,ZoneEntropy,5.801185001517869,5.801185001517869,0.0,0.0,False,5.801185001517869,,,,5.801185001517869
mild_z2,voxel_spacing_aware,original_glszm_ZonePercentage,glszm,ZonePercentage,0.0108032327230743,0.0054016163615371,0.005401616361537199,0.5000000000000046,True,0.0108032327230743,,,,0.0054016163615371
mild_z2,voxel_spacing_aware,original_glszm_ZoneVariance,glszm,ZoneVariance,54434.04731658994,217736.18926635975,163302.1419497698,0.75,True,54434.04731658994,,,,217736.18926635975
mild_z2,voxel_spacing_aware,original_ngtdm_Busyness,ngtdm,Busyness,25.022526338132504,21.312902831504523,3.709623506627981,0.1482513578564921,True,25.022526338132504,,,,21.312902831504523
mild_z2,voxel_spacing_aware,original_ngtdm_Coarseness,ngtdm,Coarseness,0.0007897913675166,0.0009272587339018,0.00013746736638520001,0.14825135785645593,True,0.0007897913675166,,,,0.0009272587339018
mild_z2,voxel_spacing_aware,original_ngtdm_Complexity,ngtdm,Complexity,26.94568433418289,23.02240914763824,3.9232751865446502,0.14559938941938996,True,26.94568433418289,,,,23.02240914763824
mild_z2,voxel_spacing_aware,original_ngtdm_Contrast,ngtdm,Contrast,0.0491961938079195,0.0420888037375761,0.007107390070343403,0.14447032423063733,True,0.0491961938079195,,,,0.0420888037375761
mild_z2,voxel_spacing_aware,original_ngtdm_Strength,ngtdm,Strength,0.0272954048475106,0.0319046850396677,0.004609280192157103,0.14447032423063563,True,0.0272954048475106,,,,0.0319046850396677
moderate_z3,native_original,original_glcm_Autocorrelation,glcm,Autocorrelation,34.58753758495539,34.58753758495539,0.0,0.0,False,34.58753758495539,,,,
moderate_z3,native_original,original_glcm_ClusterProminence,glcm,ClusterProminence,311.3041398881424,311.3041398881424,0.0,0.0,False,311.3041398881424,,,,
moderate_z3,native_original,original_glcm_ClusterShade,glcm,ClusterShade,0.4655828255547775,0.4655828255547775,0.0,0.0,False,0.4655828255547775,,,,
moderate_z3,native_original,original_glcm_ClusterTendency,glcm,ClusterTendency,11.011881190591271,11.011881190591271,0.0,0.0,False,11.011881190591271,,,,
moderate_z3,native_original,original_glcm_Contrast,glcm,Contrast,1.4870374635756822,1.4870374635756822,0.0,0.0,False,1.4870374635756822,,,,
moderate_z3,native_original,original_glcm_Correlation,glcm,Correlation,0.7621507062793819,0.7621507062793819,0.0,0.0,False,0.7621507062793819,,,,
moderate_z3,native_original,original_glcm_DifferenceAverage,glcm,DifferenceAverage,0.839884673725355,0.839884673725355,0.0,0.0,False,0.839884673725355,,,,
moderate_z3,native_original,original_glcm_DifferenceEntropy,glcm,DifferenceEntropy,1.4150890296130916,1.4150890296130916,0.0,0.0,False,1.4150890296130916,,,,
moderate_z3,native_original,original_glcm_DifferenceVariance,glcm,DifferenceVariance,0.6260606611850738,0.6260606611850738,0.0,0.0,False,0.6260606611850738,,,,
moderate_z3,native_original,original_glcm_Id,glcm,Id,0.6834857947267582,0.6834857947267582,0.0,0.0,False,0.6834857947267582,,,,
moderate_z3,native_original,original_glcm_Idm,glcm,Idm,0.6447729421223551,0.6447729421223551,0.0,0.0,False,0.6447729421223551,,,,
moderate_z3,native_original,original_glcm_Idmn,glcm,Idmn,0.9857016853537784,0.9857016853537784,0.0,0.0,False,0.9857016853537784,,,,
moderate_z3,native_original,original_glcm_Idn,glcm,Idn,0.928487553126832,0.928487553126832,0.0,0.0,False,0.928487553126832,,,,
moderate_z3,native_original,original_glcm_Imc1,glcm,Imc1,-0.3554414484150945,-0.3554414484150945,0.0,0.0,False,-0.3554414484150945,,,,
moderate_z3,native_original,original_glcm_Imc2,glcm,Imc2,0.8936891348910181,0.8936891348910181,0.0,0.0,False,0.8936891348910181,,,,
moderate_z3,native_original,original_glcm_InverseVariance,glcm,InverseVariance,0.31547116828531,0.31547116828531,0.0,0.0,False,0.31547116828531,,,,
moderate_z3,native_original,original_glcm_JointAverage,glcm,JointAverage,5.67505992288611,5.67505992288611,0.0,0.0,False,5.67505992288611,,,,
moderate_z3,native_original,original_glcm_JointEnergy,glcm,JointEnergy,0.055287016928315,0.055287016928315,0.0,0.0,False,0.055287016928315,,,,
moderate_z3,native_original,original_glcm_JointEntropy,glcm,JointEntropy,4.6908746553418315,4.6908746553418315,0.0,0.0,False,4.6908746553418315,,,,
moderate_z3,native_original,original_glcm_MCC,glcm,MCC,0.7655137585890059,0.7655137585890059,0.0,0.0,False,0.7655137585890059,,,,
moderate_z3,native_original,original_glcm_MaximumProbability,glcm,MaximumProbability,0.1076572388849377,0.1076572388849377,0.0,0.0,False,0.1076572388849377,,,,
moderate_z3,native_original,original_glcm_SumAverage,glcm,SumAverage,11.35011984577222,11.35011984577222,0.0,0.0,False,11.35011984577222,,,,
moderate_z3,native_original,original_glcm_SumEntropy,glcm,SumEntropy,3.5846603778211015,3.5846603778211015,0.0,0.0,False,3.5846603778211015,,,,
moderate_z3,native_original,original_glcm_SumSquares,glcm,SumSquares,3.1247296635417383,3.1247296635417383,0.0,0.0,False,3.1247296635417383,,,,
moderate_z3,native_original,original_gldm_DependenceEntropy,gldm,DependenceEntropy,6.748581417208246,6.748581417208246,0.0,0.0,False,6.748581417208246,,,,
moderate_z3,native_original,original_gldm_DependenceNonUniformity,gldm,DependenceNonUniformity,868.097971301336,868.097971301336,0.0,0.0,False,868.097971301336,,,,
moderate_z3,native_original,original_gldm_DependenceNonUniformityNormalized,gldm,DependenceNonUniformityNormalized,0.0715898046595197,0.0715898046595197,0.0,0.0,False,0.0715898046595197,,,,
moderate_z3,native_original,original_gldm_DependenceVariance,gldm,DependenceVariance,19.75530969571819,19.75530969571819,0.0,0.0,False,19.75530969571819,,,,
moderate_z3,native_original,original_gldm_GrayLevelNonUniformity,gldm,GrayLevelNonUniformity,1871.541810984661,1871.541810984661,0.0,0.0,False,1871.541810984661,,,,
moderate_z3,native_original,original_gldm_GrayLevelVariance,gldm,GrayLevelVariance,3.193851224412078,3.193851224412078,0.0,0.0,False,3.193851224412078,,,,
moderate_z3,native_original,original_gldm_HighGrayLevelEmphasis,gldm,HighGrayLevelEmphasis,35.28814118423223,35.28814118423223,0.0,0.0,False,35.28814118423223,,,,
moderate_z3,native_original,original_gldm_LargeDependenceEmphasis,gldm,LargeDependenceEmphasis,164.7585353785255,164.7585353785255,0.0,0.0,False,164.7585353785255,,,,
moderate_z3,native_original,original_gldm_LargeDependenceHighGrayLevelEmphasis,gldm,LargeDependenceHighGrayLevelEmphasis,5844.428995546759,5844.428995546759,0.0,0.0,False,5844.428995546759,,,,
moderate_z3,native_original,original_gldm_LargeDependenceLowGrayLevelEmphasis,gldm,LargeDependenceLowGrayLevelEmphasis,7.726119594189104,7.726119594189104,0.0,0.0,False,7.726119594189104,,,,
moderate_z3,native_original,original_gldm_LowGrayLevelEmphasis,gldm,LowGrayLevelEmphasis,0.0509695439658383,0.0509695439658383,0.0,0.0,False,0.0509695439658383,,,,
moderate_z3,native_original,original_gldm_SmallDependenceEmphasis,gldm,SmallDependenceEmphasis,0.0184646284013753,0.0184646284013753,0.0,0.0,False,0.0184646284013753,,,,
moderate_z3,native_original,original_gldm_SmallDependenceHighGrayLevelEmphasis,gldm,SmallDependenceHighGrayLevelEmphasis,0.664409370361318,0.664409370361318,0.0,0.0,False,0.664409370361318,,,,
moderate_z3,native_original,original_gldm_SmallDependenceLowGrayLevelEmphasis,gldm,SmallDependenceLowGrayLevelEmphasis,0.0012243385755492,0.0012243385755492,0.0,0.0,False,0.0012243385755492,,,,
moderate_z3,native_original,original_glrlm_GrayLevelNonUniformity,glrlm,GrayLevelNonUniformity,1060.4856227970497,1060.4856227970497,0.0,0.0,False,1060.4856227970497,,,,
moderate_z3,native_original,original_glrlm_GrayLevelNonUniformityNormalized,glrlm,GrayLevelNonUniformityNormalized,0.1510499332872742,0.1510499332872742,0.0,0.0,False,0.1510499332872742,,,,
moderate_z3,native_original,original_glrlm_GrayLevelVariance,glrlm,GrayLevelVariance,3.328031593877766,3.328031593877766,0.0,0.0,False,3.328031593877766,,,,
moderate_z3,native_original,original_glrlm_HighGrayLevelRunEmphasis,glrlm,HighGrayLevelRunEmphasis,35.176505801514004,35.176505801514004,0.0,0.0,False,35.176505801514004,,,,
moderate_z3,native_original,original_glrlm_LongRunEmphasis,glrlm,LongRunEmphasis,8.538886686963691,8.538886686963691,0.0,0.0,False,8.538886686963691,,,,
moderate_z3,native_original,original_glrlm_LongRunHighGrayLevelEmphasis,glrlm,LongRunHighGrayLevelEmphasis,305.59498132009577,305.59498132009577,0.0,0.0,False,305.59498132009577,,,,
moderate_z3,native_original,original_glrlm_LongRunLowGrayLevelEmphasis,glrlm,LongRunLowGrayLevelEmphasis,0.3906957237542382,0.3906957237542382,0.0,0.0,False,0.3906957237542382,,,,
moderate_z3,native_original,original_glrlm_LowGrayLevelRunEmphasis,glrlm,LowGrayLevelRunEmphasis,0.0539520416041134,0.0539520416041134,0.0,0.0,False,0.0539520416041134,,,,
moderate_z3,native_original,original_glrlm_RunEntropy,glrlm,RunEntropy,4.465247063041276,4.465247063041276,0.0,0.0,False,4.465247063041276,,,,
moderate_z3,native_original,original_glrlm_RunLengthNonUniformity,glrlm,RunLengthNonUniformity,3243.2719636032457,3243.2719636032457,0.0,0.0,False,3243.2719636032457,,,,
moderate_z3,native_original,original_glrlm_RunLengthNonUniformityNormalized,glrlm,RunLengthNonUniformityNormalized,0.4103940546942009,0.4103940546942009,0.0,0.0,False,0.4103940546942009,,,,
moderate_z3,native_original,original_glrlm_RunPercentage,glrlm,RunPercentage,0.5753181339524732,0.5753181339524732,0.0,0.0,False,0.5753181339524732,,,,
moderate_z3,native_original,original_glrlm_RunVariance,glrlm,RunVariance,3.03727160188601,3.03727160188601,0.0,0.0,False,3.03727160188601,,,,
moderate_z3,native_original,original_glrlm_ShortRunEmphasis,glrlm,ShortRunEmphasis,0.586800355325577,0.586800355325577,0.0,0.0,False,0.586800355325577,,,,
moderate_z3,native_original,original_glrlm_ShortRunHighGrayLevelEmphasis,glrlm,ShortRunHighGrayLevelEmphasis,20.704940890205833,20.704940890205833,0.0,0.0,False,20.704940890205833,,,,
moderate_z3,native_original,original_glrlm_ShortRunLowGrayLevelEmphasis,glrlm,ShortRunLowGrayLevelEmphasis,0.0327323362063336,0.0327323362063336,0.0,0.0,False,0.0327323362063336,,,,
moderate_z3,native_original,original_glszm_GrayLevelNonUniformity,glszm,GrayLevelNonUniformity,16.81679389312977,16.81679389312977,0.0,0.0,False,16.81679389312977,,,,
moderate_z3,native_original,original_glszm_GrayLevelNonUniformityNormalized,glszm,GrayLevelNonUniformityNormalized,0.1283724724666394,0.1283724724666394,0.0,0.0,False,0.1283724724666394,,,,
moderate_z3,native_original,original_glszm_GrayLevelVariance,glszm,GrayLevelVariance,5.749198764640755,5.749198764640755,0.0,0.0,False,5.749198764640755,,,,
moderate_z3,native_original,original_glszm_HighGrayLevelZoneEmphasis,glszm,HighGrayLevelZoneEmphasis,37.229007633587784,37.229007633587784,0.0,0.0,False,37.229007633587784,,,,
moderate_z3,native_original,original_glszm_LargeAreaEmphasis,glszm,LargeAreaEmphasis,63002.30534351145,63002.30534351145,0.0,0.0,False,63002.30534351145,,,,
moderate_z3,native_original,original_glszm_LargeAreaHighGrayLevelEmphasis,glszm,LargeAreaHighGrayLevelEmphasis,2073227.7709923664,2073227.7709923664,0.0,0.0,False,2073227.7709923664,,,,
moderate_z3,native_original,original_glszm_LargeAreaLowGrayLevelEmphasis,glszm,LargeAreaLowGrayLevelEmphasis,2400.232267320061,2400.232267320061,0.0,0.0,False,2400.232267320061,,,,
moderate_z3,native_original,original_glszm_LowGrayLevelZoneEmphasis,glszm,LowGrayLevelZoneEmphasis,0.0971847875423847,0.0971847875423847,0.0,0.0,False,0.0971847875423847,,,,
moderate_z3,native_original,original_glszm_SizeZoneNonUniformity,glszm,SizeZoneNonUniformity,21.748091603053435,21.748091603053435,0.0,0.0,False,21.748091603053435,,,,
moderate_z3,native_original,original_glszm_SizeZoneNonUniformityNormalized,glszm,SizeZoneNonUniformityNormalized,0.1660159664355224,0.1660159664355224,0.0,0.0,False,0.1660159664355224,,,,
moderate_z3,native_original,original_glszm_SmallAreaEmphasis,glszm,SmallAreaEmphasis,0.4121020102836982,0.4121020102836982,0.0,0.0,False,0.4121020102836982,,,,
moderate_z3,native_original,original_glszm_SmallAreaHighGrayLevelEmphasis,glszm,SmallAreaHighGrayLevelEmphasis,15.867735740185298,15.867735740185298,0.0,0.0,False,15.867735740185298,,,,
moderate_z3,native_original,original_glszm_SmallAreaLowGrayLevelEmphasis,glszm,SmallAreaLowGrayLevelEmphasis,0.037983109452293,0.037983109452293,0.0,0.0,False,0.037983109452293,,,,
moderate_z3,native_original,original_glszm_ZoneEntropy,glszm,ZoneEntropy,5.801185001517869,5.801185001517869,0.0,0.0,False,5.801185001517869,,,,
moderate_z3,native_original,original_glszm_ZonePercentage,glszm,ZonePercentage,0.0108032327230743,0.0108032327230743,0.0,0.0,False,0.0108032327230743,,,,
moderate_z3,native_original,original_glszm_ZoneVariance,glszm,ZoneVariance,54434.04731658994,54434.04731658994,0.0,0.0,False,54434.04731658994,,,,
moderate_z3,native_original,original_ngtdm_Busyness,ngtdm,Busyness,25.022526338132504,25.022526338132504,0.0,0.0,False,25.022526338132504,,,,
moderate_z3,native_original,original_ngtdm_Coarseness,ngtdm,Coarseness,0.0007897913675166,0.0007897913675166,0.0,0.0,False,0.0007897913675166,,,,
moderate_z3,native_original,original_ngtdm_Complexity,ngtdm,Complexity,26.94568433418289,26.94568433418289,0.0,0.0,False,26.94568433418289,,,,
moderate_z3,native_original,original_ngtdm_Contrast,ngtdm,Contrast,0.0491961938079195,0.0491961938079195,0.0,0.0,False,0.0491961938079195,,,,
moderate_z3,native_original,original_ngtdm_Strength,ngtdm,Strength,0.0272954048475106,0.0272954048475106,0.0,0.0,False,0.0272954048475106,,,,
moderate_z3,resample_bspline,original_glcm_Autocorrelation,glcm,Autocorrelation,34.58753758495539,60.43467079963245,25.847133214677058,0.4276871681881364,True,34.58753758495539,60.43467079963245,,,
moderate_z3,resample_bspline,original_glcm_ClusterProminence,glcm,ClusterProminence,311.3041398881424,456.4927269244488,145.1885870363064,0.3180523554328953,True,311.3041398881424,456.4927269244488,,,
moderate_z3,resample_bspline,original_glcm_ClusterShade,glcm,ClusterShade,0.4655828255547775,-1.6930248475609695,2.158607673115747,1.2750005862143798,True,0.4655828255547775,-1.6930248475609695,,,
moderate_z3,resample_bspline,original_glcm_ClusterTendency,glcm,ClusterTendency,11.011881190591271,13.242545646667038,2.2306644560757665,0.16844680136233423,True,11.011881190591271,13.242545646667038,,,
moderate_z3,resample_bspline,original_glcm_Contrast,glcm,Contrast,1.4870374635756822,0.9399236130579338,0.5471138505177484,0.367922035536466,True,1.4870374635756822,0.9399236130579338,,,
moderate_z3,resample_bspline,original_glcm_Correlation,glcm,Correlation,0.7621507062793819,0.8659209259961321,0.10377021971675027,0.11983798589620155,True,0.7621507062793819,0.8659209259961321,,,
moderate_z3,resample_bspline,original_glcm_DifferenceAverage,glcm,DifferenceAverage,0.839884673725355,0.5740639189037094,0.2658207548216456,0.316496732393726,True,0.839884673725355,0.5740639189037094,,,
moderate_z3,resample_bspline,original_glcm_DifferenceEntropy,glcm,DifferenceEntropy,1.4150890296130916,1.3338925999082594,0.08119642970483221,0.05737902563419111,True,1.4150890296130916,1.3338925999082594,,,
moderate_z3,resample_bspline,original_glcm_DifferenceVariance,glcm,DifferenceVariance,0.6260606611850738,0.5684900890430913,0.05757057214198247,0.09195685931297265,True,0.6260606611850738,0.5684900890430913,,,
moderate_z3,resample_bspline,original_glcm_Id,glcm,Id,0.6834857947267582,0.7590655996377875,0.07557980491102934,0.09956952988924102,True,0.6834857947267582,0.7590655996377875,,,
moderate_z3,resample_bspline,original_glcm_Idm,glcm,Idm,0.6447729421223551,0.7481859780570747,0.10341303593471951,0.13821835608743624,True,0.6447729421223551,0.7481859780570747,,,
moderate_z3,resample_bspline,original_glcm_Idmn,glcm,Idmn,0.9857016853537784,0.9946295125380384,0.008927827184259995,0.008976032856172224,True,0.9857016853537784,0.9946295125380384,,,
moderate_z3,resample_bspline,original_glcm_Idn,glcm,Idn,0.928487553126832,0.9606212816775124,0.03213372855068042,0.03345098548573271,True,0.928487553126832,0.9606212816775124,,,
moderate_z3,resample_bspline,original_glcm_Imc1,glcm,Imc1,-0.3554414484150945,-0.4230736683341683,0.06763221991907381,0.15985920415556076,True,-0.3554414484150945,-0.4230736683341683,,,
moderate_z3,resample_bspline,original_glcm_Imc2,glcm,Imc2,0.8936891348910181,0.9451234039169072,0.0514342690258891,0.05442069132213667,True,0.8936891348910181,0.9451234039169072,,,
moderate_z3,resample_bspline,original_glcm_InverseVariance,glcm,InverseVariance,0.31547116828531,0.3848575881380359,0.06938641985272587,0.18029115701842213,True,0.31547116828531,0.3848575881380359,,,
moderate_z3,resample_bspline,original_glcm_JointAverage,glcm,JointAverage,5.67505992288611,7.573451628058584,1.8983917051724744,0.25066400346959333,True,5.67505992288611,7.573451628058584,,,
moderate_z3,resample_bspline,original_glcm_JointEnergy,glcm,JointEnergy,0.055287016928315,0.059925390997238,0.004638374068923,0.07740248318341027,True,0.055287016928315,0.059925390997238,,,
moderate_z3,resample_bspline,original_glcm_JointEntropy,glcm,JointEntropy,4.6908746553418315,4.6482646395133065,0.04261001582852497,0.009083597188000307,True,4.6908746553418315,4.6482646395133065,,,
moderate_z3,resample_bspline,original_glcm_MCC,glcm,MCC,0.7655137585890059,0.8788437152592792,0.11332995667027324,0.12895348137847043,True,0.7655137585890059,0.8788437152592792,,,
moderate_z3,resample_bspline,original_glcm_MaximumProbability,glcm,MaximumProbability,0.1076572388849377,0.1216873470647828,0.01403010817984511,0.11529636004288835,True,0.1076572388849377,0.1216873470647828,,,
moderate_z3,resample_bspline,original_glcm_SumAverage,glcm,SumAverage,11.35011984577222,15.146903256117172,3.7967834103449523,0.2506640034695935,True,11.35011984577222,15.146903256117172,,,
moderate_z3,resample_bspline,original_glcm_SumEntropy,glcm,SumEntropy,3.5846603778211015,3.830690434589485,0.24603005676838352,0.06422603469777617,True,3.5846603778211015,3.830690434589485,,,
moderate_z3,resample_bspline,original_glcm_SumSquares,glcm,SumSquares,3.1247296635417383,3.545617314931243,0.42088765138950457,0.11870645193915026,True,3.1247296635417383,3.545617314931243,,,
moderate_z3,resample_bspline,original_gldm_DependenceEntropy,gldm,DependenceEntropy,6.748581417208246,7.386393442208576,0.6378120250003301,0.08634958724993404,True,6.748581417208246,7.386393442208576,,,
moderate_z3,resample_bspline,original_gldm_DependenceNonUniformity,gldm,DependenceNonUniformity,868.097971301336,1820.3681895651216,952.2702182637856,0.5231195665374042,True,868.097971301336,1820.3681895651216,,,
moderate_z3,resample_bspline,original_gldm_DependenceNonUniformityNormalized,gldm,DependenceNonUniformityNormalized,0.0715898046595197,0.0500403592711287,0.021549445388390993,0.30101276977748315,True,0.0715898046595197,0.0500403592711287,,,
moderate_z3,resample_bspline,original_gldm_DependenceVariance,gldm,DependenceVariance,19.75530969571819,33.00825623655994,13.252946540841748,0.40150398875547955,True,19.75530969571819,33.00825623655994,,,
moderate_z3,resample_bspline,original_gldm_GrayLevelNonUniformity,gldm,GrayLevelNonUniformity,1871.541810984661,5169.792951784046,3298.2511407993848,0.6379851517382703,True,1871.541810984661,5169.792951784046,,,
moderate_z3,resample_bspline,original_gldm_GrayLevelVariance,gldm,GrayLevelVariance,3.193851224412078,3.774358926659837,0.5805077022477594,0.1538029937077252,True,3.193851224412078,3.774358926659837,,,
moderate_z3,resample_bspline,original_gldm_HighGrayLevelEmphasis,gldm,HighGrayLevelEmphasis,35.28814118423223,59.95098686019023,24.662845675957996,0.41138348120062523,True,35.28814118423223,59.95098686019023,,,
moderate_z3,resample_bspline,original_gldm_LargeDependenceEmphasis,gldm,LargeDependenceEmphasis,164.7585353785255,243.19847160371657,78.43993622519108,0.3225346594817677,True,164.7585353785255,243.19847160371657,,,
moderate_z3,resample_bspline,original_gldm_LargeDependenceHighGrayLevelEmphasis,gldm,LargeDependenceHighGrayLevelEmphasis,5844.428995546759,15460.045384573094,9615.616389026334,0.621965599054537,True,5844.428995546759,15460.045384573094,,,
moderate_z3,resample_bspline,original_gldm_LargeDependenceLowGrayLevelEmphasis,gldm,LargeDependenceLowGrayLevelEmphasis,7.726119594189104,4.937918102236495,2.7882014919526092,0.36087992917552625,True,7.726119594189104,4.937918102236495,,,
moderate_z3,resample_bspline,original_gldm_LowGrayLevelEmphasis,gldm,LowGrayLevelEmphasis,0.0509695439658383,0.0235937978342955,0.027375746131542797,0.5371000798023826,True,0.0509695439658383,0.0235937978342955,,,
moderate_z3,resample_bspline,original_gldm_SmallDependenceEmphasis,gldm,SmallDependenceEmphasis,0.0184646284013753,0.0137996359846863,0.004664992416689001,0.25264480363664066,True,0.0184646284013753,0.0137996359846863,,,
moderate_z3,resample_bspline,original_gldm_SmallDependenceHighGrayLevelEmphasis,gldm,SmallDependenceHighGrayLevelEmphasis,0.664409370361318,0.7087898274418168,0.04438045708049887,0.06261441031212031,True,0.664409370361318,0.7087898274418168,,,
moderate_z3,resample_bspline,original_gldm_SmallDependenceLowGrayLevelEmphasis,gldm,SmallDependenceLowGrayLevelEmphasis,0.0012243385755492,0.0005679846903751,0.0006563538851741001,0.5360885446900832,True,0.0012243385755492,0.0005679846903751,,,
moderate_z3,resample_bspline,original_glrlm_GrayLevelNonUniformity,glrlm,GrayLevelNonUniformity,1060.4856227970497,2359.5703436042195,1299.0847208071698,0.5505598611749083,True,1060.4856227970497,2359.5703436042195,,,
moderate_z3,resample_bspline,original_glrlm_GrayLevelNonUniformityNormalized,glrlm,GrayLevelNonUniformityNormalized,0.1510499332872742,0.1350911873724676,0.015958745914806588,0.10565212156999407,True,0.1510499332872742,0.1350911873724676,,,
moderate_z3,resample_bspline,original_glrlm_GrayLevelVariance,glrlm,GrayLevelVariance,3.328031593877766,4.133517489008324,0.8054858951305581,0.19486693772857436,True,3.328031593877766,4.133517489008324,,,
moderate_z3,resample_bspline,original_glrlm_HighGrayLevelRunEmphasis,glrlm,HighGrayLevelRunEmphasis,35.176505801514004,57.90549294328919,22.728987141775185,0.3925186711394589,True,35.176505801514004,57.90549294328919,,,
moderate_z3,resample_bspline,original_glrlm_LongRunEmphasis,glrlm,LongRunEmphasis,8.538886686963691,10.160965484211006,1.6220787972473154,0.1596382548260638,True,8.538886686963691,10.160965484211006,,,
moderate_z3,resample_bspline,original_glrlm_LongRunHighGrayLevelEmphasis,glrlm,LongRunHighGrayLevelEmphasis,305.59498132009577,617.5878088782497,311.9928275581539,0.5051797057406936,True,305.59498132009577,617.5878088782497,,,
moderate_z3,resample_bspline,original_glrlm_LongRunLowGrayLevelEmphasis,glrlm,LongRunLowGrayLevelEmphasis,0.3906957237542382,0.2279241160379735,0.16277160771626473,0.4166198855523025,True,0.3906957237542382,0.2279241160379735,,,
moderate_z3,resample_bspline,original_glrlm_LowGrayLevelRunEmphasis,glrlm,LowGrayLevelRunEmphasis,0.0539520416041134,0.0258645861976015,0.028087455406511898,0.5206004179157969,True,0.0539520416041134,0.0258645861976015,,,
moderate_z3,resample_bspline,original_glrlm_RunEntropy,glrlm,RunEntropy,4.465247063041276,5.1210375435586,0.6557904805173242,0.128058127857742,True,4.465247063041276,5.1210375435586,,,
moderate_z3,resample_bspline,original_glrlm_RunLengthNonUniformity,glrlm,RunLengthNonUniformity,3243.2719636032457,6532.501771341325,3289.2298077380797,0.5035176296726359,True,3243.2719636032457,6532.501771341325,,,
moderate_z3,resample_bspline,original_glrlm_RunLengthNonUniformityNormalized,glrlm,RunLengthNonUniformityNormalized,0.4103940546942009,0.3431116503329023,0.06728240436129862,0.16394585543261125,True,0.4103940546942009,0.3431116503329023,,,
moderate_z3,resample_bspline,original_glrlm_RunPercentage,glrlm,RunPercentage,0.5753181339524732,0.4808485263705452,0.09446960758192802,0.16420411943721577,True,0.5753181339524732,0.4808485263705452,,,
moderate_z3,resample_bspline,original_glrlm_RunVariance,glrlm,RunVariance,3.03727160188601,4.040007589382781,1.002735987496771,0.24820151084170752,True,3.03727160188601,4.040007589382781,,,
moderate_z3,resample_bspline,original_glrlm_ShortRunEmphasis,glrlm,ShortRunEmphasis,0.586800355325577,0.577706353226425,0.009094002099151899,0.015497608371600653,True,0.586800355325577,0.577706353226425,,,
moderate_z3,resample_bspline,original_glrlm_ShortRunHighGrayLevelEmphasis,glrlm,ShortRunHighGrayLevelEmphasis,20.704940890205833,32.18553380168366,11.480592911477828,0.35670040404541203,True,20.704940890205833,32.18553380168366,,,
moderate_z3,resample_bspline,original_glrlm_ShortRunLowGrayLevelEmphasis,glrlm,ShortRunLowGrayLevelEmphasis,0.0327323362063336,0.0164956385790876,0.016236697627245996,0.496044569654159,True,0.0327323362063336,0.0164956385790876,,,
moderate_z3,resample_bspline,original_glszm_GrayLevelNonUniformity,glszm,GrayLevelNonUniformity,16.81679389312977,27.948207171314746,11.131413278184976,0.39828720353876385,True,16.81679389312977,27.948207171314746,,,
moderate_z3,resample_bspline,original_glszm_GrayLevelNonUniformityNormalized,glszm,GrayLevelNonUniformityNormalized,0.1283724724666394,0.1113474389295408,0.01702503353709861,0.13262215185208778,True,0.1283724724666394,0.1113474389295408,,,
moderate_z3,resample_bspline,original_glszm_GrayLevelVariance,glszm,GrayLevelVariance,5.749198764640755,8.260186346248473,2.5109875816077176,0.30398679598168293,True,5.749198764640755,8.260186346248473,,,
moderate_z3,resample_bspline,original_glszm_HighGrayLevelZoneEmphasis,glszm,HighGrayLevelZoneEmphasis,37.229007633587784,45.51394422310757,8.284936589519788,0.1820307321401844,True,37.229007633587784,45.51394422310757,,,
moderate_z3,resample_bspline,original_glszm_LargeAreaEmphasis,glszm,LargeAreaEmphasis,63002.30534351145,654596.9641434263,591594.6587999149,0.9037540520433773,True,63002.30534351145,654596.9641434263,,,
moderate_z3,resample_bspline,original_glszm_LargeAreaHighGrayLevelEmphasis,glszm,LargeAreaHighGrayLevelEmphasis,2073227.7709923664,39040449.51792829,36967221.74693592,0.9468953919180594,True,2073227.7709923664,39040449.51792829,,,
moderate_z3,resample_bspline,original_glszm_LargeAreaLowGrayLevelEmphasis,glszm,LargeAreaLowGrayLevelEmphasis,2400.232267320061,12405.2408737273,10005.008606407238,0.8065146584615343,True,2400.232267320061,12405.2408737273,,,
moderate_z3,resample_bspline,original_glszm_LowGrayLevelZoneEmphasis,glszm,LowGrayLevelZoneEmphasis,0.0971847875423847,0.0625995919304569,0.0345851956119278,0.35587046580561116,True,0.0971847875423847,0.0625995919304569,,,
moderate_z3,resample_bspline,original_glszm_SizeZoneNonUniformity,glszm,SizeZoneNonUniformity,21.748091603053435,60.16334661354582,38.41525501049239,0.6385159266031116,True,21.748091603053435,60.16334661354582,,,
moderate_z3,resample_bspline,original_glszm_SizeZoneNonUniformityNormalized,glszm,SizeZoneNonUniformityNormalized,0.1660159664355224,0.2396946080220948,0.07367864158657239,0.3073854776899311,True,0.1660159664355224,0.2396946080220948,,,
moderate_z3,resample_bspline,original_glszm_SmallAreaEmphasis,glszm,SmallAreaEmphasis,0.4121020102836982,0.5036308925429536,0.09152888225925537,0.18173802206037049,True,0.4121020102836982,0.5036308925429536,,,
moderate_z3,resample_bspline,original_glszm_SmallAreaHighGrayLevelEmphasis,glszm,SmallAreaHighGrayLevelEmphasis,15.867735740185298,21.61067238155519,5.742936641369893,0.26574539375607376,True,15.867735740185298,21.61067238155519,,,
moderate_z3,resample_bspline,original_glszm_SmallAreaLowGrayLevelEmphasis,glszm,SmallAreaLowGrayLevelEmphasis,0.037983109452293,0.0334421338413202,0.004540975610972803,0.11955249784581995,True,0.037983109452293,0.0334421338413202,,,
moderate_z3,resample_bspline,original_glszm_ZoneEntropy,glszm,ZoneEntropy,5.801185001517869,5.881254806072514,0.08006980455464507,0.013614408352444004,True,5.801185001517869,5.881254806072514,,,
moderate_z3,resample_bspline,original_glszm_ZonePercentage,glszm,ZonePercentage,0.0108032327230743,0.0068997745890373,0.0039034581340369997,0.3613231552162827,True,0.0108032327230743,0.0068997745890373,,,
moderate_z3,resample_bspline,original_glszm_ZoneVariance,glszm,ZoneVariance,54434.04731658994,633591.6009904605,579157.5536738705,0.9140865389763752,True,54434.04731658994,633591.6009904605,,,
moderate_z3,resample_bspline,original_ngtdm_Busyness,ngtdm,Busyness,25.022526338132504,19.14158983873408,5.880936499398423,0.23502568925010203,True,25.022526338132504,19.14158983873408,,,
moderate_z3,resample_bspline,original_ngtdm_Coarseness,ngtdm,Coarseness,0.0007897913675166,0.0004992988157717,0.00029049255174490004,0.3678092261989612,True,0.0007897913675166,0.0004992988157717,,,
moderate_z3,resample_bspline,original_ngtdm_Complexity,ngtdm,Complexity,26.94568433418289,30.00013752414227,3.054453189959382,0.10181463959961334,True,26.94568433418289,30.00013752414227,,,
moderate_z3,resample_bspline,original_ngtdm_Contrast,ngtdm,Contrast,0.0491961938079195,0.0207802441817037,0.0284159496262158,0.5776046361871487,True,0.0491961938079195,0.0207802441817037,,,
moderate_z3,resample_bspline,original_ngtdm_Strength,ngtdm,Strength,0.0272954048475106,0.0299898965717355,0.0026944917242249025,0.08984664944674645,True,0.0272954048475106,0.0299898965717355,,,
moderate_z3,resample_linear,original_glcm_Autocorrelation,glcm,Autocorrelation,34.58753758495539,58.915718745105465,24.328181160150073,0.4129319251014176,True,34.58753758495539,,58.915718745105465,,
moderate_z3,resample_linear,original_glcm_ClusterProminence,glcm,ClusterProminence,311.3041398881424,376.3636461526285,65.05950626448612,0.17286341794579763,True,311.3041398881424,,376.3636461526285,,
moderate_z3,resample_linear,original_glcm_ClusterShade,glcm,ClusterShade,0.4655828255547775,-1.4416153040918256,1.907198129646603,1.3229591307981297,True,0.4655828255547775,,-1.4416153040918256,,
moderate_z3,resample_linear,original_glcm_ClusterTendency,glcm,ClusterTendency,11.011881190591271,12.001244575964815,0.9893633853735437,0.08243839871032758,True,11.011881190591271,,12.001244575964815,,
moderate_z3,resample_linear,original_glcm_Contrast,glcm,Contrast,1.4870374635756822,0.878383342396847,0.6086541211788352,0.4093065145213525,True,1.4870374635756822,,0.878383342396847,,
moderate_z3,resample_linear,original_glcm_Correlation,glcm,Correlation,0.7621507062793819,0.8615658574083919,0.09941515112901,0.1153889169053807,True,0.7621507062793819,,0.8615658574083919,,
moderate_z3,resample_linear,original_glcm_DifferenceAverage,glcm,DifferenceAverage,0.839884673725355,0.5063672440748755,0.3335174296504795,0.39709907810455025,True,0.839884673725355,,0.5063672440748755,,
moderate_z3,resample_linear,original_glcm_DifferenceEntropy,glcm,DifferenceEntropy,1.4150890296130916,1.2384521409868532,0.1766368886262384,0.12482386968580612,True,1.4150890296130916,,1.2384521409868532,,
moderate_z3,resample_linear,original_glcm_DifferenceVariance,glcm,DifferenceVariance,0.6260606611850738,0.589087877016079,0.03697278416899474,0.059056232824162364,True,0.6260606611850738,,0.589087877016079,,
moderate_z3,resample_linear,original_glcm_Id,glcm,Id,0.6834857947267582,0.7897723882291676,0.10628659350240943,0.13457876609326122,True,0.6834857947267582,,0.7897723882291676,,
moderate_z3,resample_linear,original_glcm_Idm,glcm,Idm,0.6447729421223551,0.7817114143255084,0.13693847220315325,0.17517778261087463,True,0.6447729421223551,,0.7817114143255084,,
moderate_z3,resample_linear,original_glcm_Idmn,glcm,Idmn,0.9857016853537784,0.9941995615091388,0.008497876155360351,0.008547455143171713,True,0.9857016853537784,,0.9941995615091388,,
moderate_z3,resample_linear,original_glcm_Idn,glcm,Idn,0.928487553126832,0.9629048577753704,0.03441730464853843,0.03574320388003215,True,0.928487553126832,,0.9629048577753704,,
moderate_z3,resample_linear,original_glcm_Imc1,glcm,Imc1,-0.3554414484150945,-0.4739496169861142,0.1185081685710197,0.2500438112485947,True,-0.3554414484150945,,-0.4739496169861142,,
moderate_z3,resample_linear,original_glcm_Imc2,glcm,Imc2,0.8936891348910181,0.9591938520777886,0.06550471718677053,0.06829142726975927,True,0.8936891348910181,,0.9591938520777886,,
moderate_z3,resample_linear,original_glcm_InverseVariance,glcm,InverseVariance,0.31547116828531,0.344552389183765,0.029081220898454996,0.08440290014342258,True,0.31547116828531,,0.344552389183765,,
moderate_z3,resample_linear,original_glcm_JointAverage,glcm,JointAverage,5.67505992288611,7.492195495708346,1.8171355728222363,0.24253712731643504,True,5.67505992288611,,7.492195495708346,,
moderate_z3,resample_linear,original_glcm_JointEnergy,glcm,JointEnergy,0.055287016928315,0.0704158730749568,0.015128856146641792,0.21485008260193433,True,0.055287016928315,,0.0704158730749568,,
moderate_z3,resample_linear,original_glcm_JointEntropy,glcm,JointEntropy,4.6908746553418315,4.391933294060699,0.29894136128113225,0.06372827739933458,True,4.6908746553418315,,4.391933294060699,,
moderate_z3,resample_linear,original_glcm_MCC,glcm,MCC,0.7655137585890059,0.8829771738595652,0.11746341527055926,0.13303108930564658,True,0.7655137585890059,,0.8829771738595652,,
moderate_z3,resample_linear,original_glcm_MaximumProbability,glcm,MaximumProbability,0.1076572388849377,0.1327060381051045,0.025048799220166812,0.18875402790887263,True,0.1076572388849377,,0.1327060381051045,,
moderate_z3,resample_linear,original_glcm_SumAverage,glcm,SumAverage,11.35011984577222,14.984390991416692,3.6342711456444725,0.24253712731643504,True,11.35011984577222,,14.984390991416692,,
moderate_z3,resample_linear,original_glcm_SumEntropy,glcm,SumEntropy,3.5846603778211015,3.735644460765079,0.1509840829439777,0.040417144760359604,True,3.5846603778211015,,3.735644460765079,,
moderate_z3,resample_linear,original_glcm_SumSquares,glcm,SumSquares,3.1247296635417383,3.2199069795904167,0.0951773160486784,0.029559026596720283,True,3.1247296635417383,,3.2199069795904167,,
moderate_z3,resample_linear,original_gldm_DependenceEntropy,gldm,DependenceEntropy,6.748581417208246,7.2215104250120605,0.4729290078038142,0.06548893236597722,True,6.748581417208246,,7.2215104250120605,,
moderate_z3,resample_linear,original_gldm_DependenceNonUniformity,gldm,DependenceNonUniformity,868.097971301336,1940.8157677717304,1072.7177964703944,0.5527149017868874,True,868.097971301336,,1940.8157677717304,,
moderate_z3,resample_linear,original_gldm_DependenceNonUniformityNormalized,gldm,DependenceNonUniformityNormalized,0.0715898046595197,0.053351359826591,0.018238444832928698,0.25476315963803137,True,0.0715898046595197,,0.053351359826591,,
moderate_z3,resample_linear,original_gldm_DependenceVariance,gldm,DependenceVariance,19.75530969571819,32.97234391030091,13.217034214582718,0.4008521277874206,True,19.75530969571819,,32.97234391030091,,
moderate_z3,resample_linear,original_gldm_GrayLevelNonUniformity,gldm,GrayLevelNonUniformity,1871.541810984661,5400.429765242729,3528.8879542580685,0.653445764070493,True,1871.541810984661,,5400.429765242729,,
moderate_z3,resample_linear,original_gldm_GrayLevelVariance,gldm,GrayLevelVariance,3.193851224412078,3.458788798216886,0.2649375738048083,0.0765983670183597,True,3.193851224412078,,3.458788798216886,,
moderate_z3,resample_linear,original_gldm_HighGrayLevelEmphasis,gldm,HighGrayLevelEmphasis,35.28814118423223,58.335532464676454,23.047391280444224,0.3950832418372107,True,35.28814118423223,,58.335532464676454,,
moderate_z3,resample_linear,original_gldm_LargeDependenceEmphasis,gldm,LargeDependenceEmphasis,164.7585353785255,284.09263840782893,119.33410302930344,0.42005348571543577,True,164.7585353785255,,284.09263840782893,,
moderate_z3,resample_linear,original_gldm_LargeDependenceHighGrayLevelEmphasis,gldm,LargeDependenceHighGrayLevelEmphasis,5844.428995546759,17272.88460058277,11428.45560503601,0.6616414032344329,True,5844.428995546759,,17272.88460058277,,
moderate_z3,resample_linear,original_gldm_LargeDependenceLowGrayLevelEmphasis,gldm,LargeDependenceLowGrayLevelEmphasis,7.726119594189104,5.900733085088391,1.8253865091007127,0.23626174651420165,True,7.726119594189104,,5.900733085088391,,
moderate_z3,resample_linear,original_gldm_LowGrayLevelEmphasis,gldm,LowGrayLevelEmphasis,0.0509695439658383,0.0236256540654376,0.027343889900400698,0.5364750745803729,True,0.0509695439658383,,0.0236256540654376,,
moderate_z3,resample_linear,original_gldm_SmallDependenceEmphasis,gldm,SmallDependenceEmphasis,0.0184646284013753,0.0106852807337904,0.007779347667584901,0.4213108164692592,True,0.0184646284013753,,0.0106852807337904,,
moderate_z3,resample_linear,original_gldm_SmallDependenceHighGrayLevelEmphasis,gldm,SmallDependenceHighGrayLevelEmphasis,0.664409370361318,0.5303406463475764,0.1340687240137416,0.2017863233037074,True,0.664409370361318,,0.5303406463475764,,
moderate_z3,resample_linear,original_gldm_SmallDependenceLowGrayLevelEmphasis,gldm,SmallDependenceLowGrayLevelEmphasis,0.0012243385755492,0.0004285324404131,0.0007958061351361,0.6499886151011179,True,0.0012243385755492,,0.0004285324404131,,
moderate_z3,resample_linear,original_glrlm_GrayLevelNonUniformity,glrlm,GrayLevelNonUniformity,1060.4856227970497,2160.3608376402194,1099.8752148431697,0.5091164381801018,True,1060.4856227970497,,2160.3608376402194,,
moderate_z3,resample_linear,original_glrlm_GrayLevelNonUniformityNormalized,glrlm,GrayLevelNonUniformityNormalized,0.1510499332872742,0.1389997668310841,0.012050166456190115,0.0797760461983953,True,0.1510499332872742,,0.1389997668310841,,
moderate_z3,resample_linear,original_glrlm_GrayLevelVariance,glrlm,GrayLevelVariance,3.328031593877766,3.899290908191833,0.5712593143140672,0.14650338427274967,True,3.328031593877766,,3.899290908191833,,
moderate_z3,resample_linear,original_glrlm_HighGrayLevelRunEmphasis,glrlm,HighGrayLevelRunEmphasis,35.176505801514004,56.35889441425324,21.18238861273924,0.3758481927811235,True,35.176505801514004,,56.35889441425324,,
moderate_z3,resample_linear,original_glrlm_LongRunEmphasis,glrlm,LongRunEmphasis,8.538886686963691,12.528307406796133,3.9894207198324416,0.31843253763619594,True,8.538886686963691,,12.528307406796133,,
moderate_z3,resample_linear,original_glrlm_LongRunHighGrayLevelEmphasis,glrlm,LongRunHighGrayLevelEmphasis,305.59498132009577,733.6106585500095,428.0156772299137,0.5834371028303923,True,305.59498132009577,,733.6106585500095,,
moderate_z3,resample_linear,original_glrlm_LongRunLowGrayLevelEmphasis,glrlm,LongRunLowGrayLevelEmphasis,0.3906957237542382,0.2852571345226936,0.10543858923154464,0.2698739269996959,True,0.3906957237542382,,0.2852571345226936,,
moderate_z3,resample_linear,original_glrlm_LowGrayLevelRunEmphasis,glrlm,LowGrayLevelRunEmphasis,0.0539520416041134,0.0261909810740191,0.0277610605300943,0.5145506954824439,True,0.0539520416041134,,0.0261909810740191,,
moderate_z3,resample_linear,original_glrlm_RunEntropy,glrlm,RunEntropy,4.465247063041276,5.247688579276874,0.7824415162355978,0.14910212456689215,True,4.465247063041276,,5.247688579276874,,
moderate_z3,resample_linear,original_glrlm_RunLengthNonUniformity,glrlm,RunLengthNonUniformity,3243.2719636032457,4943.74285847493,1700.4708948716839,0.34396426827835735,True,3243.2719636032457,,4943.74285847493,,
moderate_z3,resample_linear,original_glrlm_RunLengthNonUniformityNormalized,glrlm,RunLengthNonUniformityNormalized,0.4103940546942009,0.2918733254400779,0.11852072925412305,0.28879738363275514,True,0.4103940546942009,,0.2918733254400779,,
moderate_z3,resample_linear,original_glrlm_RunPercentage,glrlm,RunPercentage,0.5753181339524732,0.4289701721666095,0.14634796178586373,0.25437745335862033,True,0.5753181339524732,,0.4289701721666095,,
moderate_z3,resample_linear,original_glrlm_RunVariance,glrlm,RunVariance,3.03727160188601,4.89887858259234,1.8616069807063305,0.38000676059238514,True,3.03727160188601,,4.89887858259234,,
moderate_z3,resample_linear,original_glrlm_ShortRunEmphasis,glrlm,ShortRunEmphasis,0.586800355325577,0.5205113969109971,0.06628895841457982,0.11296680005894072,True,0.586800355325577,,0.5205113969109971,,
moderate_z3,resample_linear,original_glrlm_ShortRunHighGrayLevelEmphasis,glrlm,ShortRunHighGrayLevelEmphasis,20.704940890205833,27.70838972287673,7.003448832670898,0.2527555337107402,True,20.704940890205833,,27.70838972287673,,
moderate_z3,resample_linear,original_glrlm_ShortRunLowGrayLevelEmphasis,glrlm,ShortRunLowGrayLevelEmphasis,0.0327323362063336,0.0156897826228086,0.017042553583524998,0.5206641370201777,True,0.0327323362063336,,0.0156897826228086,,
moderate_z3,resample_linear,original_glszm_GrayLevelNonUniformity,glszm,GrayLevelNonUniformity,16.81679389312977,24.333333333333332,7.516539440203562,0.308898881104256,True,16.81679389312977,,24.333333333333332,,
moderate_z3,resample_linear,original_glszm_GrayLevelNonUniformityNormalized,glszm,GrayLevelNonUniformityNormalized,0.1283724724666394,0.119281045751634,0.009091426715005416,0.07082068717939538,True,0.1283724724666394,,0.119281045751634,,
moderate_z3,resample_linear,original_glszm_GrayLevelVariance,glszm,GrayLevelVariance,5.749198764640755,7.055050941945407,1.3058521773046516,0.18509464893311844,True,5.749198764640755,,7.055050941945407,,
moderate_z3,resample_linear,original_glszm_HighGrayLevelZoneEmphasis,glszm,HighGrayLevelZoneEmphasis,37.229007633587784,41.94607843137255,4.717070797784764,0.11245558522240176,True,37.229007633587784,,41.94607843137255,,
moderate_z3,resample_linear,original_glszm_LargeAreaEmphasis,glszm,LargeAreaEmphasis,63002.30534351145,883441.4215686275,820439.1162251161,0.928685361807413,True,63002.30534351145,,883441.4215686275,,
moderate_z3,resample_linear,original_glszm_LargeAreaHighGrayLevelEmphasis,glszm,LargeAreaHighGrayLevelEmphasis,2073227.7709923664,52352520.97058824,50279293.19959587,0.9603987022486059,True,2073227.7709923664,,52352520.97058824,,
moderate_z3,resample_linear,original_glszm_LargeAreaLowGrayLevelEmphasis,glszm,LargeAreaLowGrayLevelEmphasis,2400.232267320061,16839.684169338612,14439.45190201855,0.8574657194764757,True,2400.232267320061,,16839.684169338612,,
moderate_z3,resample_linear,original_glszm_LowGrayLevelZoneEmphasis,glszm,LowGrayLevelZoneEmphasis,0.0971847875423847,0.0573533852692694,0.0398314022731153,0.40985223387707503,True,0.0971847875423847,,0.0573533852692694,,
moderate_z3,resample_linear,original_glszm_SizeZoneNonUniformity,glszm,SizeZoneNonUniformity,21.748091603053435,47.627450980392155,25.87935937733872,0.5433706579844688,True,21.748091603053435,,47.627450980392155,,
moderate_z3,resample_linear,original_glszm_SizeZoneNonUniformityNormalized,glszm,SizeZoneNonUniformityNormalized,0.1660159664355224,0.2334678969627066,0.06745193052718418,0.2889130857162719,True,0.1660159664355224,,0.2334678969627066,,
moderate_z3,resample_linear,original_glszm_SmallAreaEmphasis,glszm,SmallAreaEmphasis,0.4121020102836982,0.4918651706367509,0.0797631603530527,0.16216468478504828,True,0.4121020102836982,,0.4918651706367509,,
moderate_z3,resample_linear,original_glszm_SmallAreaHighGrayLevelEmphasis,glszm,SmallAreaHighGrayLevelEmphasis,15.867735740185298,23.147931069405832,7.280195329220534,0.3145073876102312,True,15.867735740185298,,23.147931069405832,,
moderate_z3,resample_linear,original_glszm_SmallAreaLowGrayLevelEmphasis,glszm,SmallAreaLowGrayLevelEmphasis,0.037983109452293,0.0266516727601511,0.011331436692141903,0.29832830580588066,True,0.037983109452293,,0.0266516727601511,,
moderate_z3,resample_linear,original_glszm_ZoneEntropy,glszm,ZoneEntropy,5.801185001517869,5.6836293741001835,0.11755562741768522,0.02026407145900829,True,5.801185001517869,,5.6836293741001835,,
moderate_z3,resample_linear,original_glszm_ZonePercentage,glszm,ZonePercentage,0.0108032327230743,0.0056077849249546,0.005195447798119699,0.48091603053435095,True,0.0108032327230743,,0.0056077849249546,,
moderate_z3,resample_linear,original_glszm_ZoneVariance,glszm,ZoneVariance,54434.04731658994,851642.1404267589,797208.0931101689,0.9360834266734229,True,54434.04731658994,,851642.1404267589,,
moderate_z3,resample_linear,original_ngtdm_Busyness,ngtdm,Busyness,25.022526338132504,22.622523807218396,2.400002530914108,0.09591367787898696,True,25.022526338132504,,22.622523807218396,,
moderate_z3,resample_linear,original_ngtdm_Coarseness,ngtdm,Coarseness,0.0007897913675166,0.0004775502202967,0.0003122411472199,0.3953463662203642,True,0.0007897913675166,,0.0004775502202967,,
moderate_z3,resample_linear,original_ngtdm_Complexity,ngtdm,Complexity,26.94568433418289,25.481204000896543,1.464480333286346,0.05434934645280203,True,26.94568433418289,,25.481204000896543,,
moderate_z3,resample_linear,original_ngtdm_Contrast,ngtdm,Contrast,0.0491961938079195,0.0227047021556488,0.0264914916522707,0.5384866104825808,True,0.0491961938079195,,0.0227047021556488,,
moderate_z3,resample_linear,original_ngtdm_Strength,ngtdm,Strength,0.0272954048475106,0.0246685671786095,0.0026268376689010976,0.09623735876336237,True,0.0272954048475106,,0.0246685671786095,,
moderate_z3,resample_nearest,original_glcm_Autocorrelation,glcm,Autocorrelation,34.58753758495539,35.01355361228865,0.4260160273332616,0.012167174804666026,True,34.58753758495539,,,35.01355361228865,
moderate_z3,resample_nearest,original_glcm_ClusterProminence,glcm,ClusterProminence,311.3041398881424,360.3809909535497,49.07685106540731,0.13618046538901085,True,311.3041398881424,,,360.3809909535497,
moderate_z3,resample_nearest,original_glcm_ClusterShade,glcm,ClusterShade,0.4655828255547775,0.3577655934234817,0.10781723213129579,0.23157476224090381,True,0.4655828255547775,,,0.3577655934234817,
moderate_z3,resample_nearest,original_glcm_ClusterTendency,glcm,ClusterTendency,11.011881190591271,11.878739808738729,0.8668586181474573,0.07297563816573734,True,11.011881190591271,,,11.878739808738729,
moderate_z3,resample_nearest,original_glcm_Contrast,glcm,Contrast,1.4870374635756822,0.6203379442189056,0.8666995193567766,0.5828363713666896,True,1.4870374635756822,,,0.6203379442189056,
moderate_z3,resample_nearest,original_glcm_Correlation,glcm,Correlation,0.7621507062793819,0.9006874956659352,0.13853678938655334,0.15381227124078628,True,0.7621507062793819,,,0.9006874956659352,
moderate_z3,resample_nearest,original_glcm_DifferenceAverage,glcm,DifferenceAverage,0.839884673725355,0.4194894344032194,0.4203952393221356,0.5005392436290679,True,0.839884673725355,,,0.4194894344032194,
moderate_z3,resample_nearest,original_glcm_DifferenceEntropy,glcm,DifferenceEntropy,1.4150890296130916,1.14792293442726,0.2671660951858317,0.1887980823785195,True,1.4150890296130916,,,1.14792293442726,
moderate_z3,resample_nearest,original_glcm_DifferenceVariance,glcm,DifferenceVariance,0.6260606611850738,0.4283800979611037,0.19768056322397004,0.31575304995170816,True,0.6260606611850738,,,0.4283800979611037,
moderate_z3,resample_nearest,original_glcm_Id,glcm,Id,0.6834857947267582,0.822354566199323,0.13886877147256482,0.16886727110226282,True,0.6834857947267582,,,0.822354566199323,
moderate_z3,resample_nearest,original_glcm_Idm,glcm,Idm,0.6447729421223551,0.8103401337799588,0.1655671916576037,0.20431814340144985,True,0.6447729421223551,,,0.8103401337799588,
moderate_z3,resample_nearest,original_glcm_Idmn,glcm,Idmn,0.9857016853537784,0.9939898934655844,0.008288208111805973,0.008338322317250946,True,0.9857016853537784,,,0.9939898934655844,
moderate_z3,resample_nearest,original_glcm_Idn,glcm,Idn,0.928487553126832,0.963366939174278,0.034879386047446004,0.03620571210108358,True,0.928487553126832,,,0.963366939174278,
moderate_z3,resample_nearest,original_glcm_Imc1,glcm,Imc1,-0.3554414484150945,-0.5016839938060466,0.14624254539095205,0.2915033112407611,True,-0.3554414484150945,,,-0.5016839938060466,
moderate_z3,resample_nearest,original_glcm_Imc2,glcm,Imc2,0.8936891348910181,0.9652395347794313,0.07155039988841316,0.0741270920950863,True,0.8936891348910181,,,0.9652395347794313,
moderate_z3,resample_nearest,original_glcm_InverseVariance,glcm,InverseVariance,0.31547116828531,0.2567375216451895,0.05873364664012054,0.1861775418633573,True,0.31547116828531,,,0.2567375216451895,
moderate_z3,resample_nearest,original_glcm_JointAverage,glcm,JointAverage,5.67505992288611,5.6744094984649855,0.0006504244211242849,0.00011461102260811105,True,5.67505992288611,,,5.6744094984649855,
moderate_z3,resample_nearest,original_glcm_JointEnergy,glcm,JointEnergy,0.055287016928315,0.0789587777265358,0.023671760798220795,0.2997989771346902,True,0.055287016928315,,,0.0789587777265358,
moderate_z3,resample_nearest,original_glcm_JointEntropy,glcm,JointEntropy,4.6908746553418315,4.273123448194235,0.41775120714759684,0.0890561436494309,True,4.6908746553418315,,,4.273123448194235,
moderate_z3,resample_nearest,original_glcm_MCC,glcm,MCC,0.7655137585890059,0.9029555799409964,0.13744182135199046,0.15221326984985417,True,0.7655137585890059,,,0.9029555799409964,
moderate_z3,resample_nearest,original_glcm_MaximumProbability,glcm,MaximumProbability,0.1076572388849377,0.1560533966977057,0.048396157812768015,0.31012562902758994,True,0.1076572388849377,,,0.1560533966977057,
moderate_z3,resample_nearest,original_glcm_SumAverage,glcm,SumAverage,11.35011984577222,11.348818996929973,0.0013008488422467934,0.00011461102260795455,True,11.35011984577222,,,11.348818996929973,
moderate_z3,resample_nearest,original_glcm_SumEntropy,glcm,SumEntropy,3.5846603778211015,3.5886133188569582,0.00395294103585675,0.001101523258325262,True,3.5846603778211015,,,3.5886133188569582,
moderate_z3,resample_nearest,original_glcm_SumSquares,glcm,SumSquares,3.1247296635417383,3.1247694382394084,3.9774697670136305e-05,1.2728842385423034e-05,True,3.1247296635417383,,,3.1247694382394084,
moderate_z3,resample_nearest,original_gldm_DependenceEntropy,gldm,DependenceEntropy,6.748581417208246,6.799402987503875,0.050821570295628504,0.007474416561134816,True,6.748581417208246,,,6.799402987503875,
moderate_z3,resample_nearest,original_gldm_DependenceNonUniformity,gldm,DependenceNonUniformity,868.097971301336,3022.369893891913,2154.2719225905767,0.7127757350098918,True,868.097971301336,,,3022.369893891913,
moderate_z3,resample_nearest,original_gldm_DependenceNonUniformityNormalized,gldm,DependenceNonUniformityNormalized,0.0715898046595197,0.0830823545519795,0.011492549892459805,0.13832720502967483,True,0.0715898046595197,,,0.0830823545519795,
moderate_z3,resample_nearest,original_gldm_DependenceVariance,gldm,DependenceVariance,19.75530969571819,36.93834474911796,17.18303505339977,0.4651815117895904,True,19.75530969571819,,,36.93834474911796,
moderate_z3,resample_nearest,original_gldm_GrayLevelNonUniformity,gldm,GrayLevelNonUniformity,1871.541810984661,5614.625432953983,3743.0836219693224,0.6666666666666667,True,1871.541810984661,,,5614.625432953983,
moderate_z3,resample_nearest,original_gldm_GrayLevelVariance,gldm,GrayLevelVariance,3.193851224412078,3.193851224412078,0.0,0.0,False,3.193851224412078,,,3.193851224412078,
moderate_z3,resample_nearest,original_gldm_HighGrayLevelEmphasis,gldm,HighGrayLevelEmphasis,35.28814118423223,35.28814118423223,0.0,0.0,False,35.28814118423223,,,35.28814118423223,
moderate_z3,resample_nearest,original_gldm_LargeDependenceEmphasis,gldm,LargeDependenceEmphasis,164.7585353785255,343.6147121886855,178.85617681015998,0.5205137337424208,True,164.7585353785255,,,343.6147121886855,
moderate_z3,resample_nearest,original_gldm_LargeDependenceHighGrayLevelEmphasis,gldm,LargeDependenceHighGrayLevelEmphasis,5844.428995546759,12214.966903073286,6370.537907526526,0.521535421100789,True,5844.428995546759,,,12214.966903073286,
moderate_z3,resample_nearest,original_gldm_LargeDependenceLowGrayLevelEmphasis,gldm,LargeDependenceLowGrayLevelEmphasis,7.726119594189104,16.059810263683172,8.333690669494068,0.5189158858457654,True,7.726119594189104,,,16.059810263683172,
moderate_z3,resample_nearest,original_gldm_LowGrayLevelEmphasis,gldm,LowGrayLevelEmphasis,0.0509695439658383,0.0509695439658383,0.0,0.0,False,0.0509695439658383,,,0.0509695439658383,
moderate_z3,resample_nearest,original_gldm_SmallDependenceEmphasis,gldm,SmallDependenceEmphasis,0.0184646284013753,0.007052284133075,0.011412344268300302,0.6180652012173868,True,0.0184646284013753,,,0.007052284133075,
moderate_z3,resample_nearest,original_gldm_SmallDependenceHighGrayLevelEmphasis,gldm,SmallDependenceHighGrayLevelEmphasis,0.664409370361318,0.2511959188317118,0.4132134515296062,0.6219259841336873,True,0.664409370361318,,,0.2511959188317118,
moderate_z3,resample_nearest,original_gldm_SmallDependenceLowGrayLevelEmphasis,gldm,SmallDependenceLowGrayLevelEmphasis,0.0012243385755492,0.0004321981167118,0.0007921404588374,0.6469946097075889,True,0.0012243385755492,,,0.0004321981167118,
moderate_z3,resample_nearest,original_glrlm_GrayLevelNonUniformity,glrlm,GrayLevelNonUniformity,1060.4856227970497,1978.0170312826112,917.5314084855615,0.4638642610122543,True,1060.4856227970497,,,1978.0170312826112,
moderate_z3,resample_nearest,original_glrlm_GrayLevelNonUniformityNormalized,glrlm,GrayLevelNonUniformityNormalized,0.1510499332872742,0.1489834108289359,0.002066522458338299,0.013681055087976006,True,0.1510499332872742,,,0.1489834108289359,
moderate_z3,resample_nearest,original_glrlm_GrayLevelVariance,glrlm,GrayLevelVariance,3.328031593877766,3.406111705239234,0.07808011136146797,0.022923532202824184,True,3.328031593877766,,,3.406111705239234,
moderate_z3,resample_nearest,original_glrlm_HighGrayLevelRunEmphasis,glrlm,HighGrayLevelRunEmphasis,35.176505801514004,35.08185281700987,0.09465298450413684,0.002690801213691411,True,35.176505801514004,,,35.08185281700987,
moderate_z3,resample_nearest,original_glrlm_LongRunEmphasis,glrlm,LongRunEmphasis,8.538886686963691,13.450356072764182,4.9114693858004905,0.3651553430429842,True,8.538886686963691,,,13.450356072764182,
moderate_z3,resample_nearest,original_glrlm_LongRunHighGrayLevelEmphasis,glrlm,LongRunHighGrayLevelEmphasis,305.59498132009577,479.89360553284854,174.29862421275277,0.3632026395084402,True,305.59498132009577,,,479.89360553284854,
moderate_z3,resample_nearest,original_glrlm_LongRunLowGrayLevelEmphasis,glrlm,LongRunLowGrayLevelEmphasis,0.3906957237542382,0.6265616827157836,0.23586595896154539,0.37644491431266985,True,0.3906957237542382,,,0.6265616827157836,
moderate_z3,resample_nearest,original_glrlm_LowGrayLevelRunEmphasis,glrlm,LowGrayLevelRunEmphasis,0.0539520416041134,0.0557045068237138,0.001752465219600402,0.031460025759609905,True,0.0539520416041134,,,0.0557045068237138,
moderate_z3,resample_nearest,original_glrlm_RunEntropy,glrlm,RunEntropy,4.465247063041276,5.234586414538915,0.7693393514976394,0.1469723280068166,True,4.465247063041276,,,5.234586414538915,
moderate_z3,resample_nearest,original_glrlm_RunLengthNonUniformity,glrlm,RunLengthNonUniformity,3243.2719636032457,3273.5647619560605,30.29279835281477,0.009253764796366469,True,3243.2719636032457,,,3273.5647619560605,
moderate_z3,resample_nearest,original_glrlm_RunLengthNonUniformityNormalized,glrlm,RunLengthNonUniformityNormalized,0.4103940546942009,0.2470311326593294,0.16336292203487152,0.3980635688219192,True,0.4103940546942009,,,0.2470311326593294,
moderate_z3,resample_nearest,original_glrlm_RunPercentage,glrlm,RunPercentage,0.5753181339524732,0.3649162426995183,0.21040189125295494,0.3657139916787955,True,0.5753181339524732,,,0.3649162426995183,
moderate_z3,resample_nearest,original_glrlm_RunVariance,glrlm,RunVariance,3.03727160188601,4.34982238812889,1.3125507862428805,0.30174813340079487,True,3.03727160188601,,,4.34982238812889,
moderate_z3,resample_nearest,original_glrlm_ShortRunEmphasis,glrlm,ShortRunEmphasis,0.586800355325577,0.4031919544329083,0.18360840089266867,0.31289756256332946,True,0.586800355325577,,,0.4031919544329083,
moderate_z3,resample_nearest,original_glrlm_ShortRunHighGrayLevelEmphasis,glrlm,ShortRunHighGrayLevelEmphasis,20.704940890205833,14.169691434063642,6.535249456142191,0.3156371945613037,True,20.704940890205833,,,14.169691434063642,
moderate_z3,resample_nearest,original_glrlm_ShortRunLowGrayLevelEmphasis,glrlm,ShortRunLowGrayLevelEmphasis,0.0327323362063336,0.0247232344817111,0.008009101724622499,0.24468469571300458,True,0.0327323362063336,,,0.0247232344817111,
moderate_z3,resample_nearest,original_glszm_GrayLevelNonUniformity,glszm,GrayLevelNonUniformity,16.81679389312977,16.81679389312977,0.0,0.0,False,16.81679389312977,,,16.81679389312977,
moderate_z3,resample_nearest,original_glszm_GrayLevelNonUniformityNormalized,glszm,GrayLevelNonUniformityNormalized,0.1283724724666394,0.1283724724666394,0.0,0.0,False,0.1283724724666394,,,0.1283724724666394,
moderate_z3,resample_nearest,original_glszm_GrayLevelVariance,glszm,GrayLevelVariance,5.749198764640755,5.749198764640755,0.0,0.0,False,5.749198764640755,,,5.749198764640755,
moderate_z3,resample_nearest,original_glszm_HighGrayLevelZoneEmphasis,glszm,HighGrayLevelZoneEmphasis,37.229007633587784,37.229007633587784,0.0,0.0,False,37.229007633587784,,,37.229007633587784,
moderate_z3,resample_nearest,original_glszm_LargeAreaEmphasis,glszm,LargeAreaEmphasis,63002.30534351145,567020.748091603,504018.4427480916,0.8888888888888888,True,63002.30534351145,,,567020.748091603,
moderate_z3,resample_nearest,original_glszm_LargeAreaHighGrayLevelEmphasis,glszm,LargeAreaHighGrayLevelEmphasis,2073227.7709923664,18659049.938931298,16585822.16793893,0.8888888888888888,True,2073227.7709923664,,,18659049.938931298,
moderate_z3,resample_nearest,original_glszm_LargeAreaLowGrayLevelEmphasis,glszm,LargeAreaLowGrayLevelEmphasis,2400.232267320061,21602.09040588055,19201.85813856049,0.8888888888888888,True,2400.232267320061,,,21602.09040588055,
moderate_z3,resample_nearest,original_glszm_LowGrayLevelZoneEmphasis,glszm,LowGrayLevelZoneEmphasis,0.0971847875423847,0.0971847875423847,0.0,0.0,False,0.0971847875423847,,,0.0971847875423847,
moderate_z3,resample_nearest,original_glszm_SizeZoneNonUniformity,glszm,SizeZoneNonUniformity,21.748091603053435,21.748091603053435,0.0,0.0,False,21.748091603053435,,,21.748091603053435,
moderate_z3,resample_nearest,original_glszm_SizeZoneNonUniformityNormalized,glszm,SizeZoneNonUniformityNormalized,0.1660159664355224,0.1660159664355224,0.0,0.0,False,0.1660159664355224,,,0.1660159664355224,
moderate_z3,resample_nearest,original_glszm_SmallAreaEmphasis,glszm,SmallAreaEmphasis,0.4121020102836982,0.0457891122537442,0.366312898029954,0.888888888888889,True,0.4121020102836982,,,0.0457891122537442,
moderate_z3,resample_nearest,original_glszm_SmallAreaHighGrayLevelEmphasis,glszm,SmallAreaHighGrayLevelEmphasis,15.867735740185298,1.7630817489094777,14.10465399127582,0.8888888888888888,True,15.867735740185298,,,1.7630817489094777,
moderate_z3,resample_nearest,original_glszm_SmallAreaLowGrayLevelEmphasis,glszm,SmallAreaLowGrayLevelEmphasis,0.037983109452293,0.0042203454946992,0.033762763957593804,0.8888888888888895,True,0.037983109452293,,,0.0042203454946992,
moderate_z3,resample_nearest,original_glszm_ZoneEntropy,glszm,ZoneEntropy,5.801185001517869,5.801185001517869,0.0,0.0,False,5.801185001517869,,,5.801185001517869,
moderate_z3,resample_nearest,original_glszm_ZonePercentage,glszm,ZonePercentage,0.0108032327230743,0.0036010775743581,0.007202155148716199,0.6666666666666666,True,0.0108032327230743,,,0.0036010775743581,
moderate_z3,resample_nearest,original_glszm_ZoneVariance,glszm,ZoneVariance,54434.04731658994,489906.4258493095,435472.37853271957,0.888888888888889,True,54434.04731658994,,,489906.4258493095,
moderate_z3,resample_nearest,original_ngtdm_Busyness,ngtdm,Busyness,25.022526338132504,38.96929559566127,13.946769257528768,0.35789123319646454,True,25.022526338132504,,,38.96929559566127,
moderate_z3,resample_nearest,original_ngtdm_Coarseness,ngtdm,Coarseness,0.0007897913675166,0.0005071319610281,0.0002826594064885001,0.357891233196543,True,0.0007897913675166,,,0.0005071319610281,
moderate_z3,resample_nearest,original_ngtdm_Complexity,ngtdm,Complexity,26.94568433418289,13.977244127429287,12.968440206753602,0.48128078863827684,True,26.94568433418289,,,13.977244127429287,
moderate_z3,resample_nearest,original_ngtdm_Contrast,ngtdm,Contrast,0.0491961938079195,0.0255594785468289,0.0236367152610906,0.4804582109213012,True,0.0491961938079195,,,0.0255594785468289,
moderate_z3,resample_nearest,original_ngtdm_Strength,ngtdm,Strength,0.0272954048475106,0.0175124859515878,0.0097829188959228,0.3584090051265542,True,0.0272954048475106,,,0.0175124859515878,
moderate_z3,voxel_spacing_aware,original_glcm_Autocorrelation,glcm,Autocorrelation,34.58753758495539,34.74398626181157,0.15644867685617925,0.004502899456535242,True,34.58753758495539,,,,34.74398626181157
moderate_z3,voxel_spacing_aware,original_glcm_ClusterProminence,glcm,ClusterProminence,311.3041398881424,328.5988366830746,17.29469679493218,0.05263164340296336,True,311.3041398881424,,,,328.5988366830746
moderate_z3,voxel_spacing_aware,original_glcm_ClusterShade,glcm,ClusterShade,0.4655828255547775,0.4542942654109194,0.011288560143858095,0.02424608367030488,True,0.4655828255547775,,,,0.4542942654109194
moderate_z3,voxel_spacing_aware,original_glcm_ClusterTendency,glcm,ClusterTendency,11.011881190591271,11.317900139463354,0.30601894887208303,0.02703849169026094,True,11.011881190591271,,,,11.317900139463354
moderate_z3,voxel_spacing_aware,original_glcm_Contrast,glcm,Contrast,1.4870374635756822,1.16792739692491,0.31911006665077224,0.2145945038152909,True,1.4870374635756822,,,,1.16792739692491
moderate_z3,voxel_spacing_aware,original_glcm_Correlation,glcm,Correlation,0.7621507062793819,0.8129723909433494,0.050821684663967526,0.06251342017284933,True,0.7621507062793819,,,,0.8129723909433494
moderate_z3,voxel_spacing_aware,original_glcm_DifferenceAverage,glcm,DifferenceAverage,0.839884673725355,0.6876541227857468,0.15223055093960824,0.18125173098394712,True,0.839884673725355,,,,0.6876541227857468
moderate_z3,voxel_spacing_aware,original_glcm_DifferenceEntropy,glcm,DifferenceEntropy,1.4150890296130916,1.2597128225869818,0.15537620702610977,0.1097995983112046,True,1.4150890296130916,,,,1.2597128225869818
moderate_z3,voxel_spacing_aware,original_glcm_DifferenceVariance,glcm,DifferenceVariance,0.6260606611850738,0.5119734232864885,0.11408723789858521,0.18223032522540042,True,0.6260606611850738,,,,0.5119734232864885
moderate_z3,voxel_spacing_aware,original_glcm_Id,glcm,Id,0.6834857947267582,0.7328340227161005,0.04934822798934235,0.06733888774219729,True,0.6834857947267582,,,,0.7328340227161005
moderate_z3,voxel_spacing_aware,original_glcm_Idm,glcm,Idm,0.6447729421223551,0.7042002660210429,0.05942732389868777,0.0843898060909167,True,0.6447729421223551,,,,0.7042002660210429
moderate_z3,voxel_spacing_aware,original_glcm_Idmn,glcm,Idmn,0.9857016853537784,0.988752840887214,0.003051155533435601,0.003085862722475498,True,0.9857016853537784,,,,0.988752840887214
moderate_z3,voxel_spacing_aware,original_glcm_Idn,glcm,Idn,0.928487553126832,0.9410770876056476,0.012589534478815612,0.013377793004021341,True,0.928487553126832,,,,0.9410770876056476
moderate_z3,voxel_spacing_aware,original_glcm_Imc1,glcm,Imc1,-0.3554414484150945,-0.4281167495278447,0.07267530111275017,0.16975579954043207,True,-0.3554414484150945,,,,-0.4281167495278447
moderate_z3,voxel_spacing_aware,original_glcm_Imc2,glcm,Imc2,0.8936891348910181,0.9167983746629752,0.023109239771957113,0.025206458050770774,True,0.8936891348910181,,,,0.9167983746629752
moderate_z3,voxel_spacing_aware,original_glcm_InverseVariance,glcm,InverseVariance,0.31547116828531,0.2993793672890201,0.01609180099628993,0.051008784998496634,True,0.31547116828531,,,,0.2993793672890201
moderate_z3,voxel_spacing_aware,original_glcm_JointAverage,glcm,JointAverage,5.67505992288611,5.6750743906051175,1.4467719007704716e-05,2.5493443806931422e-06,True,5.67505992288611,,,,5.6750743906051175
moderate_z3,voxel_spacing_aware,original_glcm_JointEnergy,glcm,JointEnergy,0.055287016928315,0.0655015643146917,0.010214547386376699,0.15594356399341172,True,0.055287016928315,,,,0.0655015643146917
moderate_z3,voxel_spacing_aware,original_glcm_JointEntropy,glcm,JointEntropy,4.6908746553418315,4.482282144736983,0.2085925106048485,0.04446772210536673,True,4.6908746553418315,,,,4.482282144736983
moderate_z3,voxel_spacing_aware,original_glcm_MCC,glcm,MCC,0.7655137585890059,0.8161590963602003,0.0506453377711944,0.06205326632645015,True,0.7655137585890059,,,,0.8161590963602003
moderate_z3,voxel_spacing_aware,original_glcm_MaximumProbability,glcm,MaximumProbability,0.1076572388849377,0.1247714078826162,0.01711416899767851,0.13716418920093745,True,0.1076572388849377,,,,0.1247714078826162
moderate_z3,voxel_spacing_aware,original_glcm_SumAverage,glcm,SumAverage,11.35011984577222,11.350148781210237,2.893543801718579e-05,2.5493443808496473e-06,True,11.35011984577222,,,,11.350148781210237
moderate_z3,voxel_spacing_aware,original_glcm_SumEntropy,glcm,SumEntropy,3.5846603778211015,3.597234429304922,0.012574051483820625,0.0034954773537654187,True,3.5846603778211015,,,,3.597234429304922
moderate_z3,voxel_spacing_aware,original_glcm_SumSquares,glcm,SumSquares,3.1247296635417383,3.1214568840970656,0.0032727794446727465,0.0010473800286976507,True,3.1247296635417383,,,,3.1214568840970656
moderate_z3,voxel_spacing_aware,original_gldm_DependenceEntropy,gldm,DependenceEntropy,6.748581417208246,6.799402987503875,0.050821570295628504,0.007474416561134816,True,6.748581417208246,,,,6.799402987503875
moderate_z3,voxel_spacing_aware,original_gldm_DependenceNonUniformity,gldm,DependenceNonUniformity,868.097971301336,3022.369893891913,2154.2719225905767,0.7127757350098918,True,868.097971301336,,,,3022.369893891913
moderate_z3,voxel_spacing_aware,original_gldm_DependenceNonUniformityNormalized,gldm,DependenceNonUniformityNormalized,0.0715898046595197,0.0830823545519795,0.011492549892459805,0.13832720502967483,True,0.0715898046595197,,,,0.0830823545519795
moderate_z3,voxel_spacing_aware,original_gldm_DependenceVariance,gldm,DependenceVariance,19.75530969571819,36.93834474911796,17.18303505339977,0.4651815117895904,True,19.75530969571819,,,,36.93834474911796
moderate_z3,voxel_spacing_aware,original_gldm_GrayLevelNonUniformity,gldm,GrayLevelNonUniformity,1871.541810984661,5614.625432953983,3743.0836219693224,0.6666666666666667,True,1871.541810984661,,,,5614.625432953983
moderate_z3,voxel_spacing_aware,original_gldm_GrayLevelVariance,gldm,GrayLevelVariance,3.193851224412078,3.193851224412078,0.0,0.0,False,3.193851224412078,,,,3.193851224412078
moderate_z3,voxel_spacing_aware,original_gldm_HighGrayLevelEmphasis,gldm,HighGrayLevelEmphasis,35.28814118423223,35.28814118423223,0.0,0.0,False,35.28814118423223,,,,35.28814118423223
moderate_z3,voxel_spacing_aware,original_gldm_LargeDependenceEmphasis,gldm,LargeDependenceEmphasis,164.7585353785255,343.6147121886855,178.85617681015998,0.5205137337424208,True,164.7585353785255,,,,343.6147121886855
moderate_z3,voxel_spacing_aware,original_gldm_LargeDependenceHighGrayLevelEmphasis,gldm,LargeDependenceHighGrayLevelEmphasis,5844.428995546759,12214.966903073286,6370.537907526526,0.521535421100789,True,5844.428995546759,,,,12214.966903073286
moderate_z3,voxel_spacing_aware,original_gldm_LargeDependenceLowGrayLevelEmphasis,gldm,LargeDependenceLowGrayLevelEmphasis,7.726119594189104,16.059810263683172,8.333690669494068,0.5189158858457654,True,7.726119594189104,,,,16.059810263683172
moderate_z3,voxel_spacing_aware,original_gldm_LowGrayLevelEmphasis,gldm,LowGrayLevelEmphasis,0.0509695439658383,0.0509695439658383,0.0,0.0,False,0.0509695439658383,,,,0.0509695439658383
moderate_z3,voxel_spacing_aware,original_gldm_SmallDependenceEmphasis,gldm,SmallDependenceEmphasis,0.0184646284013753,0.007052284133075,0.011412344268300302,0.6180652012173868,True,0.0184646284013753,,,,0.007052284133075
moderate_z3,voxel_spacing_aware,original_gldm_SmallDependenceHighGrayLevelEmphasis,gldm,SmallDependenceHighGrayLevelEmphasis,0.664409370361318,0.2511959188317118,0.4132134515296062,0.6219259841336873,True,0.664409370361318,,,,0.2511959188317118
moderate_z3,voxel_spacing_aware,original_gldm_SmallDependenceLowGrayLevelEmphasis,gldm,SmallDependenceLowGrayLevelEmphasis,0.0012243385755492,0.0004321981167118,0.0007921404588374,0.6469946097075889,True,0.0012243385755492,,,,0.0004321981167118
moderate_z3,voxel_spacing_aware,original_glrlm_GrayLevelNonUniformity,glrlm,GrayLevelNonUniformity,1060.4856227970497,1978.0170312826112,917.5314084855615,0.4638642610122543,True,1060.4856227970497,,,,1978.0170312826112
moderate_z3,voxel_spacing_aware,original_glrlm_GrayLevelNonUniformityNormalized,glrlm,GrayLevelNonUniformityNormalized,0.1510499332872742,0.1489834108289359,0.002066522458338299,0.013681055087976006,True,0.1510499332872742,,,,0.1489834108289359
moderate_z3,voxel_spacing_aware,original_glrlm_GrayLevelVariance,glrlm,GrayLevelVariance,3.328031593877766,3.406111705239234,0.07808011136146797,0.022923532202824184,True,3.328031593877766,,,,3.406111705239234
moderate_z3,voxel_spacing_aware,original_glrlm_HighGrayLevelRunEmphasis,glrlm,HighGrayLevelRunEmphasis,35.176505801514004,35.08185281700987,0.09465298450413684,0.002690801213691411,True,35.176505801514004,,,,35.08185281700987
moderate_z3,voxel_spacing_aware,original_glrlm_LongRunEmphasis,glrlm,LongRunEmphasis,8.538886686963691,13.450356072764182,4.9114693858004905,0.3651553430429842,True,8.538886686963691,,,,13.450356072764182
moderate_z3,voxel_spacing_aware,original_glrlm_LongRunHighGrayLevelEmphasis,glrlm,LongRunHighGrayLevelEmphasis,305.59498132009577,479.89360553284854,174.29862421275277,0.3632026395084402,True,305.59498132009577,,,,479.89360553284854
moderate_z3,voxel_spacing_aware,original_glrlm_LongRunLowGrayLevelEmphasis,glrlm,LongRunLowGrayLevelEmphasis,0.3906957237542382,0.6265616827157836,0.23586595896154539,0.37644491431266985,True,0.3906957237542382,,,,0.6265616827157836
moderate_z3,voxel_spacing_aware,original_glrlm_LowGrayLevelRunEmphasis,glrlm,LowGrayLevelRunEmphasis,0.0539520416041134,0.0557045068237138,0.001752465219600402,0.031460025759609905,True,0.0539520416041134,,,,0.0557045068237138
moderate_z3,voxel_spacing_aware,original_glrlm_RunEntropy,glrlm,RunEntropy,4.465247063041276,5.234586414538915,0.7693393514976394,0.1469723280068166,True,4.465247063041276,,,,5.234586414538915
moderate_z3,voxel_spacing_aware,original_glrlm_RunLengthNonUniformity,glrlm,RunLengthNonUniformity,3243.2719636032457,3273.5647619560605,30.29279835281477,0.009253764796366469,True,3243.2719636032457,,,,3273.5647619560605
moderate_z3,voxel_spacing_aware,original_glrlm_RunLengthNonUniformityNormalized,glrlm,RunLengthNonUniformityNormalized,0.4103940546942009,0.2470311326593294,0.16336292203487152,0.3980635688219192,True,0.4103940546942009,,,,0.2470311326593294
moderate_z3,voxel_spacing_aware,original_glrlm_RunPercentage,glrlm,RunPercentage,0.5753181339524732,0.3649162426995183,0.21040189125295494,0.3657139916787955,True,0.5753181339524732,,,,0.3649162426995183
moderate_z3,voxel_spacing_aware,original_glrlm_RunVariance,glrlm,RunVariance,3.03727160188601,4.34982238812889,1.3125507862428805,0.30174813340079487,True,3.03727160188601,,,,4.34982238812889
moderate_z3,voxel_spacing_aware,original_glrlm_ShortRunEmphasis,glrlm,ShortRunEmphasis,0.586800355325577,0.4031919544329083,0.18360840089266867,0.31289756256332946,True,0.586800355325577,,,,0.4031919544329083
moderate_z3,voxel_spacing_aware,original_glrlm_ShortRunHighGrayLevelEmphasis,glrlm,ShortRunHighGrayLevelEmphasis,20.704940890205833,14.169691434063642,6.535249456142191,0.3156371945613037,True,20.704940890205833,,,,14.169691434063642
moderate_z3,voxel_spacing_aware,original_glrlm_ShortRunLowGrayLevelEmphasis,glrlm,ShortRunLowGrayLevelEmphasis,0.0327323362063336,0.0247232344817111,0.008009101724622499,0.24468469571300458,True,0.0327323362063336,,,,0.0247232344817111
moderate_z3,voxel_spacing_aware,original_glszm_GrayLevelNonUniformity,glszm,GrayLevelNonUniformity,16.81679389312977,16.81679389312977,0.0,0.0,False,16.81679389312977,,,,16.81679389312977
moderate_z3,voxel_spacing_aware,original_glszm_GrayLevelNonUniformityNormalized,glszm,GrayLevelNonUniformityNormalized,0.1283724724666394,0.1283724724666394,0.0,0.0,False,0.1283724724666394,,,,0.1283724724666394
moderate_z3,voxel_spacing_aware,original_glszm_GrayLevelVariance,glszm,GrayLevelVariance,5.749198764640755,5.749198764640755,0.0,0.0,False,5.749198764640755,,,,5.749198764640755
moderate_z3,voxel_spacing_aware,original_glszm_HighGrayLevelZoneEmphasis,glszm,HighGrayLevelZoneEmphasis,37.229007633587784,37.229007633587784,0.0,0.0,False,37.229007633587784,,,,37.229007633587784
moderate_z3,voxel_spacing_aware,original_glszm_LargeAreaEmphasis,glszm,LargeAreaEmphasis,63002.30534351145,567020.748091603,504018.4427480916,0.8888888888888888,True,63002.30534351145,,,,567020.748091603
moderate_z3,voxel_spacing_aware,original_glszm_LargeAreaHighGrayLevelEmphasis,glszm,LargeAreaHighGrayLevelEmphasis,2073227.7709923664,18659049.938931298,16585822.16793893,0.8888888888888888,True,2073227.7709923664,,,,18659049.938931298
moderate_z3,voxel_spacing_aware,original_glszm_LargeAreaLowGrayLevelEmphasis,glszm,LargeAreaLowGrayLevelEmphasis,2400.232267320061,21602.09040588055,19201.85813856049,0.8888888888888888,True,2400.232267320061,,,,21602.09040588055
moderate_z3,voxel_spacing_aware,original_glszm_LowGrayLevelZoneEmphasis,glszm,LowGrayLevelZoneEmphasis,0.0971847875423847,0.0971847875423847,0.0,0.0,False,0.0971847875423847,,,,0.0971847875423847
moderate_z3,voxel_spacing_aware,original_glszm_SizeZoneNonUniformity,glszm,SizeZoneNonUniformity,21.748091603053435,21.748091603053435,0.0,0.0,False,21.748091603053435,,,,21.748091603053435
moderate_z3,voxel_spacing_aware,original_glszm_SizeZoneNonUniformityNormalized,glszm,SizeZoneNonUniformityNormalized,0.1660159664355224,0.1660159664355224,0.0,0.0,False,0.1660159664355224,,,,0.1660159664355224
moderate_z3,voxel_spacing_aware,original_glszm_SmallAreaEmphasis,glszm,SmallAreaEmphasis,0.4121020102836982,0.0457891122537442,0.366312898029954,0.888888888888889,True,0.4121020102836982,,,,0.0457891122537442
moderate_z3,voxel_spacing_aware,original_glszm_SmallAreaHighGrayLevelEmphasis,glszm,SmallAreaHighGrayLevelEmphasis,15.867735740185298,1.7630817489094777,14.10465399127582,0.8888888888888888,True,15.867735740185298,,,,1.7630817489094777
moderate_z3,voxel_spacing_aware,original_glszm_SmallAreaLowGrayLevelEmphasis,glszm,SmallAreaLowGrayLevelEmphasis,0.037983109452293,0.0042203454946992,0.033762763957593804,0.8888888888888895,True,0.037983109452293,,,,0.0042203454946992
moderate_z3,voxel_spacing_aware,original_glszm_ZoneEntropy,glszm,ZoneEntropy,5.801185001517869,5.801185001517869,0.0,0.0,False,5.801185001517869,,,,5.801185001517869
moderate_z3,voxel_spacing_aware,original_glszm_ZonePercentage,glszm,ZonePercentage,0.0108032327230743,0.0036010775743581,0.007202155148716199,0.6666666666666666,True,0.0108032327230743,,,,0.0036010775743581
moderate_z3,voxel_spacing_aware,original_glszm_ZoneVariance,glszm,ZoneVariance,54434.04731658994,489906.4258493095,435472.37853271957,0.888888888888889,True,54434.04731658994,,,,489906.4258493095
moderate_z3,voxel_spacing_aware,original_ngtdm_Busyness,ngtdm,Busyness,25.022526338132504,18.54298158401816,6.479544754114343,0.25894846373845115,True,25.022526338132504,,,,18.54298158401816
moderate_z3,voxel_spacing_aware,original_ngtdm_Coarseness,ngtdm,Coarseness,0.0007897913675166,0.0010657711763218,0.0002759798088051999,0.2589484637384022,True,0.0007897913675166,,,,0.0010657711763218
moderate_z3,voxel_spacing_aware,original_ngtdm_Complexity,ngtdm,Complexity,26.94568433418289,20.085661222462505,6.860023111720384,0.25458708068578767,True,26.94568433418289,,,,20.085661222462505
moderate_z3,voxel_spacing_aware,original_ngtdm_Contrast,ngtdm,Contrast,0.0491961938079195,0.0367622819161458,0.012433911891773702,0.252741338899517,True,0.0491961938079195,,,,0.0367622819161458
moderate_z3,voxel_spacing_aware,original_ngtdm_Strength,ngtdm,Strength,0.0272954048475106,0.0365273850520686,0.009231980204558003,0.2527413388995165,True,0.0272954048475106,,,,0.0365273850520686
strong_z5,native_original,original_glcm_Autocorrelation,glcm,Autocorrelation,34.58753758495539,34.58753758495539,0.0,0.0,False,34.58753758495539,,,,
strong_z5,native_original,original_glcm_ClusterProminence,glcm,ClusterProminence,311.3041398881424,311.3041398881424,0.0,0.0,False,311.3041398881424,,,,
strong_z5,native_original,original_glcm_ClusterShade,glcm,ClusterShade,0.4655828255547775,0.4655828255547775,0.0,0.0,False,0.4655828255547775,,,,
strong_z5,native_original,original_glcm_ClusterTendency,glcm,ClusterTendency,11.011881190591271,11.011881190591271,0.0,0.0,False,11.011881190591271,,,,
strong_z5,native_original,original_glcm_Contrast,glcm,Contrast,1.4870374635756822,1.4870374635756822,0.0,0.0,False,1.4870374635756822,,,,
strong_z5,native_original,original_glcm_Correlation,glcm,Correlation,0.7621507062793819,0.7621507062793819,0.0,0.0,False,0.7621507062793819,,,,
strong_z5,native_original,original_glcm_DifferenceAverage,glcm,DifferenceAverage,0.839884673725355,0.839884673725355,0.0,0.0,False,0.839884673725355,,,,
strong_z5,native_original,original_glcm_DifferenceEntropy,glcm,DifferenceEntropy,1.4150890296130916,1.4150890296130916,0.0,0.0,False,1.4150890296130916,,,,
strong_z5,native_original,original_glcm_DifferenceVariance,glcm,DifferenceVariance,0.6260606611850738,0.6260606611850738,0.0,0.0,False,0.6260606611850738,,,,
strong_z5,native_original,original_glcm_Id,glcm,Id,0.6834857947267582,0.6834857947267582,0.0,0.0,False,0.6834857947267582,,,,
strong_z5,native_original,original_glcm_Idm,glcm,Idm,0.6447729421223551,0.6447729421223551,0.0,0.0,False,0.6447729421223551,,,,
strong_z5,native_original,original_glcm_Idmn,glcm,Idmn,0.9857016853537784,0.9857016853537784,0.0,0.0,False,0.9857016853537784,,,,
strong_z5,native_original,original_glcm_Idn,glcm,Idn,0.928487553126832,0.928487553126832,0.0,0.0,False,0.928487553126832,,,,
strong_z5,native_original,original_glcm_Imc1,glcm,Imc1,-0.3554414484150945,-0.3554414484150945,0.0,0.0,False,-0.3554414484150945,,,,
strong_z5,native_original,original_glcm_Imc2,glcm,Imc2,0.8936891348910181,0.8936891348910181,0.0,0.0,False,0.8936891348910181,,,,
strong_z5,native_original,original_glcm_InverseVariance,glcm,InverseVariance,0.31547116828531,0.31547116828531,0.0,0.0,False,0.31547116828531,,,,
strong_z5,native_original,original_glcm_JointAverage,glcm,JointAverage,5.67505992288611,5.67505992288611,0.0,0.0,False,5.67505992288611,,,,
strong_z5,native_original,original_glcm_JointEnergy,glcm,JointEnergy,0.055287016928315,0.055287016928315,0.0,0.0,False,0.055287016928315,,,,
strong_z5,native_original,original_glcm_JointEntropy,glcm,JointEntropy,4.6908746553418315,4.6908746553418315,0.0,0.0,False,4.6908746553418315,,,,
strong_z5,native_original,original_glcm_MCC,glcm,MCC,0.7655137585890059,0.7655137585890059,0.0,0.0,False,0.7655137585890059,,,,
strong_z5,native_original,original_glcm_MaximumProbability,glcm,MaximumProbability,0.1076572388849377,0.1076572388849377,0.0,0.0,False,0.1076572388849377,,,,
strong_z5,native_original,original_glcm_SumAverage,glcm,SumAverage,11.35011984577222,11.35011984577222,0.0,0.0,False,11.35011984577222,,,,
strong_z5,native_original,original_glcm_SumEntropy,glcm,SumEntropy,3.5846603778211015,3.5846603778211015,0.0,0.0,False,3.5846603778211015,,,,
strong_z5,native_original,original_glcm_SumSquares,glcm,SumSquares,3.1247296635417383,3.1247296635417383,0.0,0.0,False,3.1247296635417383,,,,
strong_z5,native_original,original_gldm_DependenceEntropy,gldm,DependenceEntropy,6.748581417208246,6.748581417208246,0.0,0.0,False,6.748581417208246,,,,
strong_z5,native_original,original_gldm_DependenceNonUniformity,gldm,DependenceNonUniformity,868.097971301336,868.097971301336,0.0,0.0,False,868.097971301336,,,,
strong_z5,native_original,original_gldm_DependenceNonUniformityNormalized,gldm,DependenceNonUniformityNormalized,0.0715898046595197,0.0715898046595197,0.0,0.0,False,0.0715898046595197,,,,
strong_z5,native_original,original_gldm_DependenceVariance,gldm,DependenceVariance,19.75530969571819,19.75530969571819,0.0,0.0,False,19.75530969571819,,,,
strong_z5,native_original,original_gldm_GrayLevelNonUniformity,gldm,GrayLevelNonUniformity,1871.541810984661,1871.541810984661,0.0,0.0,False,1871.541810984661,,,,
strong_z5,native_original,original_gldm_GrayLevelVariance,gldm,GrayLevelVariance,3.193851224412078,3.193851224412078,0.0,0.0,False,3.193851224412078,,,,
strong_z5,native_original,original_gldm_HighGrayLevelEmphasis,gldm,HighGrayLevelEmphasis,35.28814118423223,35.28814118423223,0.0,0.0,False,35.28814118423223,,,,
strong_z5,native_original,original_gldm_LargeDependenceEmphasis,gldm,LargeDependenceEmphasis,164.7585353785255,164.7585353785255,0.0,0.0,False,164.7585353785255,,,,
strong_z5,native_original,original_gldm_LargeDependenceHighGrayLevelEmphasis,gldm,LargeDependenceHighGrayLevelEmphasis,5844.428995546759,5844.428995546759,0.0,0.0,False,5844.428995546759,,,,
strong_z5,native_original,original_gldm_LargeDependenceLowGrayLevelEmphasis,gldm,LargeDependenceLowGrayLevelEmphasis,7.726119594189104,7.726119594189104,0.0,0.0,False,7.726119594189104,,,,
strong_z5,native_original,original_gldm_LowGrayLevelEmphasis,gldm,LowGrayLevelEmphasis,0.0509695439658383,0.0509695439658383,0.0,0.0,False,0.0509695439658383,,,,
strong_z5,native_original,original_gldm_SmallDependenceEmphasis,gldm,SmallDependenceEmphasis,0.0184646284013753,0.0184646284013753,0.0,0.0,False,0.0184646284013753,,,,
strong_z5,native_original,original_gldm_SmallDependenceHighGrayLevelEmphasis,gldm,SmallDependenceHighGrayLevelEmphasis,0.664409370361318,0.664409370361318,0.0,0.0,False,0.664409370361318,,,,
strong_z5,native_original,original_gldm_SmallDependenceLowGrayLevelEmphasis,gldm,SmallDependenceLowGrayLevelEmphasis,0.0012243385755492,0.0012243385755492,0.0,0.0,False,0.0012243385755492,,,,
strong_z5,native_original,original_glrlm_GrayLevelNonUniformity,glrlm,GrayLevelNonUniformity,1060.4856227970497,1060.4856227970497,0.0,0.0,False,1060.4856227970497,,,,
strong_z5,native_original,original_glrlm_GrayLevelNonUniformityNormalized,glrlm,GrayLevelNonUniformityNormalized,0.1510499332872742,0.1510499332872742,0.0,0.0,False,0.1510499332872742,,,,
strong_z5,native_original,original_glrlm_GrayLevelVariance,glrlm,GrayLevelVariance,3.328031593877766,3.328031593877766,0.0,0.0,False,3.328031593877766,,,,
strong_z5,native_original,original_glrlm_HighGrayLevelRunEmphasis,glrlm,HighGrayLevelRunEmphasis,35.176505801514004,35.176505801514004,0.0,0.0,False,35.176505801514004,,,,
strong_z5,native_original,original_glrlm_LongRunEmphasis,glrlm,LongRunEmphasis,8.538886686963691,8.538886686963691,0.0,0.0,False,8.538886686963691,,,,
strong_z5,native_original,original_glrlm_LongRunHighGrayLevelEmphasis,glrlm,LongRunHighGrayLevelEmphasis,305.59498132009577,305.59498132009577,0.0,0.0,False,305.59498132009577,,,,
strong_z5,native_original,original_glrlm_LongRunLowGrayLevelEmphasis,glrlm,LongRunLowGrayLevelEmphasis,0.3906957237542382,0.3906957237542382,0.0,0.0,False,0.3906957237542382,,,,
strong_z5,native_original,original_glrlm_LowGrayLevelRunEmphasis,glrlm,LowGrayLevelRunEmphasis,0.0539520416041134,0.0539520416041134,0.0,0.0,False,0.0539520416041134,,,,
strong_z5,native_original,original_glrlm_RunEntropy,glrlm,RunEntropy,4.465247063041276,4.465247063041276,0.0,0.0,False,4.465247063041276,,,,
strong_z5,native_original,original_glrlm_RunLengthNonUniformity,glrlm,RunLengthNonUniformity,3243.2719636032457,3243.2719636032457,0.0,0.0,False,3243.2719636032457,,,,
strong_z5,native_original,original_glrlm_RunLengthNonUniformityNormalized,glrlm,RunLengthNonUniformityNormalized,0.4103940546942009,0.4103940546942009,0.0,0.0,False,0.4103940546942009,,,,
strong_z5,native_original,original_glrlm_RunPercentage,glrlm,RunPercentage,0.5753181339524732,0.5753181339524732,0.0,0.0,False,0.5753181339524732,,,,
strong_z5,native_original,original_glrlm_RunVariance,glrlm,RunVariance,3.03727160188601,3.03727160188601,0.0,0.0,False,3.03727160188601,,,,
strong_z5,native_original,original_glrlm_ShortRunEmphasis,glrlm,ShortRunEmphasis,0.586800355325577,0.586800355325577,0.0,0.0,False,0.586800355325577,,,,
strong_z5,native_original,original_glrlm_ShortRunHighGrayLevelEmphasis,glrlm,ShortRunHighGrayLevelEmphasis,20.704940890205833,20.704940890205833,0.0,0.0,False,20.704940890205833,,,,
strong_z5,native_original,original_glrlm_ShortRunLowGrayLevelEmphasis,glrlm,ShortRunLowGrayLevelEmphasis,0.0327323362063336,0.0327323362063336,0.0,0.0,False,0.0327323362063336,,,,
strong_z5,native_original,original_glszm_GrayLevelNonUniformity,glszm,GrayLevelNonUniformity,16.81679389312977,16.81679389312977,0.0,0.0,False,16.81679389312977,,,,
strong_z5,native_original,original_glszm_GrayLevelNonUniformityNormalized,glszm,GrayLevelNonUniformityNormalized,0.1283724724666394,0.1283724724666394,0.0,0.0,False,0.1283724724666394,,,,
strong_z5,native_original,original_glszm_GrayLevelVariance,glszm,GrayLevelVariance,5.749198764640755,5.749198764640755,0.0,0.0,False,5.749198764640755,,,,
strong_z5,native_original,original_glszm_HighGrayLevelZoneEmphasis,glszm,HighGrayLevelZoneEmphasis,37.229007633587784,37.229007633587784,0.0,0.0,False,37.229007633587784,,,,
strong_z5,native_original,original_glszm_LargeAreaEmphasis,glszm,LargeAreaEmphasis,63002.30534351145,63002.30534351145,0.0,0.0,False,63002.30534351145,,,,
strong_z5,native_original,original_glszm_LargeAreaHighGrayLevelEmphasis,glszm,LargeAreaHighGrayLevelEmphasis,2073227.7709923664,2073227.7709923664,0.0,0.0,False,2073227.7709923664,,,,
strong_z5,native_original,original_glszm_LargeAreaLowGrayLevelEmphasis,glszm,LargeAreaLowGrayLevelEmphasis,2400.232267320061,2400.232267320061,0.0,0.0,False,2400.232267320061,,,,
strong_z5,native_original,original_glszm_LowGrayLevelZoneEmphasis,glszm,LowGrayLevelZoneEmphasis,0.0971847875423847,0.0971847875423847,0.0,0.0,False,0.0971847875423847,,,,
strong_z5,native_original,original_glszm_SizeZoneNonUniformity,glszm,SizeZoneNonUniformity,21.748091603053435,21.748091603053435,0.0,0.0,False,21.748091603053435,,,,
strong_z5,native_original,original_glszm_SizeZoneNonUniformityNormalized,glszm,SizeZoneNonUniformityNormalized,0.1660159664355224,0.1660159664355224,0.0,0.0,False,0.1660159664355224,,,,
strong_z5,native_original,original_glszm_SmallAreaEmphasis,glszm,SmallAreaEmphasis,0.4121020102836982,0.4121020102836982,0.0,0.0,False,0.4121020102836982,,,,
strong_z5,native_original,original_glszm_SmallAreaHighGrayLevelEmphasis,glszm,SmallAreaHighGrayLevelEmphasis,15.867735740185298,15.867735740185298,0.0,0.0,False,15.867735740185298,,,,
strong_z5,native_original,original_glszm_SmallAreaLowGrayLevelEmphasis,glszm,SmallAreaLowGrayLevelEmphasis,0.037983109452293,0.037983109452293,0.0,0.0,False,0.037983109452293,,,,
strong_z5,native_original,original_glszm_ZoneEntropy,glszm,ZoneEntropy,5.801185001517869,5.801185001517869,0.0,0.0,False,5.801185001517869,,,,
strong_z5,native_original,original_glszm_ZonePercentage,glszm,ZonePercentage,0.0108032327230743,0.0108032327230743,0.0,0.0,False,0.0108032327230743,,,,
strong_z5,native_original,original_glszm_ZoneVariance,glszm,ZoneVariance,54434.04731658994,54434.04731658994,0.0,0.0,False,54434.04731658994,,,,
strong_z5,native_original,original_ngtdm_Busyness,ngtdm,Busyness,25.022526338132504,25.022526338132504,0.0,0.0,False,25.022526338132504,,,,
strong_z5,native_original,original_ngtdm_Coarseness,ngtdm,Coarseness,0.0007897913675166,0.0007897913675166,0.0,0.0,False,0.0007897913675166,,,,
strong_z5,native_original,original_ngtdm_Complexity,ngtdm,Complexity,26.94568433418289,26.94568433418289,0.0,0.0,False,26.94568433418289,,,,
strong_z5,native_original,original_ngtdm_Contrast,ngtdm,Contrast,0.0491961938079195,0.0491961938079195,0.0,0.0,False,0.0491961938079195,,,,
strong_z5,native_original,original_ngtdm_Strength,ngtdm,Strength,0.0272954048475106,0.0272954048475106,0.0,0.0,False,0.0272954048475106,,,,
strong_z5,resample_bspline,original_glcm_Autocorrelation,glcm,Autocorrelation,34.58753758495539,60.06042420874596,25.472886623790565,0.42412099080847354,True,34.58753758495539,60.06042420874596,,,
strong_z5,resample_bspline,original_glcm_ClusterProminence,glcm,ClusterProminence,311.3041398881424,506.28948331948936,194.98534343134696,0.3851261972753703,True,311.3041398881424,506.28948331948936,,,
strong_z5,resample_bspline,original_glcm_ClusterShade,glcm,ClusterShade,0.4655828255547775,-3.789635797156523,4.2552186227113005,1.1228568787280608,True,0.4655828255547775,-3.789635797156523,,,
strong_z5,resample_bspline,original_glcm_ClusterTendency,glcm,ClusterTendency,11.011881190591271,13.82972080507209,2.8178396144808193,0.20375245850569654,True,11.011881190591271,13.82972080507209,,,
strong_z5,resample_bspline,original_glcm_Contrast,glcm,Contrast,1.4870374635756822,0.5893310937865289,0.8977063697891533,0.603687796560658,True,1.4870374635756822,0.5893310937865289,,,
strong_z5,resample_bspline,original_glcm_Correlation,glcm,Correlation,0.7621507062793819,0.9175559275680812,0.15540522128869938,0.1693686636634676,True,0.7621507062793819,0.9175559275680812,,,
strong_z5,resample_bspline,original_glcm_DifferenceAverage,glcm,DifferenceAverage,0.839884673725355,0.4353227351002818,0.4045619386250732,0.4816874879149971,True,0.839884673725355,0.4353227351002818,,,
strong_z5,resample_bspline,original_glcm_DifferenceEntropy,glcm,DifferenceEntropy,1.4150890296130916,1.1757681184469866,0.239320911166105,0.16912074516720635,True,1.4150890296130916,1.1757681184469866,,,
strong_z5,resample_bspline,original_glcm_DifferenceVariance,glcm,DifferenceVariance,0.6260606611850738,0.3864756653941011,0.23958499579097264,0.38268655203069435,True,0.6260606611850738,0.3864756653941011,,,
strong_z5,resample_bspline,original_glcm_Id,glcm,Id,0.6834857947267582,0.8040247273598021,0.12053893263304394,0.14991943472791056,True,0.6834857947267582,0.8040247273598021,,,
strong_z5,resample_bspline,original_glcm_Idm,glcm,Idm,0.6447729421223551,0.7971921306700571,0.15241918854770198,0.19119504907755472,True,0.6447729421223551,0.7971921306700571,,,
strong_z5,resample_bspline,original_glcm_Idmn,glcm,Idmn,0.9857016853537784,0.996590846941774,0.010889161587995577,0.010926411396824497,True,0.9857016853537784,0.996590846941774,,,
strong_z5,resample_bspline,original_glcm_Idn,glcm,Idn,0.928487553126832,0.9696057346457008,0.04111818151886881,0.04240711461333675,True,0.928487553126832,0.9696057346457008,,,
strong_z5,resample_bspline,original_glcm_Imc1,glcm,Imc1,-0.3554414484150945,-0.4952778620992489,0.1398364136841544,0.28233931775479304,True,-0.3554414484150945,-0.4952778620992489,,,
strong_z5,resample_bspline,original_glcm_Imc2,glcm,Imc2,0.8936891348910181,0.969207973337344,0.0755188384463259,0.07791809448934517,True,0.8936891348910181,0.969207973337344,,,
strong_z5,resample_bspline,original_glcm_InverseVariance,glcm,InverseVariance,0.31547116828531,0.334369115974868,0.018897947689557992,0.05651822129104294,True,0.31547116828531,0.334369115974868,,,
strong_z5,resample_bspline,original_glcm_JointAverage,glcm,JointAverage,5.67505992288611,7.533213545002781,1.8581536221166708,0.24666148264830384,True,5.67505992288611,7.533213545002781,,,
strong_z5,resample_bspline,original_glcm_JointEnergy,glcm,JointEnergy,0.055287016928315,0.0684353504563871,0.013148333528072098,0.19212780296129775,True,0.055287016928315,0.0684353504563871,,,
strong_z5,resample_bspline,original_glcm_JointEntropy,glcm,JointEntropy,4.6908746553418315,4.455887226029924,0.2349874293119072,0.050094587167088415,True,4.6908746553418315,4.455887226029924,,,
strong_z5,resample_bspline,original_glcm_MCC,glcm,MCC,0.7655137585890059,0.9267770784196472,0.16126331983064124,0.17400443276567612,True,0.7655137585890059,0.9267770784196472,,,
strong_z5,resample_bspline,original_glcm_MaximumProbability,glcm,MaximumProbability,0.1076572388849377,0.1376269164841577,0.029969677599220007,0.21776029257089277,True,0.1076572388849377,0.1376269164841577,,,
strong_z5,resample_bspline,original_glcm_SumAverage,glcm,SumAverage,11.35011984577222,15.066427090005565,3.716307244233345,0.246661482648304,True,11.35011984577222,15.066427090005565,,,
strong_z5,resample_bspline,original_glcm_SumEntropy,glcm,SumEntropy,3.5846603778211015,3.8312420535306377,0.24658167570953626,0.06436076662979352,True,3.5846603778211015,3.8312420535306377,,,
strong_z5,resample_bspline,original_glcm_SumSquares,glcm,SumSquares,3.1247296635417383,3.6047629747146552,0.4800333111729169,0.1331664008258172,True,3.1247296635417383,3.6047629747146552,,,
strong_z5,resample_bspline,original_gldm_DependenceEntropy,gldm,DependenceEntropy,6.748581417208246,7.457506540178506,0.7089251229702596,0.09506195122334957,True,6.748581417208246,7.457506540178506,,,
strong_z5,resample_bspline,original_gldm_DependenceNonUniformity,gldm,DependenceNonUniformity,868.097971301336,2782.4219693221175,1914.3239980207816,0.6880063553002959,True,868.097971301336,2782.4219693221175,,,
strong_z5,resample_bspline,original_gldm_DependenceNonUniformityNormalized,gldm,DependenceNonUniformityNormalized,0.0715898046595197,0.0458918352189034,0.025697969440616295,0.3589613013031052,True,0.0715898046595197,0.0458918352189034,,,
strong_z5,resample_bspline,original_gldm_DependenceVariance,gldm,DependenceVariance,19.75530969571819,37.363188577226495,17.607878881508306,0.4712627468909495,True,19.75530969571819,37.363188577226495,,,
strong_z5,resample_bspline,original_gldm_GrayLevelNonUniformity,gldm,GrayLevelNonUniformity,1871.541810984661,8594.129078014184,6722.587267029523,0.7822301952884897,True,1871.541810984661,8594.129078014184,,,
strong_z5,resample_bspline,original_gldm_GrayLevelVariance,gldm,GrayLevelVariance,3.193851224412078,3.8354677516186153,0.6416165272065375,0.167285079358513,True,3.193851224412078,3.8354677516186153,,,
strong_z5,resample_bspline,original_gldm_HighGrayLevelEmphasis,gldm,HighGrayLevelEmphasis,35.28814118423223,59.650882401451426,24.362741217219195,0.40842214291580037,True,35.28814118423223,59.650882401451426,,,
strong_z5,resample_bspline,original_gldm_LargeDependenceEmphasis,gldm,LargeDependenceEmphasis,164.7585353785255,308.1027214250371,143.3441860465116,0.46524803605601367,True,164.7585353785255,308.1027214250371,,,
strong_z5,resample_bspline,original_gldm_LargeDependenceHighGrayLevelEmphasis,gldm,LargeDependenceHighGrayLevelEmphasis,5844.428995546759,19327.815916213098,13483.386920666338,0.6976156529593097,True,5844.428995546759,19327.815916213098,,,
strong_z5,resample_bspline,original_gldm_LargeDependenceLowGrayLevelEmphasis,gldm,LargeDependenceLowGrayLevelEmphasis,7.726119594189104,6.37284178243839,1.353277811750714,0.1751562081395334,True,7.726119594189104,6.37284178243839,,,
strong_z5,resample_bspline,original_gldm_LowGrayLevelEmphasis,gldm,LowGrayLevelEmphasis,0.0509695439658383,0.0245225404951882,0.0264470034706501,0.5188785579163877,True,0.0509695439658383,0.0245225404951882,,,
strong_z5,resample_bspline,original_gldm_SmallDependenceEmphasis,gldm,SmallDependenceEmphasis,0.0184646284013753,0.0115433430244841,0.0069212853768912015,0.37484022025461844,True,0.0184646284013753,0.0115433430244841,,,
strong_z5,resample_bspline,original_gldm_SmallDependenceHighGrayLevelEmphasis,gldm,SmallDependenceHighGrayLevelEmphasis,0.664409370361318,0.5533194167850705,0.11108995357624751,0.16720106387999129,True,0.664409370361318,0.5533194167850705,,,
strong_z5,resample_bspline,original_gldm_SmallDependenceLowGrayLevelEmphasis,gldm,SmallDependenceLowGrayLevelEmphasis,0.0012243385755492,0.0005550631261362,0.0006692754494130001,0.5466424588580687,True,0.0012243385755492,0.0005550631261362,,,
strong_z5,resample_bspline,original_glrlm_GrayLevelNonUniformity,glrlm,GrayLevelNonUniformity,1060.4856227970497,3239.252477114492,2178.7668543174423,0.6726140891179546,True,1060.4856227970497,3239.252477114492,,,
strong_z5,resample_bspline,original_glrlm_GrayLevelNonUniformityNormalized,glrlm,GrayLevelNonUniformityNormalized,0.1510499332872742,0.1321402670069299,0.018909666280344295,0.12518818028460138,True,0.1510499332872742,0.1321402670069299,,,
strong_z5,resample_bspline,original_glrlm_GrayLevelVariance,glrlm,GrayLevelVariance,3.328031593877766,4.355290745354955,1.027259151477189,0.2358646555509046,True,3.328031593877766,4.355290745354955,,,
strong_z5,resample_bspline,original_glrlm_HighGrayLevelRunEmphasis,glrlm,HighGrayLevelRunEmphasis,35.176505801514004,56.84673673995048,21.670230938436475,0.38120448386630384,True,35.176505801514004,56.84673673995048,,,
strong_z5,resample_bspline,original_glrlm_LongRunEmphasis,glrlm,LongRunEmphasis,8.538886686963691,12.651918466903073,4.113031779939382,0.3250915496095642,True,8.538886686963691,12.651918466903073,,,
strong_z5,resample_bspline,original_glrlm_LongRunHighGrayLevelEmphasis,glrlm,LongRunHighGrayLevelEmphasis,305.59498132009577,770.5750178715551,464.98003655145936,0.6034195578203465,True,305.59498132009577,770.5750178715551,,,
strong_z5,resample_bspline,original_glrlm_LongRunLowGrayLevelEmphasis,glrlm,LongRunLowGrayLevelEmphasis,0.3906957237542382,0.2849881075433804,0.10570761621085784,0.2705625113965971,True,0.3906957237542382,0.2849881075433804,,,
strong_z5,resample_bspline,original_glrlm_LowGrayLevelRunEmphasis,glrlm,LowGrayLevelRunEmphasis,0.0539520416041134,0.0284740279930761,0.025478013611037298,0.4722344670103237,True,0.0539520416041134,0.0284740279930761,,,
strong_z5,resample_bspline,original_glrlm_RunEntropy,glrlm,RunEntropy,4.465247063041276,5.437712035267395,0.9724649722261187,0.17883715906965983,True,4.465247063041276,5.437712035267395,,,
strong_z5,resample_bspline,original_glrlm_RunLengthNonUniformity,glrlm,RunLengthNonUniformity,3243.2719636032457,7284.073791254645,4040.801827651399,0.5547447683057302,True,3243.2719636032457,7284.073791254645,,,
strong_z5,resample_bspline,original_glrlm_RunLengthNonUniformityNormalized,glrlm,RunLengthNonUniformityNormalized,0.4103940546942009,0.2809775140673808,0.12941654062682012,0.3153470162311512,True,0.4103940546942009,0.2809775140673808,,,
strong_z5,resample_bspline,original_glrlm_RunPercentage,glrlm,RunPercentage,0.5753181339524732,0.4056090536545757,0.1697090802978975,0.29498301945044736,True,0.5753181339524732,0.4056090536545757,,,
strong_z5,resample_bspline,original_glrlm_RunVariance,glrlm,RunVariance,3.03727160188601,5.351424577360844,2.3141529754748342,0.4324368104270475,True,3.03727160188601,5.351424577360844,,,
strong_z5,resample_bspline,original_glrlm_ShortRunEmphasis,glrlm,ShortRunEmphasis,0.586800355325577,0.5203999491351904,0.06640040619038656,0.11315672457891636,True,0.586800355325577,0.5203999491351904,,,
strong_z5,resample_bspline,original_glrlm_ShortRunHighGrayLevelEmphasis,glrlm,ShortRunHighGrayLevelEmphasis,20.704940890205833,27.62671187584351,6.921770985637679,0.2505463196903283,True,20.704940890205833,27.62671187584351,,,
strong_z5,resample_bspline,original_glrlm_ShortRunLowGrayLevelEmphasis,glrlm,ShortRunLowGrayLevelEmphasis,0.0327323362063336,0.0176523954829608,0.015079940723372796,0.46070468750882737,True,0.0327323362063336,0.0176523954829608,,,
strong_z5,resample_bspline,original_glszm_GrayLevelNonUniformity,glszm,GrayLevelNonUniformity,16.81679389312977,40.822454308093995,24.005660414964225,0.5880503958382666,True,16.81679389312977,40.822454308093995,,,
strong_z5,resample_bspline,original_glszm_GrayLevelNonUniformityNormalized,glszm,GrayLevelNonUniformityNormalized,0.1283724724666394,0.1065860425798798,0.021786429886759606,0.1697126297261379,True,0.1283724724666394,0.1065860425798798,,,
strong_z5,resample_bspline,original_glszm_GrayLevelVariance,glszm,GrayLevelVariance,5.749198764640755,7.343331810837895,1.5941330461971397,0.21708579800852615,True,5.749198764640755,7.343331810837895,,,
strong_z5,resample_bspline,original_glszm_HighGrayLevelZoneEmphasis,glszm,HighGrayLevelZoneEmphasis,37.229007633587784,42.59530026109661,5.366292627508827,0.12598320928870174,True,37.229007633587784,42.59530026109661,,,
strong_z5,resample_bspline,original_glszm_LargeAreaEmphasis,glszm,LargeAreaEmphasis,63002.30534351145,1228157.7597911227,1165155.4544476112,0.9487017813133172,True,63002.30534351145,1228157.7597911227,,,
strong_z5,resample_bspline,original_glszm_LargeAreaHighGrayLevelEmphasis,glszm,LargeAreaHighGrayLevelEmphasis,2073227.7709923664,72246203.61096606,70172975.83997369,0.9713032980645411,True,2073227.7709923664,72246203.61096606,,,
strong_z5,resample_bspline,original_glszm_LargeAreaLowGrayLevelEmphasis,glszm,LargeAreaLowGrayLevelEmphasis,2400.232267320061,23672.74161653251,21272.509349212447,0.8986077613568936,True,2400.232267320061,23672.74161653251,,,
strong_z5,resample_bspline,original_glszm_LowGrayLevelZoneEmphasis,glszm,LowGrayLevelZoneEmphasis,0.0971847875423847,0.0709407227787384,0.026244064763646296,0.2700429298381767,True,0.0971847875423847,0.0709407227787384,,,
strong_z5,resample_bspline,original_glszm_SizeZoneNonUniformity,glszm,SizeZoneNonUniformity,21.748091603053435,91.19843342036552,69.45034181731208,0.7615299870030786,True,21.748091603053435,91.19843342036552,,,
strong_z5,resample_bspline,original_glszm_SizeZoneNonUniformityNormalized,glszm,SizeZoneNonUniformityNormalized,0.1660159664355224,0.2381160141523904,0.07210004771686798,0.30279377879526037,True,0.1660159664355224,0.2381160141523904,,,
strong_z5,resample_bspline,original_glszm_SmallAreaEmphasis,glszm,SmallAreaEmphasis,0.4121020102836982,0.4957927652168744,0.08369075493317618,0.16880188821748413,True,0.4121020102836982,0.4957927652168744,,,
strong_z5,resample_bspline,original_glszm_SmallAreaHighGrayLevelEmphasis,glszm,SmallAreaHighGrayLevelEmphasis,15.867735740185298,19.685851146386177,3.8181154062008797,0.19395226438567217,True,15.867735740185298,19.685851146386177,,,
strong_z5,resample_bspline,original_glszm_SmallAreaLowGrayLevelEmphasis,glszm,SmallAreaLowGrayLevelEmphasis,0.037983109452293,0.0337483888426899,0.0042347206096031015,0.11148957182986649,True,0.037983109452293,0.0337483888426899,,,
strong_z5,resample_bspline,original_glszm_ZoneEntropy,glszm,ZoneEntropy,5.801185001517869,5.952272022710858,0.1510870211929891,0.025383084075545858,True,5.801185001517869,5.952272022710858,,,
strong_z5,resample_bspline,original_glszm_ZonePercentage,glszm,ZonePercentage,0.0108032327230743,0.0063170047831106,0.0044862279399636995,0.415267175572521,True,0.0108032327230743,0.0063170047831106,,,
strong_z5,resample_bspline,original_glszm_ZoneVariance,glszm,ZoneVariance,54434.04731658994,1203097.9604878346,1148663.9131712448,0.9547550996641057,True,54434.04731658994,1203097.9604878346,,,
strong_z5,resample_bspline,original_ngtdm_Busyness,ngtdm,Busyness,25.022526338132504,24.728766622891225,0.2937597152412792,0.011739810412092995,True,25.022526338132504,24.728766622891225,,,
strong_z5,resample_bspline,original_ngtdm_Coarseness,ngtdm,Coarseness,0.0007897913675166,0.0003873202027853,0.0004024711647313,0.5095917495234471,True,0.0007897913675166,0.0003873202027853,,,
strong_z5,resample_bspline,original_ngtdm_Complexity,ngtdm,Complexity,26.94568433418289,22.908935393594547,4.0367489405883425,0.1498105926917352,True,26.94568433418289,22.908935393594547,,,
strong_z5,resample_bspline,original_ngtdm_Contrast,ngtdm,Contrast,0.0491961938079195,0.0161874606431991,0.0330087331647204,0.6709611173091754,True,0.0491961938079195,0.0161874606431991,,,
strong_z5,resample_bspline,original_ngtdm_Strength,ngtdm,Strength,0.0272954048475106,0.0235224830643519,0.0037729217831586996,0.13822552932395132,True,0.0272954048475106,0.0235224830643519,,,
strong_z5,resample_linear,original_glcm_Autocorrelation,glcm,Autocorrelation,34.58753758495539,58.34899050685703,23.761452921901636,0.40722988890629136,True,34.58753758495539,,58.34899050685703,,
strong_z5,resample_linear,original_glcm_ClusterProminence,glcm,ClusterProminence,311.3041398881424,417.6828272486485,106.37868736050609,0.2546877209705784,True,311.3041398881424,,417.6828272486485,,
strong_z5,resample_linear,original_glcm_ClusterShade,glcm,ClusterShade,0.4655828255547775,-3.9055161384291,4.3710989639838775,1.119211599453804,True,0.4655828255547775,,-3.9055161384291,,
strong_z5,resample_linear,original_glcm_ClusterTendency,glcm,ClusterTendency,11.011881190591271,12.53123304973572,1.5193518591444484,0.12124520014225504,True,11.011881190591271,,12.53123304973572,,
strong_z5,resample_linear,original_glcm_Contrast,glcm,Contrast,1.4870374635756822,0.5333407604638402,0.9536967031118421,0.6413400647073234,True,1.4870374635756822,,0.5333407604638402,,
strong_z5,resample_linear,original_glcm_Correlation,glcm,Correlation,0.7621507062793819,0.9175101435804608,0.15535943730107893,0.1693272149502451,True,0.7621507062793819,,0.9175101435804608,,
strong_z5,resample_linear,original_glcm_DifferenceAverage,glcm,DifferenceAverage,0.839884673725355,0.3851064003123994,0.4547782734129556,0.5414770475519709,True,0.839884673725355,,0.3851064003123994,,
strong_z5,resample_linear,original_glcm_DifferenceEntropy,glcm,DifferenceEntropy,1.4150890296130916,1.1188579439766826,0.296231085636409,0.2093374193688742,True,1.4150890296130916,,1.1188579439766826,,
strong_z5,resample_linear,original_glcm_DifferenceVariance,glcm,DifferenceVariance,0.6260606611850738,0.3743224125410594,0.25173824864401434,0.4020988128650307,True,0.6260606611850738,,0.3743224125410594,,
strong_z5,resample_linear,original_glcm_Id,glcm,Id,0.6834857947267582,0.8286183372482244,0.14513254252146623,0.17515004918119464,True,0.6834857947267582,,0.8286183372482244,,
strong_z5,resample_linear,original_glcm_Idm,glcm,Idm,0.6447729421223551,0.8219534881914206,0.17718054606906541,0.21556030677468546,True,0.6447729421223551,,0.8219534881914206,,
strong_z5,resample_linear,original_glcm_Idmn,glcm,Idmn,0.9857016853537784,0.996390451671594,0.010688766317815568,0.010727487703122368,True,0.9857016853537784,,0.996390451671594,,
strong_z5,resample_linear,original_glcm_Idn,glcm,Idn,0.928487553126832,0.9711568752986872,0.04266932217185526,0.04393659073744596,True,0.928487553126832,,0.9711568752986872,,
strong_z5,resample_linear,original_glcm_Imc1,glcm,Imc1,-0.3554414484150945,-0.5224961640479119,0.16705471563281737,0.3197242910619699,True,-0.3554414484150945,,-0.5224961640479119,,
strong_z5,resample_linear,original_glcm_Imc2,glcm,Imc2,0.8936891348910181,0.9719993986477514,0.07831026375673333,0.08056616482034744,True,0.8936891348910181,,0.9719993986477514,,
strong_z5,resample_linear,original_glcm_InverseVariance,glcm,InverseVariance,0.31547116828531,0.2865658896533993,0.028905278631910725,0.09162573806354622,True,0.31547116828531,,0.2865658896533993,,
strong_z5,resample_linear,original_glcm_JointAverage,glcm,JointAverage,5.67505992288611,7.439654947923231,1.7645950250371207,0.2371877509627923,True,5.67505992288611,,7.439654947923231,,
strong_z5,resample_linear,original_glcm_JointEnergy,glcm,JointEnergy,0.055287016928315,0.0797821499880354,0.024495133059720398,0.3070252313756126,True,0.055287016928315,,0.0797821499880354,,
strong_z5,resample_linear,original_glcm_JointEntropy,glcm,JointEntropy,4.6908746553418315,4.2684622158205645,0.42241243952126695,0.0900498245119886,True,4.6908746553418315,,4.2684622158205645,,
strong_z5,resample_linear,original_glcm_MCC,glcm,MCC,0.7655137585890059,0.9280563571985958,0.16254259860958986,0.1751430259044141,True,0.7655137585890059,,0.9280563571985958,,
strong_z5,resample_linear,original_glcm_MaximumProbability,glcm,MaximumProbability,0.1076572388849377,0.1486893000561671,0.0410320611712294,0.2759583988607763,True,0.1076572388849377,,0.1486893000561671,,
strong_z5,resample_linear,original_glcm_SumAverage,glcm,SumAverage,11.35011984577222,14.87930989584646,3.5291900500742397,0.2371877509627922,True,11.35011984577222,,14.87930989584646,,
strong_z5,resample_linear,original_glcm_SumEntropy,glcm,SumEntropy,3.5846603778211015,3.704349042575689,0.11968866475458739,0.03231030968706072,True,3.5846603778211015,,3.704349042575689,,
strong_z5,resample_linear,original_glcm_SumSquares,glcm,SumSquares,3.1247296635417383,3.2661434525498905,0.14141378900815216,0.04329687016586791,True,3.1247296635417383,,3.2661434525498905,,
strong_z5,resample_linear,original_gldm_DependenceEntropy,gldm,DependenceEntropy,6.748581417208246,7.242236367294646,0.49365495008640004,0.0681633303651488,True,6.748581417208246,,7.242236367294646,,
strong_z5,resample_linear,original_gldm_DependenceNonUniformity,gldm,DependenceNonUniformity,868.097971301336,3162.1642091373906,2294.066237836055,0.7254734688372984,True,868.097971301336,,3162.1642091373906,,
strong_z5,resample_linear,original_gldm_DependenceNonUniformityNormalized,gldm,DependenceNonUniformityNormalized,0.0715898046595197,0.0521551081830346,0.019434696476485096,0.2714729641869578,True,0.0715898046595197,,0.0521551081830346,,
strong_z5,resample_linear,original_gldm_DependenceVariance,gldm,DependenceVariance,19.75530969571819,37.013875288088514,17.258565592370324,0.46627286275869434,True,19.75530969571819,,37.013875288088514,,
strong_z5,resample_linear,original_gldm_GrayLevelNonUniformity,gldm,GrayLevelNonUniformity,1871.541810984661,9009.780669635496,7138.238858650835,0.792276651384858,True,1871.541810984661,,9009.780669635496,,
strong_z5,resample_linear,original_gldm_GrayLevelVariance,gldm,GrayLevelVariance,3.193851224412078,3.497891374445936,0.3040401500338583,0.08692098109593757,True,3.193851224412078,,3.497891374445936,,
strong_z5,resample_linear,original_gldm_HighGrayLevelEmphasis,gldm,HighGrayLevelEmphasis,35.28814118423223,57.862427841002805,22.574286656770575,0.39013721855573186,True,35.28814118423223,,57.862427841002805,,
strong_z5,resample_linear,original_gldm_LargeDependenceEmphasis,gldm,LargeDependenceEmphasis,164.7585353785255,348.7008741547089,183.94233877618342,0.5275075355692206,True,164.7585353785255,,348.7008741547089,,
strong_z5,resample_linear,original_gldm_LargeDependenceHighGrayLevelEmphasis,gldm,LargeDependenceHighGrayLevelEmphasis,5844.428995546759,21175.96999835065,15331.541002803891,0.7240065510103212,True,5844.428995546759,,21175.96999835065,,
strong_z5,resample_linear,original_gldm_LargeDependenceLowGrayLevelEmphasis,gldm,LargeDependenceLowGrayLevelEmphasis,7.726119594189104,7.231108641741844,0.49501095244725946,0.06406980197660446,True,7.726119594189104,,7.231108641741844,,
strong_z5,resample_linear,original_gldm_LowGrayLevelEmphasis,gldm,LowGrayLevelEmphasis,0.0509695439658383,0.0245837653301385,0.026385778635699797,0.517677353624834,True,0.0509695439658383,,0.0245837653301385,,
strong_z5,resample_linear,original_gldm_SmallDependenceEmphasis,gldm,SmallDependenceEmphasis,0.0184646284013753,0.0096823583208683,0.008782270080507002,0.4756266895602877,True,0.0184646284013753,,0.0096823583208683,,
strong_z5,resample_linear,original_gldm_SmallDependenceHighGrayLevelEmphasis,gldm,SmallDependenceHighGrayLevelEmphasis,0.664409370361318,0.4394191447560759,0.22499022560524207,0.33863192730543257,True,0.664409370361318,,0.4394191447560759,,
strong_z5,resample_linear,original_gldm_SmallDependenceLowGrayLevelEmphasis,gldm,SmallDependenceLowGrayLevelEmphasis,0.0012243385755492,0.0005115895772636,0.0007127489982856,0.5821502421957775,True,0.0012243385755492,,0.0005115895772636,,
strong_z5,resample_linear,original_glrlm_GrayLevelNonUniformity,glrlm,GrayLevelNonUniformity,1060.4856227970497,2936.530966317157,1876.0453435201073,0.6388644850127172,True,1060.4856227970497,,2936.530966317157,,
strong_z5,resample_linear,original_glrlm_GrayLevelNonUniformityNormalized,glrlm,GrayLevelNonUniformityNormalized,0.1510499332872742,0.1353988662056047,0.015651067081669495,0.10361518698524365,True,0.1510499332872742,,0.1353988662056047,,
strong_z5,resample_linear,original_glrlm_GrayLevelVariance,glrlm,GrayLevelVariance,3.328031593877766,4.141418585856181,0.8133869919784154,0.19640298972827902,True,3.328031593877766,,4.141418585856181,,
strong_z5,resample_linear,original_glrlm_HighGrayLevelRunEmphasis,glrlm,HighGrayLevelRunEmphasis,35.176505801514004,54.42382483023277,19.247319028718763,0.353656125580258,True,35.176505801514004,,54.42382483023277,,
strong_z5,resample_linear,original_glrlm_LongRunEmphasis,glrlm,LongRunEmphasis,8.538886686963691,15.757901073887748,7.219014386924057,0.4581203012428229,True,8.538886686963691,,15.757901073887748,,
strong_z5,resample_linear,original_glrlm_LongRunHighGrayLevelEmphasis,glrlm,LongRunHighGrayLevelEmphasis,305.59498132009577,930.7238682043436,625.1288868842478,0.6716588112114458,True,305.59498132009577,,930.7238682043436,,
strong_z5,resample_linear,original_glrlm_LongRunLowGrayLevelEmphasis,glrlm,LongRunLowGrayLevelEmphasis,0.3906957237542382,0.3551056576120378,0.03559006614220045,0.09109407648543369,True,0.3906957237542382,,0.3551056576120378,,
strong_z5,resample_linear,original_glrlm_LowGrayLevelRunEmphasis,glrlm,LowGrayLevelRunEmphasis,0.0539520416041134,0.0295779509283916,0.0243740906757218,0.4517732777301142,True,0.0539520416041134,,0.0295779509283916,,
strong_z5,resample_linear,original_glrlm_RunEntropy,glrlm,RunEntropy,4.465247063041276,5.55344524379396,1.0881981807526842,0.19595010538165625,True,4.465247063041276,,5.55344524379396,,
strong_z5,resample_linear,original_glrlm_RunLengthNonUniformity,glrlm,RunLengthNonUniformity,3243.2719636032457,5421.670040374613,2178.398076771367,0.4017946611558917,True,3243.2719636032457,,5421.670040374613,,
strong_z5,resample_linear,original_glrlm_RunLengthNonUniformityNormalized,glrlm,RunLengthNonUniformityNormalized,0.4103940546942009,0.2365018754044796,0.17389217928972134,0.42372002542603726,True,0.4103940546942009,,0.2365018754044796,,
strong_z5,resample_linear,original_glrlm_RunPercentage,glrlm,RunPercentage,0.5753181339524732,0.3594361765564141,0.21588195739605914,0.37523927138005536,True,0.5753181339524732,,0.3594361765564141,,
strong_z5,resample_linear,original_glrlm_RunVariance,glrlm,RunVariance,3.03727160188601,6.485032213449708,3.447760611563698,0.5316489568722843,True,3.03727160188601,,6.485032213449708,,
strong_z5,resample_linear,original_glrlm_ShortRunEmphasis,glrlm,ShortRunEmphasis,0.586800355325577,0.4612283564650496,0.12557199886052733,0.21399441517184442,True,0.586800355325577,,0.4612283564650496,,
strong_z5,resample_linear,original_glrlm_ShortRunHighGrayLevelEmphasis,glrlm,ShortRunHighGrayLevelEmphasis,20.704940890205833,22.413877395405645,1.7089365051998122,0.07624457272841631,True,20.704940890205833,,22.413877395405645,,
strong_z5,resample_linear,original_glrlm_ShortRunLowGrayLevelEmphasis,glrlm,ShortRunLowGrayLevelEmphasis,0.0327323362063336,0.0175433231606557,0.015189013045677897,0.46403693735550944,True,0.0327323362063336,,0.0175433231606557,,
strong_z5,resample_linear,original_glszm_GrayLevelNonUniformity,glszm,GrayLevelNonUniformity,16.81679389312977,35.57328990228013,18.75649600915036,0.527263462577526,True,16.81679389312977,,35.57328990228013,,
strong_z5,resample_linear,original_glszm_GrayLevelNonUniformityNormalized,glszm,GrayLevelNonUniformityNormalized,0.1283724724666394,0.1158739084764825,0.012498563990156905,0.0973617143146086,True,0.1283724724666394,,0.1158739084764825,,
strong_z5,resample_linear,original_glszm_GrayLevelVariance,glszm,GrayLevelVariance,5.749198764640755,6.572377425755181,0.8231786611144258,0.1252482332935773,True,5.749198764640755,,6.572377425755181,,
strong_z5,resample_linear,original_glszm_HighGrayLevelZoneEmphasis,glszm,HighGrayLevelZoneEmphasis,37.229007633587784,37.925081433224754,0.6960737996369701,0.018353917073653685,True,37.229007633587784,,37.925081433224754,,
strong_z5,resample_linear,original_glszm_LargeAreaEmphasis,glszm,LargeAreaEmphasis,63002.30534351145,1614508.638436482,1551506.3330929705,0.9609774120474672,True,63002.30534351145,,1614508.638436482,,
strong_z5,resample_linear,original_glszm_LargeAreaHighGrayLevelEmphasis,glszm,LargeAreaHighGrayLevelEmphasis,2073227.7709923664,94705005.71661238,92631777.94562002,0.9781085724529057,True,2073227.7709923664,,94705005.71661238,,
strong_z5,resample_linear,original_glszm_LargeAreaLowGrayLevelEmphasis,glszm,LargeAreaLowGrayLevelEmphasis,2400.232267320061,31233.25967990131,28833.02741258125,0.9231514004007524,True,2400.232267320061,,31233.25967990131,,
strong_z5,resample_linear,original_glszm_LowGrayLevelZoneEmphasis,glszm,LowGrayLevelZoneEmphasis,0.0971847875423847,0.0796424254144547,0.017542362127930006,0.18050522691403062,True,0.0971847875423847,,0.0796424254144547,,
strong_z5,resample_linear,original_glszm_SizeZoneNonUniformity,glszm,SizeZoneNonUniformity,21.748091603053435,68.49837133550488,46.750279732451446,0.6825020627639258,True,21.748091603053435,,68.49837133550488,,
strong_z5,resample_linear,original_glszm_SizeZoneNonUniformityNormalized,glszm,SizeZoneNonUniformityNormalized,0.1660159664355224,0.2231217307345436,0.0571057642990212,0.2559399486146963,True,0.1660159664355224,,0.2231217307345436,,
strong_z5,resample_linear,original_glszm_SmallAreaEmphasis,glszm,SmallAreaEmphasis,0.4121020102836982,0.4828701445369017,0.0707681342532035,0.14655727850201616,True,0.4121020102836982,,0.4828701445369017,,
strong_z5,resample_linear,original_glszm_SmallAreaHighGrayLevelEmphasis,glszm,SmallAreaHighGrayLevelEmphasis,15.867735740185298,19.709066089604633,3.8413303494193354,0.1949016930561418,True,15.867735740185298,,19.709066089604633,,
strong_z5,resample_linear,original_glszm_SmallAreaLowGrayLevelEmphasis,glszm,SmallAreaLowGrayLevelEmphasis,0.037983109452293,0.0391359072043632,0.0011527977520701949,0.029456267515415392,True,0.037983109452293,,0.0391359072043632,,
strong_z5,resample_linear,original_glszm_ZoneEntropy,glszm,ZoneEntropy,5.801185001517869,5.998241426503048,0.1970564249851794,0.03285236638100153,True,5.801185001517869,,5.998241426503048,,
strong_z5,resample_linear,original_glszm_ZonePercentage,glszm,ZonePercentage,0.0108032327230743,0.0050634999175325,0.0057397328055418,0.5312977099236673,True,0.0108032327230743,,0.0050634999175325,,
strong_z5,resample_linear,original_glszm_ZoneVariance,glszm,ZoneVariance,54434.04731658994,1575505.6049825463,1521071.5576659564,0.9654497913911306,True,54434.04731658994,,1575505.6049825463,,
strong_z5,resample_linear,original_ngtdm_Busyness,ngtdm,Busyness,25.022526338132504,27.924265267887463,2.901738929754959,0.10391460265534437,True,25.022526338132504,,27.924265267887463,,
strong_z5,resample_linear,original_ngtdm_Coarseness,ngtdm,Coarseness,0.0007897913675166,0.0003871274602589,0.0004026639072577,0.5098357918545326,True,0.0007897913675166,,0.0003871274602589,,
strong_z5,resample_linear,original_ngtdm_Complexity,ngtdm,Complexity,26.94568433418289,18.521474924731283,8.424209409451606,0.31263668441201103,True,26.94568433418289,,18.521474924731283,,
strong_z5,resample_linear,original_ngtdm_Contrast,ngtdm,Contrast,0.0491961938079195,0.016663646808356,0.0325325469995635,0.6612817879078783,True,0.0491961938079195,,0.016663646808356,,
strong_z5,resample_linear,original_ngtdm_Strength,ngtdm,Strength,0.0272954048475106,0.0203665009050925,0.0069289039424180986,0.253848733188877,True,0.0272954048475106,,0.0203665009050925,,
strong_z5,resample_nearest,original_glcm_Autocorrelation,glcm,Autocorrelation,34.58753758495539,35.091777108683296,0.5042395237279038,0.014369164666873827,True,34.58753758495539,,,35.091777108683296,
strong_z5,resample_nearest,original_glcm_ClusterProminence,glcm,ClusterProminence,311.3041398881424,369.3901066346607,58.085966746518295,0.15724830119494046,True,311.3041398881424,,,369.3901066346607,
strong_z5,resample_nearest,original_glcm_ClusterShade,glcm,ClusterShade,0.4655828255547775,0.3391261643723435,0.12645666118243398,0.27160937698196064,True,0.4655828255547775,,,0.3391261643723435,
strong_z5,resample_nearest,original_glcm_ClusterTendency,glcm,ClusterTendency,11.011881190591271,12.037887296877736,1.0260061062864647,0.08523140987975354,True,11.011881190591271,,,12.037887296877736,
strong_z5,resample_nearest,original_glcm_Contrast,glcm,Contrast,1.4870374635756822,0.461212716326517,1.0258247472491653,0.6898445885704185,True,1.4870374635756822,,,0.461212716326517,
strong_z5,resample_nearest,original_glcm_Correlation,glcm,Correlation,0.7621507062793819,0.9261237649744014,0.16397305869501955,0.17705307313818025,True,0.7621507062793819,,,0.9261237649744014,
strong_z5,resample_nearest,original_glcm_DifferenceAverage,glcm,DifferenceAverage,0.839884673725355,0.3423152948030877,0.4975693789222673,0.592425834746181,True,0.839884673725355,,,0.3423152948030877,
strong_z5,resample_nearest,original_glcm_DifferenceEntropy,glcm,DifferenceEntropy,1.4150890296130916,1.028612205151895,0.38647682446119647,0.27311131411065037,True,1.4150890296130916,,,1.028612205151895,
strong_z5,resample_nearest,original_glcm_DifferenceVariance,glcm,DifferenceVariance,0.6260606611850738,0.3362377392852548,0.28982292189981895,0.4629310542387562,True,0.6260606611850738,,,0.3362377392852548,
strong_z5,resample_nearest,original_glcm_Id,glcm,Id,0.6834857947267582,0.8478444887881241,0.16435869406136594,0.19385476491838008,True,0.6834857947267582,,,0.8478444887881241,
strong_z5,resample_nearest,original_glcm_Idm,glcm,Idm,0.6447729421223551,0.8407320947507989,0.19595915262844377,0.23308156528332363,True,0.6447729421223551,,,0.8407320947507989,
strong_z5,resample_nearest,original_glcm_Idmn,glcm,Idmn,0.9857016853537784,0.9955115896272092,0.009809904273430758,0.009854133669206492,True,0.9857016853537784,,,0.9955115896272092,
strong_z5,resample_nearest,original_glcm_Idn,glcm,Idn,0.928487553126832,0.9697697797628094,0.04128222663597747,0.04256909990129251,True,0.928487553126832,,,0.9697697797628094,
strong_z5,resample_nearest,original_glcm_Imc1,glcm,Imc1,-0.3554414484150945,-0.5535130315161265,0.198071583101032,0.35784448029795163,True,-0.3554414484150945,,,-0.5535130315161265,
strong_z5,resample_nearest,original_glcm_Imc2,glcm,Imc2,0.8936891348910181,0.9755582837404876,0.0818691488494695,0.0839203051360157,True,0.8936891348910181,,,0.9755582837404876,
strong_z5,resample_nearest,original_glcm_InverseVariance,glcm,InverseVariance,0.31547116828531,0.2459687800952871,0.06950238819002291,0.22031296415387608,True,0.31547116828531,,,0.2459687800952871,
strong_z5,resample_nearest,original_glcm_JointAverage,glcm,JointAverage,5.67505992288611,5.6742908155540395,0.0007691073320703623,0.00013552409005740065,True,5.67505992288611,,,5.6742908155540395,
strong_z5,resample_nearest,original_glcm_JointEnergy,glcm,JointEnergy,0.055287016928315,0.086615995505332,0.031328978577017,0.3616996883109011,True,0.055287016928315,,,0.086615995505332,
strong_z5,resample_nearest,original_glcm_JointEntropy,glcm,JointEntropy,4.6908746553418315,4.125144629415778,0.5657300259260536,0.12060224744692692,True,4.6908746553418315,,,4.125144629415778,
strong_z5,resample_nearest,original_glcm_MCC,glcm,MCC,0.7655137585890059,0.928385194161852,0.162871435572846,0.17543519284566647,True,0.7655137585890059,,,0.928385194161852,
strong_z5,resample_nearest,original_glcm_MaximumProbability,glcm,MaximumProbability,0.1076572388849377,0.1649365285234561,0.057279289638518416,0.3472808003860258,True,0.1076572388849377,,,0.1649365285234561,
strong_z5,resample_nearest,original_glcm_SumAverage,glcm,SumAverage,11.35011984577222,11.34858163110808,0.0015382146641389483,0.00013552409005724415,True,11.35011984577222,,,11.34858163110808,
strong_z5,resample_nearest,original_glcm_SumEntropy,glcm,SumEntropy,3.5846603778211015,3.583296134265062,0.0013642435560394794,0.00038057818935380446,True,3.5846603778211015,,,3.583296134265062,
strong_z5,resample_nearest,original_glcm_SumSquares,glcm,SumSquares,3.1247296635417383,3.124775003301063,4.533975932474732e-05,1.4509767671864266e-05,True,3.1247296635417383,,,3.124775003301063,
strong_z5,resample_nearest,original_gldm_DependenceEntropy,gldm,DependenceEntropy,6.748581417208246,6.547990036818396,0.20059138038985047,0.029723488239819018,True,6.748581417208246,,,6.547990036818396,
strong_z5,resample_nearest,original_gldm_DependenceNonUniformity,gldm,DependenceNonUniformity,868.097971301336,6159.373445489032,5291.275474187696,0.8590606692411046,True,868.097971301336,,,6159.373445489032,
strong_z5,resample_nearest,original_gldm_DependenceNonUniformityNormalized,gldm,DependenceNonUniformityNormalized,0.0715898046595197,0.1015895339846451,0.0299997293251254,0.29530334620552307,True,0.0715898046595197,,,0.1015895339846451,
strong_z5,resample_nearest,original_gldm_DependenceVariance,gldm,DependenceVariance,19.75530969571819,37.52932242026646,17.77401272454827,0.47360334741748517,True,19.75530969571819,,,37.52932242026646,
strong_z5,resample_nearest,original_gldm_GrayLevelNonUniformity,gldm,GrayLevelNonUniformity,1871.541810984661,9357.709054923303,7486.167243938642,0.7999999999999999,True,1871.541810984661,,,9357.709054923303,
strong_z5,resample_nearest,original_gldm_GrayLevelVariance,gldm,GrayLevelVariance,3.193851224412078,3.193851224412078,0.0,0.0,False,3.193851224412078,,,3.193851224412078,
strong_z5,resample_nearest,original_gldm_HighGrayLevelEmphasis,gldm,HighGrayLevelEmphasis,35.28814118423223,35.28814118423223,0.0,0.0,False,35.28814118423223,,,35.28814118423223,
strong_z5,resample_nearest,original_gldm_LargeDependenceEmphasis,gldm,LargeDependenceEmphasis,164.7585353785255,383.7225136071252,218.96397822859973,0.5706310431730005,True,164.7585353785255,,,383.7225136071252,
strong_z5,resample_nearest,original_gldm_LargeDependenceHighGrayLevelEmphasis,gldm,LargeDependenceHighGrayLevelEmphasis,5844.428995546759,13645.63585683655,7801.206861289791,0.5716997685660311,True,5844.428995546759,,,13645.63585683655,
strong_z5,resample_nearest,original_gldm_LargeDependenceLowGrayLevelEmphasis,gldm,LargeDependenceLowGrayLevelEmphasis,7.726119594189104,17.924322315846855,10.19820272165775,0.5689589007580801,True,7.726119594189104,,,17.924322315846855,
strong_z5,resample_nearest,original_gldm_LowGrayLevelEmphasis,gldm,LowGrayLevelEmphasis,0.0509695439658383,0.0509695439658383,0.0,0.0,False,0.0509695439658383,,,0.0509695439658383,
strong_z5,resample_nearest,original_gldm_SmallDependenceEmphasis,gldm,SmallDependenceEmphasis,0.0184646284013753,0.0060947868511182,0.012369841550257102,0.6699209581350556,True,0.0184646284013753,,,0.0060947868511182,
strong_z5,resample_nearest,original_gldm_SmallDependenceHighGrayLevelEmphasis,gldm,SmallDependenceHighGrayLevelEmphasis,0.664409370361318,0.2169605095687737,0.4474488607925443,0.6734535675636444,True,0.664409370361318,,,0.2169605095687737,
strong_z5,resample_nearest,original_gldm_SmallDependenceLowGrayLevelEmphasis,gldm,SmallDependenceLowGrayLevelEmphasis,0.0012243385755492,0.0003718428198154,0.0008524957557338,0.6962908567602691,True,0.0012243385755492,,,0.0003718428198154,
strong_z5,resample_nearest,original_glrlm_GrayLevelNonUniformity,glrlm,GrayLevelNonUniformity,1060.4856227970497,2899.054701944491,1838.5690791474415,0.6341960632596042,True,1060.4856227970497,,,2899.054701944491,
strong_z5,resample_nearest,original_glrlm_GrayLevelNonUniformityNormalized,glrlm,GrayLevelNonUniformityNormalized,0.1510499332872742,0.1483452326742761,0.002704700612998101,0.017906003360187973,True,0.1510499332872742,,,0.1483452326742761,
strong_z5,resample_nearest,original_glrlm_GrayLevelVariance,glrlm,GrayLevelVariance,3.328031593877766,3.435999953100764,0.10796835922299808,0.03142268937622183,True,3.328031593877766,,,3.435999953100764,
strong_z5,resample_nearest,original_glrlm_HighGrayLevelRunEmphasis,glrlm,HighGrayLevelRunEmphasis,35.176505801514004,35.04657606718118,0.12992973433282629,0.0036936509574306293,True,35.176505801514004,,,35.04657606718118,
strong_z5,resample_nearest,original_glrlm_LongRunEmphasis,glrlm,LongRunEmphasis,8.538886686963691,18.691665194806465,10.152778507842774,0.5431714297270718,True,8.538886686963691,,,18.691665194806465,
strong_z5,resample_nearest,original_glrlm_LongRunHighGrayLevelEmphasis,glrlm,LongRunHighGrayLevelEmphasis,305.59498132009577,666.1581005018771,360.56311918178136,0.5412575767075962,True,305.59498132009577,,,666.1581005018771,
strong_z5,resample_nearest,original_glrlm_LongRunLowGrayLevelEmphasis,glrlm,LongRunLowGrayLevelEmphasis,0.3906957237542382,0.8789976091437436,0.48830188538950536,0.5555212896030218,True,0.3906957237542382,,,0.8789976091437436,
strong_z5,resample_nearest,original_glrlm_LowGrayLevelRunEmphasis,glrlm,LowGrayLevelRunEmphasis,0.0539520416041134,0.0563795353676818,0.0024274937635684057,0.04305629246032963,True,0.0539520416041134,,,0.0563795353676818,
strong_z5,resample_nearest,original_glrlm_RunEntropy,glrlm,RunEntropy,4.465247063041276,5.43794118459407,0.9726941215527942,0.1788717620390011,True,4.465247063041276,,,5.43794118459407,
strong_z5,resample_nearest,original_glrlm_RunLengthNonUniformity,glrlm,RunLengthNonUniformity,3243.2719636032457,4219.658574331612,976.3866107283661,0.23138995573427987,True,3243.2719636032457,,,4219.658574331612,
strong_z5,resample_nearest,original_glrlm_RunLengthNonUniformityNormalized,glrlm,RunLengthNonUniformityNormalized,0.4103940546942009,0.2251612707175178,0.18523278397668314,0.4513534780973048,True,0.4103940546942009,,,0.2251612707175178,
strong_z5,resample_nearest,original_glrlm_RunPercentage,glrlm,RunPercentage,0.5753181339524732,0.3228358644489273,0.2524822695035459,0.4388567900145546,True,0.5753181339524732,,,0.3228358644489273,
strong_z5,resample_nearest,original_glrlm_RunVariance,glrlm,RunVariance,3.03727160188601,5.684700196915913,2.6474285950299032,0.4657112078603894,True,3.03727160188601,,,5.684700196915913,
strong_z5,resample_nearest,original_glrlm_ShortRunEmphasis,glrlm,ShortRunEmphasis,0.586800355325577,0.3787440547515479,0.20805630057402907,0.3545606247266028,True,0.586800355325577,,,0.3787440547515479,
strong_z5,resample_nearest,original_glrlm_ShortRunHighGrayLevelEmphasis,glrlm,ShortRunHighGrayLevelEmphasis,20.704940890205833,13.325290818389682,7.379650071816151,0.35641976043056395,True,20.704940890205833,,,13.325290818389682,
strong_z5,resample_nearest,original_glrlm_ShortRunLowGrayLevelEmphasis,glrlm,ShortRunLowGrayLevelEmphasis,0.0327323362063336,0.0237244706872589,0.009007865519074697,0.27519775741921243,True,0.0327323362063336,,,0.0237244706872589,
strong_z5,resample_nearest,original_glszm_GrayLevelNonUniformity,glszm,GrayLevelNonUniformity,16.81679389312977,16.81679389312977,0.0,0.0,False,16.81679389312977,,,16.81679389312977,
strong_z5,resample_nearest,original_glszm_GrayLevelNonUniformityNormalized,glszm,GrayLevelNonUniformityNormalized,0.1283724724666394,0.1283724724666394,0.0,0.0,False,0.1283724724666394,,,0.1283724724666394,
strong_z5,resample_nearest,original_glszm_GrayLevelVariance,glszm,GrayLevelVariance,5.749198764640755,5.749198764640755,0.0,0.0,False,5.749198764640755,,,5.749198764640755,
strong_z5,resample_nearest,original_glszm_HighGrayLevelZoneEmphasis,glszm,HighGrayLevelZoneEmphasis,37.229007633587784,37.229007633587784,0.0,0.0,False,37.229007633587784,,,37.229007633587784,
strong_z5,resample_nearest,original_glszm_LargeAreaEmphasis,glszm,LargeAreaEmphasis,63002.30534351145,1575057.6335877862,1512055.3282442747,0.96,True,63002.30534351145,,,1575057.6335877862,
strong_z5,resample_nearest,original_glszm_LargeAreaHighGrayLevelEmphasis,glszm,LargeAreaHighGrayLevelEmphasis,2073227.7709923664,51830694.27480916,49757466.50381679,0.96,True,2073227.7709923664,,,51830694.27480916,
strong_z5,resample_nearest,original_glszm_LargeAreaLowGrayLevelEmphasis,glszm,LargeAreaLowGrayLevelEmphasis,2400.232267320061,60005.80668300152,57605.57441568146,0.96,True,2400.232267320061,,,60005.80668300152,
strong_z5,resample_nearest,original_glszm_LowGrayLevelZoneEmphasis,glszm,LowGrayLevelZoneEmphasis,0.0971847875423847,0.0971847875423847,0.0,0.0,False,0.0971847875423847,,,0.0971847875423847,
strong_z5,resample_nearest,original_glszm_SizeZoneNonUniformity,glszm,SizeZoneNonUniformity,21.748091603053435,21.748091603053435,0.0,0.0,False,21.748091603053435,,,21.748091603053435,
strong_z5,resample_nearest,original_glszm_SizeZoneNonUniformityNormalized,glszm,SizeZoneNonUniformityNormalized,0.1660159664355224,0.1660159664355224,0.0,0.0,False,0.1660159664355224,,,0.1660159664355224,
strong_z5,resample_nearest,original_glszm_SmallAreaEmphasis,glszm,SmallAreaEmphasis,0.4121020102836982,0.0164840804113479,0.3956179298723503,0.9600000000000001,True,0.4121020102836982,,,0.0164840804113479,
strong_z5,resample_nearest,original_glszm_SmallAreaHighGrayLevelEmphasis,glszm,SmallAreaHighGrayLevelEmphasis,15.867735740185298,0.634709429607412,15.233026310577886,0.96,True,15.867735740185298,,,0.634709429607412,
strong_z5,resample_nearest,original_glszm_SmallAreaLowGrayLevelEmphasis,glszm,SmallAreaLowGrayLevelEmphasis,0.037983109452293,0.0015193243780917,0.0364637850742013,0.9600000000000005,True,0.037983109452293,,,0.0015193243780917,
strong_z5,resample_nearest,original_glszm_ZoneEntropy,glszm,ZoneEntropy,5.801185001517869,5.801185001517869,0.0,0.0,False,5.801185001517869,,,5.801185001517869,
strong_z5,resample_nearest,original_glszm_ZonePercentage,glszm,ZonePercentage,0.0108032327230743,0.0021606465446148,0.0086425861784595,0.8000000000000056,True,0.0108032327230743,,,0.0021606465446148,
strong_z5,resample_nearest,original_glszm_ZoneVariance,glszm,ZoneVariance,54434.04731658994,1360851.1829147486,1306417.1355981587,0.9600000000000001,True,54434.04731658994,,,1360851.1829147486,
strong_z5,resample_nearest,original_ngtdm_Busyness,ngtdm,Busyness,25.022526338132504,55.080393895044466,30.05786755691196,0.5457090160645391,True,25.022526338132504,,,55.080393895044466,
strong_z5,resample_nearest,original_ngtdm_Coarseness,ngtdm,Coarseness,0.0007897913675166,0.0003587950974528,0.00043099627006380005,0.5457090160646018,True,0.0007897913675166,,,0.0003587950974528,
strong_z5,resample_nearest,original_ngtdm_Complexity,ngtdm,Complexity,26.94568433418289,11.840560379137663,15.105123955045226,0.5605767427432932,True,26.94568433418289,,,11.840560379137663,
strong_z5,resample_nearest,original_ngtdm_Contrast,ngtdm,Contrast,0.0491961938079195,0.0216598854612385,0.027536308346681002,0.5597243651448552,True,0.0491961938079195,,,0.0216598854612385,
strong_z5,resample_nearest,original_ngtdm_Strength,ngtdm,Strength,0.0272954048475106,0.0123992347914011,0.0148961700561095,0.5457391139398345,True,0.0272954048475106,,,0.0123992347914011,
strong_z5,voxel_spacing_aware,original_glcm_Autocorrelation,glcm,Autocorrelation,34.58753758495539,34.845660563310936,0.2581229783555443,0.007407607552353951,True,34.58753758495539,,,,34.845660563310936
strong_z5,voxel_spacing_aware,original_glcm_ClusterProminence,glcm,ClusterProminence,311.3041398881424,340.0067769811122,28.70263709296978,0.0844178382202195,True,311.3041398881424,,,,340.0067769811122
strong_z5,voxel_spacing_aware,original_glcm_ClusterShade,glcm,ClusterShade,0.4655828255547775,0.4355424431619389,0.03004038239283857,0.0645221016411917,True,0.4655828255547775,,,,0.4355424431619389
strong_z5,voxel_spacing_aware,original_glcm_ClusterTendency,glcm,ClusterTendency,11.011881190591271,11.520672783145317,0.5087915925540454,0.04416335765550123,True,11.011881190591271,,,,11.520672783145317
strong_z5,voxel_spacing_aware,original_glcm_Contrast,glcm,Contrast,1.4870374635756822,0.9621819444558544,0.5248555191198279,0.3529537970467652,True,1.4870374635756822,,,,0.9621819444558544
strong_z5,voxel_spacing_aware,original_glcm_Correlation,glcm,Correlation,0.7621507062793819,0.8458788751342227,0.0837281688548408,0.098983638575387,True,0.7621507062793819,,,,0.8458788751342227
strong_z5,voxel_spacing_aware,original_glcm_DifferenceAverage,glcm,DifferenceAverage,0.839884673725355,0.5895053843517924,0.2503792893735626,0.2981115112661734,True,0.839884673725355,,,,0.5895053843517924
strong_z5,voxel_spacing_aware,original_glcm_DifferenceEntropy,glcm,DifferenceEntropy,1.4150890296130916,1.15836677886383,0.25672225074926147,0.18141773794928898,True,1.4150890296130916,,,,1.15836677886383
strong_z5,voxel_spacing_aware,original_glcm_DifferenceVariance,glcm,DifferenceVariance,0.6260606611850738,0.4389124162505476,0.18714824493452614,0.2989298905640744,True,0.6260606611850738,,,,0.4389124162505476
strong_z5,voxel_spacing_aware,original_glcm_Id,glcm,Id,0.6834857947267582,0.7647233467142022,0.08123755198744398,0.10623129571824705,True,0.6834857947267582,,,,0.7647233467142022
strong_z5,voxel_spacing_aware,original_glcm_Idm,glcm,Idm,0.6447729421223551,0.7425149638345101,0.09774202171215496,0.1316364335708384,True,0.6447729421223551,,,,0.7425149638345101
strong_z5,voxel_spacing_aware,original_glcm_Idmn,glcm,Idmn,0.9857016853537784,0.99071915377309,0.00501746841931161,0.00506447099584469,True,0.9857016853537784,,,,0.99071915377309
strong_z5,voxel_spacing_aware,original_glcm_Idn,glcm,Idn,0.928487553126832,0.949195031477517,0.020707478350685093,0.021815830955680238,True,0.928487553126832,,,,0.949195031477517
strong_z5,voxel_spacing_aware,original_glcm_Imc1,glcm,Imc1,-0.3554414484150945,-0.475532153332998,0.12009070491790347,0.2525396107838123,True,-0.3554414484150945,,,,-0.475532153332998
strong_z5,voxel_spacing_aware,original_glcm_Imc2,glcm,Imc2,0.8936891348910181,0.9323626779466264,0.03867354305560833,0.04147907672664501,True,0.8936891348910181,,,,0.9323626779466264
strong_z5,voxel_spacing_aware,original_glcm_InverseVariance,glcm,InverseVariance,0.31547116828531,0.2883157604624999,0.027155407822810118,0.08607888946051306,True,0.31547116828531,,,,0.2883157604624999
strong_z5,voxel_spacing_aware,original_glcm_JointAverage,glcm,JointAverage,5.67505992288611,5.675034134624464,2.5788261646120247e-05,4.544139092192239e-06,True,5.67505992288611,,,,5.675034134624464
strong_z5,voxel_spacing_aware,original_glcm_JointEnergy,glcm,JointEnergy,0.055287016928315,0.0721029936772014,0.016815976748886394,0.2332216166248243,True,0.055287016928315,,,,0.0721029936772014
strong_z5,voxel_spacing_aware,original_glcm_JointEntropy,glcm,JointEntropy,4.6908746553418315,4.346728307124056,0.3441463482177758,0.07336507016359346,True,4.6908746553418315,,,,4.346728307124056
strong_z5,voxel_spacing_aware,original_glcm_MCC,glcm,MCC,0.7655137585890059,0.8489523197437179,0.08343856115471193,0.0982841547330955,True,0.7655137585890059,,,,0.8489523197437179
strong_z5,voxel_spacing_aware,original_glcm_MaximumProbability,glcm,MaximumProbability,0.1076572388849377,0.1358379103222884,0.0281806714373507,0.20745807536710018,True,0.1076572388849377,,,,0.1358379103222884
strong_z5,voxel_spacing_aware,original_glcm_SumAverage,glcm,SumAverage,11.35011984577222,11.350068269248927,5.1576523292240495e-05,4.544139092192239e-06,True,11.35011984577222,,,,11.350068269248927
strong_z5,voxel_spacing_aware,original_glcm_SumEntropy,glcm,SumEntropy,3.5846603778211015,3.6039959760023863,0.01933559818128483,0.005365044331356941,True,3.5846603778211015,,,,3.6039959760023863
strong_z5,voxel_spacing_aware,original_glcm_SumSquares,glcm,SumSquares,3.1247296635417383,3.1207136819002925,0.004015981641445787,0.001285225307105081,True,3.1247296635417383,,,,3.1207136819002925
strong_z5,voxel_spacing_aware,original_gldm_DependenceEntropy,gldm,DependenceEntropy,6.748581417208246,6.547990036818396,0.20059138038985047,0.029723488239819018,True,6.748581417208246,,,,6.547990036818396
strong_z5,voxel_spacing_aware,original_gldm_DependenceNonUniformity,gldm,DependenceNonUniformity,868.097971301336,6159.373445489032,5291.275474187696,0.8590606692411046,True,868.097971301336,,,,6159.373445489032
strong_z5,voxel_spacing_aware,original_gldm_DependenceNonUniformityNormalized,gldm,DependenceNonUniformityNormalized,0.0715898046595197,0.1015895339846451,0.0299997293251254,0.29530334620552307,True,0.0715898046595197,,,,0.1015895339846451
strong_z5,voxel_spacing_aware,original_gldm_DependenceVariance,gldm,DependenceVariance,19.75530969571819,37.52932242026646,17.77401272454827,0.47360334741748517,True,19.75530969571819,,,,37.52932242026646
strong_z5,voxel_spacing_aware,original_gldm_GrayLevelNonUniformity,gldm,GrayLevelNonUniformity,1871.541810984661,9357.709054923303,7486.167243938642,0.7999999999999999,True,1871.541810984661,,,,9357.709054923303
strong_z5,voxel_spacing_aware,original_gldm_GrayLevelVariance,gldm,GrayLevelVariance,3.193851224412078,3.193851224412078,0.0,0.0,False,3.193851224412078,,,,3.193851224412078
strong_z5,voxel_spacing_aware,original_gldm_HighGrayLevelEmphasis,gldm,HighGrayLevelEmphasis,35.28814118423223,35.28814118423223,0.0,0.0,False,35.28814118423223,,,,35.28814118423223
strong_z5,voxel_spacing_aware,original_gldm_LargeDependenceEmphasis,gldm,LargeDependenceEmphasis,164.7585353785255,383.7225136071252,218.96397822859973,0.5706310431730005,True,164.7585353785255,,,,383.7225136071252
strong_z5,voxel_spacing_aware,original_gldm_LargeDependenceHighGrayLevelEmphasis,gldm,LargeDependenceHighGrayLevelEmphasis,5844.428995546759,13645.63585683655,7801.206861289791,0.5716997685660311,True,5844.428995546759,,,,13645.63585683655
strong_z5,voxel_spacing_aware,original_gldm_LargeDependenceLowGrayLevelEmphasis,gldm,LargeDependenceLowGrayLevelEmphasis,7.726119594189104,17.924322315846855,10.19820272165775,0.5689589007580801,True,7.726119594189104,,,,17.924322315846855
strong_z5,voxel_spacing_aware,original_gldm_LowGrayLevelEmphasis,gldm,LowGrayLevelEmphasis,0.0509695439658383,0.0509695439658383,0.0,0.0,False,0.0509695439658383,,,,0.0509695439658383
strong_z5,voxel_spacing_aware,original_gldm_SmallDependenceEmphasis,gldm,SmallDependenceEmphasis,0.0184646284013753,0.0060947868511182,0.012369841550257102,0.6699209581350556,True,0.0184646284013753,,,,0.0060947868511182
strong_z5,voxel_spacing_aware,original_gldm_SmallDependenceHighGrayLevelEmphasis,gldm,SmallDependenceHighGrayLevelEmphasis,0.664409370361318,0.2169605095687737,0.4474488607925443,0.6734535675636444,True,0.664409370361318,,,,0.2169605095687737
strong_z5,voxel_spacing_aware,original_gldm_SmallDependenceLowGrayLevelEmphasis,gldm,SmallDependenceLowGrayLevelEmphasis,0.0012243385755492,0.0003718428198154,0.0008524957557338,0.6962908567602691,True,0.0012243385755492,,,,0.0003718428198154
strong_z5,voxel_spacing_aware,original_glrlm_GrayLevelNonUniformity,glrlm,GrayLevelNonUniformity,1060.4856227970497,2899.054701944491,1838.5690791474415,0.6341960632596042,True,1060.4856227970497,,,,2899.054701944491
strong_z5,voxel_spacing_aware,original_glrlm_GrayLevelNonUniformityNormalized,glrlm,GrayLevelNonUniformityNormalized,0.1510499332872742,0.1483452326742761,0.002704700612998101,0.017906003360187973,True,0.1510499332872742,,,,0.1483452326742761
strong_z5,voxel_spacing_aware,original_glrlm_GrayLevelVariance,glrlm,GrayLevelVariance,3.328031593877766,3.435999953100764,0.10796835922299808,0.03142268937622183,True,3.328031593877766,,,,3.435999953100764
strong_z5,voxel_spacing_aware,original_glrlm_HighGrayLevelRunEmphasis,glrlm,HighGrayLevelRunEmphasis,35.176505801514004,35.04657606718118,0.12992973433282629,0.0036936509574306293,True,35.176505801514004,,,,35.04657606718118
strong_z5,voxel_spacing_aware,original_glrlm_LongRunEmphasis,glrlm,LongRunEmphasis,8.538886686963691,18.691665194806465,10.152778507842774,0.5431714297270718,True,8.538886686963691,,,,18.691665194806465
strong_z5,voxel_spacing_aware,original_glrlm_LongRunHighGrayLevelEmphasis,glrlm,LongRunHighGrayLevelEmphasis,305.59498132009577,666.1581005018771,360.56311918178136,0.5412575767075962,True,305.59498132009577,,,,666.1581005018771
strong_z5,voxel_spacing_aware,original_glrlm_LongRunLowGrayLevelEmphasis,glrlm,LongRunLowGrayLevelEmphasis,0.3906957237542382,0.8789976091437436,0.48830188538950536,0.5555212896030218,True,0.3906957237542382,,,,0.8789976091437436
strong_z5,voxel_spacing_aware,original_glrlm_LowGrayLevelRunEmphasis,glrlm,LowGrayLevelRunEmphasis,0.0539520416041134,0.0563795353676818,0.0024274937635684057,0.04305629246032963,True,0.0539520416041134,,,,0.0563795353676818
strong_z5,voxel_spacing_aware,original_glrlm_RunEntropy,glrlm,RunEntropy,4.465247063041276,5.43794118459407,0.9726941215527942,0.1788717620390011,True,4.465247063041276,,,,5.43794118459407
strong_z5,voxel_spacing_aware,original_glrlm_RunLengthNonUniformity,glrlm,RunLengthNonUniformity,3243.2719636032457,4219.658574331612,976.3866107283661,0.23138995573427987,True,3243.2719636032457,,,,4219.658574331612
strong_z5,voxel_spacing_aware,original_glrlm_RunLengthNonUniformityNormalized,glrlm,RunLengthNonUniformityNormalized,0.4103940546942009,0.2251612707175178,0.18523278397668314,0.4513534780973048,True,0.4103940546942009,,,,0.2251612707175178
strong_z5,voxel_spacing_aware,original_glrlm_RunPercentage,glrlm,RunPercentage,0.5753181339524732,0.3228358644489273,0.2524822695035459,0.4388567900145546,True,0.5753181339524732,,,,0.3228358644489273
strong_z5,voxel_spacing_aware,original_glrlm_RunVariance,glrlm,RunVariance,3.03727160188601,5.684700196915913,2.6474285950299032,0.4657112078603894,True,3.03727160188601,,,,5.684700196915913
strong_z5,voxel_spacing_aware,original_glrlm_ShortRunEmphasis,glrlm,ShortRunEmphasis,0.586800355325577,0.3787440547515479,0.20805630057402907,0.3545606247266028,True,0.586800355325577,,,,0.3787440547515479
strong_z5,voxel_spacing_aware,original_glrlm_ShortRunHighGrayLevelEmphasis,glrlm,ShortRunHighGrayLevelEmphasis,20.704940890205833,13.325290818389682,7.379650071816151,0.35641976043056395,True,20.704940890205833,,,,13.325290818389682
strong_z5,voxel_spacing_aware,original_glrlm_ShortRunLowGrayLevelEmphasis,glrlm,ShortRunLowGrayLevelEmphasis,0.0327323362063336,0.0237244706872589,0.009007865519074697,0.27519775741921243,True,0.0327323362063336,,,,0.0237244706872589
strong_z5,voxel_spacing_aware,original_glszm_GrayLevelNonUniformity,glszm,GrayLevelNonUniformity,16.81679389312977,16.81679389312977,0.0,0.0,False,16.81679389312977,,,,16.81679389312977
strong_z5,voxel_spacing_aware,original_glszm_GrayLevelNonUniformityNormalized,glszm,GrayLevelNonUniformityNormalized,0.1283724724666394,0.1283724724666394,0.0,0.0,False,0.1283724724666394,,,,0.1283724724666394
strong_z5,voxel_spacing_aware,original_glszm_GrayLevelVariance,glszm,GrayLevelVariance,5.749198764640755,5.749198764640755,0.0,0.0,False,5.749198764640755,,,,5.749198764640755
strong_z5,voxel_spacing_aware,original_glszm_HighGrayLevelZoneEmphasis,glszm,HighGrayLevelZoneEmphasis,37.229007633587784,37.229007633587784,0.0,0.0,False,37.229007633587784,,,,37.229007633587784
strong_z5,voxel_spacing_aware,original_glszm_LargeAreaEmphasis,glszm,LargeAreaEmphasis,63002.30534351145,1575057.6335877862,1512055.3282442747,0.96,True,63002.30534351145,,,,1575057.6335877862
strong_z5,voxel_spacing_aware,original_glszm_LargeAreaHighGrayLevelEmphasis,glszm,LargeAreaHighGrayLevelEmphasis,2073227.7709923664,51830694.27480916,49757466.50381679,0.96,True,2073227.7709923664,,,,51830694.27480916
strong_z5,voxel_spacing_aware,original_glszm_LargeAreaLowGrayLevelEmphasis,glszm,LargeAreaLowGrayLevelEmphasis,2400.232267320061,60005.80668300152,57605.57441568146,0.96,True,2400.232267320061,,,,60005.80668300152
strong_z5,voxel_spacing_aware,original_glszm_LowGrayLevelZoneEmphasis,glszm,LowGrayLevelZoneEmphasis,0.0971847875423847,0.0971847875423847,0.0,0.0,False,0.0971847875423847,,,,0.0971847875423847
strong_z5,voxel_spacing_aware,original_glszm_SizeZoneNonUniformity,glszm,SizeZoneNonUniformity,21.748091603053435,21.748091603053435,0.0,0.0,False,21.748091603053435,,,,21.748091603053435
strong_z5,voxel_spacing_aware,original_glszm_SizeZoneNonUniformityNormalized,glszm,SizeZoneNonUniformityNormalized,0.1660159664355224,0.1660159664355224,0.0,0.0,False,0.1660159664355224,,,,0.1660159664355224
strong_z5,voxel_spacing_aware,original_glszm_SmallAreaEmphasis,glszm,SmallAreaEmphasis,0.4121020102836982,0.0164840804113479,0.3956179298723503,0.9600000000000001,True,0.4121020102836982,,,,0.0164840804113479
strong_z5,voxel_spacing_aware,original_glszm_SmallAreaHighGrayLevelEmphasis,glszm,SmallAreaHighGrayLevelEmphasis,15.867735740185298,0.634709429607412,15.233026310577886,0.96,True,15.867735740185298,,,,0.634709429607412
strong_z5,voxel_spacing_aware,original_glszm_SmallAreaLowGrayLevelEmphasis,glszm,SmallAreaLowGrayLevelEmphasis,0.037983109452293,0.0015193243780917,0.0364637850742013,0.9600000000000005,True,0.037983109452293,,,,0.0015193243780917
strong_z5,voxel_spacing_aware,original_glszm_ZoneEntropy,glszm,ZoneEntropy,5.801185001517869,5.801185001517869,0.0,0.0,False,5.801185001517869,,,,5.801185001517869
strong_z5,voxel_spacing_aware,original_glszm_ZonePercentage,glszm,ZonePercentage,0.0108032327230743,0.0021606465446148,0.0086425861784595,0.8000000000000056,True,0.0108032327230743,,,,0.0021606465446148
strong_z5,voxel_spacing_aware,original_glszm_ZoneVariance,glszm,ZoneVariance,54434.04731658994,1360851.1829147486,1306417.1355981587,0.9600000000000001,True,54434.04731658994,,,,1360851.1829147486
strong_z5,voxel_spacing_aware,original_ngtdm_Busyness,ngtdm,Busyness,25.022526338132504,15.161452747480542,9.861073590651962,0.3940878493801166,True,25.022526338132504,,,,15.161452747480542
strong_z5,voxel_spacing_aware,original_ngtdm_Coarseness,ngtdm,Coarseness,0.0007897913675166,0.00130347504454,0.0005136836770234,0.39408784938010105,True,0.0007897913675166,,,,0.00130347504454
strong_z5,voxel_spacing_aware,original_ngtdm_Complexity,ngtdm,Complexity,26.94568433418289,16.478939682481755,10.466744651701134,0.3884386279409939,True,26.94568433418289,,,,16.478939682481755
strong_z5,voxel_spacing_aware,original_ngtdm_Contrast,ngtdm,Contrast,0.0491961938079195,0.0302076454846812,0.0189885483232383,0.38597596385965866,True,0.0491961938079195,,,,0.0302076454846812
strong_z5,voxel_spacing_aware,original_ngtdm_Strength,ngtdm,Strength,0.0272954048475106,0.0444533165494386,0.017157911701928,0.3859759638596569,True,0.0272954048475106,,,,0.0444533165494386
