spacing_label,method,feature,family,short_feature,reference_value,comparison_value,abs_diff,rel_diff,changed,resample_linear,native_original,resample_bspline,resample_nearest,voxel_spacing_aware
mild_z2,native_original,original_glcm_Autocorrelation,glcm,Autocorrelation,59.18256870151155,34.58753758495539,24.595031116556157,0.415578972933765,True,59.18256870151155,34.58753758495539,,,
mild_z2,native_original,original_glcm_ClusterProminence,glcm,ClusterProminence,393.27799463271583,311.3041398881424,81.97385474457343,0.2084374306808831,True,393.27799463271583,311.3041398881424,,,
mild_z2,native_original,original_glcm_ClusterShade,glcm,ClusterShade,-2.980002194676323,0.4655828255547775,3.4455850202311002,1.1562357324388974,True,-2.980002194676323,0.4655828255547775,,,
mild_z2,native_original,original_glcm_ClusterTendency,glcm,ClusterTendency,12.11082553950426,11.011881190591271,1.0989443489129886,0.09074066382414195,True,12.11082553950426,11.011881190591271,,,
mild_z2,native_original,original_glcm_Contrast,glcm,Contrast,1.539888989250791,1.4870374635756822,0.05285152567510876,0.0343216465888381,True,1.539888989250791,1.4870374635756822,,,
mild_z2,native_original,original_glcm_Correlation,glcm,Correlation,0.7690671355842235,0.7621507062793819,0.006916429304841598,0.0089932711785786,True,0.7690671355842235,0.7621507062793819,,,
mild_z2,native_original,original_glcm_DifferenceAverage,glcm,DifferenceAverage,0.6603900606209083,0.839884673725355,0.1794946131044467,0.21371340461338387,True,0.6603900606209083,0.839884673725355,,,
mild_z2,native_original,original_glcm_DifferenceEntropy,glcm,DifferenceEntropy,1.3150343156037456,1.4150890296130916,0.10005471400934596,0.0707055965494288,True,1.3150343156037456,1.4150890296130916,,,
mild_z2,native_original,original_glcm_DifferenceVariance,glcm,DifferenceVariance,1.0260497824621388,0.6260606611850738,0.3999891212770651,0.3898340296094012,True,1.0260497824621388,0.6260606611850738,,,
mild_z2,native_original,original_glcm_Id,glcm,Id,0.7448944346179934,0.6834857947267582,0.06140863989123524,0.08243938608928879,True,0.7448944346179934,0.6834857947267582,,,
mild_z2,native_original,original_glcm_Idm,glcm,Idm,0.7364094428900414,0.6447729421223551,0.09163650076768626,0.12443688990197965,True,0.7364094428900414,0.6447729421223551,,,
mild_z2,native_original,original_glcm_Idmn,glcm,Idmn,0.9905204872965908,0.9857016853537784,0.004818801942812367,0.004864919004314827,True,0.9905204872965908,0.9857016853537784,,,
mild_z2,native_original,original_glcm_Idn,glcm,Idn,0.9531654789926242,0.928487553126832,0.024677925865792205,0.0258904947878239,True,0.9531654789926242,0.928487553126832,,,
mild_z2,native_original,original_glcm_Imc1,glcm,Imc1,-0.4444262221075795,-0.3554414484150945,0.08898477369248498,0.2002239500416899,True,-0.4444262221075795,-0.3554414484150945,,,
mild_z2,native_original,original_glcm_Imc2,glcm,Imc2,0.9490823623314936,0.8936891348910181,0.05539322744047548,0.058365037260199176,True,0.9490823623314936,0.8936891348910181,,,
mild_z2,native_original,original_glcm_InverseVariance,glcm,InverseVariance,0.418444651206302,0.31547116828531,0.10297348292099195,0.24608626881509324,True,0.418444651206302,0.31547116828531,,,
mild_z2,native_original,original_glcm_JointAverage,glcm,JointAverage,7.519095015920349,5.67505992288611,1.8440350930342388,0.24524694649154213,True,7.519095015920349,5.67505992288611,,,
mild_z2,native_original,original_glcm_JointEnergy,glcm,JointEnergy,0.0622984301699755,0.055287016928315,0.007011413241660498,0.11254558457621655,True,0.0622984301699755,0.055287016928315,,,
mild_z2,native_original,original_glcm_JointEntropy,glcm,JointEntropy,4.5348149369654,4.6908746553418315,0.15605971837643118,0.03326878883849836,True,4.5348149369654,4.6908746553418315,,,
mild_z2,native_original,original_glcm_MCC,glcm,MCC,0.8612574774030691,0.7655137585890059,0.09574371881406318,0.11116735857290566,True,0.8612574774030691,0.7655137585890059,,,
mild_z2,native_original,original_glcm_MaximumProbability,glcm,MaximumProbability,0.1152772057912991,0.1076572388849377,0.007619966906361408,0.06610124572377993,True,0.1152772057912991,0.1076572388849377,,,
mild_z2,native_original,original_glcm_SumAverage,glcm,SumAverage,15.038190031840696,11.35011984577222,3.688070186068476,0.24524694649154205,True,15.038190031840696,11.35011984577222,,,
mild_z2,native_original,original_glcm_SumEntropy,glcm,SumEntropy,3.7468640205574215,3.5846603778211015,0.16220364273632004,0.04329050690027149,True,3.7468640205574215,3.5846603778211015,,,
mild_z2,native_original,original_glcm_SumSquares,glcm,SumSquares,3.4126786321887623,3.1247296635417383,0.287948968647024,0.08437623335847023,True,3.4126786321887623,3.1247296635417383,,,
mild_z2,native_original,original_gldm_DependenceEntropy,gldm,DependenceEntropy,7.120348981431219,6.748581417208246,0.3717675642229725,0.05221198640579071,True,7.120348981431219,6.748581417208246,,,
mild_z2,native_original,original_gldm_DependenceNonUniformity,gldm,DependenceNonUniformity,1585.1556160316677,868.097971301336,717.0576447303317,0.4523578868082606,True,1585.1556160316677,868.097971301336,,,
mild_z2,native_original,original_gldm_DependenceNonUniformityNormalized,gldm,DependenceNonUniformityNormalized,0.0653618512300704,0.0715898046595197,0.00622795342944929,0.08699497727461845,True,0.0653618512300704,0.0715898046595197,,,
mild_z2,native_original,original_gldm_DependenceVariance,gldm,DependenceVariance,31.535121411555053,19.75530969571819,11.779811715836864,0.37354578604921823,True,31.535121411555053,19.75530969571819,,,
mild_z2,native_original,original_gldm_GrayLevelNonUniformity,gldm,GrayLevelNonUniformity,3529.549727857496,1871.541810984661,1658.0079168728348,0.4697505474386041,True,3529.549727857496,1871.541810984661,,,
mild_z2,native_original,original_gldm_GrayLevelVariance,gldm,GrayLevelVariance,3.729217222680465,3.193851224412078,0.5353659982683872,0.14355988570801995,True,3.729217222680465,3.193851224412078,,,
mild_z2,native_original,original_gldm_HighGrayLevelEmphasis,gldm,HighGrayLevelEmphasis,58.76735939303975,35.28814118423223,23.479218208807517,0.3995282151742951,True,58.76735939303975,35.28814118423223,,,
mild_z2,native_original,original_gldm_LargeDependenceEmphasis,gldm,LargeDependenceEmphasis,220.165841992413,164.7585353785255,55.4073066138875,0.25166168426706653,True,220.165841992413,164.7585353785255,,,
mild_z2,native_original,original_gldm_LargeDependenceHighGrayLevelEmphasis,gldm,LargeDependenceHighGrayLevelEmphasis,13421.03043047996,5844.428995546759,7576.6014349332,0.5645320211573537,True,13421.03043047996,5844.428995546759,,,
mild_z2,native_original,original_gldm_LargeDependenceLowGrayLevelEmphasis,gldm,LargeDependenceLowGrayLevelEmphasis,4.675164603995327,7.726119594189104,3.0509549901937767,0.39488839811493887,True,4.675164603995327,7.726119594189104,,,
mild_z2,native_original,original_gldm_LowGrayLevelEmphasis,gldm,LowGrayLevelEmphasis,0.0249239715246254,0.0509695439658383,0.0260455724412129,0.5110026579533382,True,0.0249239715246254,0.0509695439658383,,,
mild_z2,native_original,original_gldm_SmallDependenceEmphasis,gldm,SmallDependenceEmphasis,0.0130265092929411,0.0184646284013753,0.005438119108434201,0.2945154914695794,True,0.0130265092929411,0.0184646284013753,,,
mild_z2,native_original,original_gldm_SmallDependenceHighGrayLevelEmphasis,gldm,SmallDependenceHighGrayLevelEmphasis,0.6900599319673231,0.664409370361318,0.025650561606005096,0.03717149832606097,True,0.6900599319673231,0.664409370361318,,,
mild_z2,native_original,original_gldm_SmallDependenceLowGrayLevelEmphasis,gldm,SmallDependenceLowGrayLevelEmphasis,0.0005621676636602,0.0012243385755492,0.0006621709118890001,0.5408397032593463,True,0.0005621676636602,0.0012243385755492,,,
mild_z2,native_original,original_glrlm_GrayLevelNonUniformity,glrlm,GrayLevelNonUniformity,1711.0293326588703,1060.4856227970497,650.5437098618206,0.3802060534233519,True,1711.0293326588703,1060.4856227970497,,,
mild_z2,native_original,original_glrlm_GrayLevelNonUniformityNormalized,glrlm,GrayLevelNonUniformityNormalized,0.1385082522524047,0.1510499332872742,0.012541681034869495,0.08303003359172036,True,0.1385082522524047,0.1510499332872742,,,
mild_z2,native_original,original_glrlm_GrayLevelVariance,glrlm,GrayLevelVariance,4.117445629162782,3.328031593877766,0.7894140352850165,0.19172421602699619,True,4.117445629162782,3.328031593877766,,,
mild_z2,native_original,original_glrlm_HighGrayLevelRunEmphasis,glrlm,HighGrayLevelRunEmphasis,57.64239521840056,35.176505801514004,22.465889416886554,0.3897459384150472,True,57.64239521840056,35.176505801514004,,,
mild_z2,native_original,original_glrlm_LongRunEmphasis,glrlm,LongRunEmphasis,10.58662343983944,8.538886686963691,2.0477367528757497,0.1934268054883046,True,10.58662343983944,8.538886686963691,,,
mild_z2,native_original,original_glrlm_LongRunHighGrayLevelEmphasis,glrlm,LongRunHighGrayLevelEmphasis,620.86731695225,305.59498132009577,315.27233563215424,0.5077934157974068,True,620.86731695225,305.59498132009577,,,
mild_z2,native_original,original_glrlm_LongRunLowGrayLevelEmphasis,glrlm,LongRunLowGrayLevelEmphasis,0.2627633991963672,0.3906957237542382,0.127932324557871,0.32744746558410015,True,0.2627633991963672,0.3906957237542382,,,
mild_z2,native_original,original_glrlm_LowGrayLevelRunEmphasis,glrlm,LowGrayLevelRunEmphasis,0.0272020239085064,0.0539520416041134,0.026750017695606997,0.4958110369926674,True,0.0272020239085064,0.0539520416041134,,,
mild_z2,native_original,original_glrlm_RunEntropy,glrlm,RunEntropy,4.958195483807131,4.465247063041276,0.4929484207658552,0.09942093295348385,True,4.958195483807131,4.465247063041276,,,
mild_z2,native_original,original_glrlm_RunLengthNonUniformity,glrlm,RunLengthNonUniformity,5177.906864008198,3243.2719636032457,1934.634900404952,0.37363261858815255,True,5177.906864008198,3243.2719636032457,,,
mild_z2,native_original,original_glrlm_RunLengthNonUniformityNormalized,glrlm,RunLengthNonUniformityNormalized,0.3723766176369806,0.4103940546942009,0.03801743705722033,0.09263642253674571,True,0.3723766176369806,0.4103940546942009,,,
mild_z2,native_original,original_glrlm_RunPercentage,glrlm,RunPercentage,0.5102196170974004,0.5753181339524732,0.06509851685507284,0.11315220747144153,True,0.5102196170974004,0.5753181339524732,,,
mild_z2,native_original,original_glrlm_RunVariance,glrlm,RunVariance,4.0156725010708065,3.03727160188601,0.9784008991847966,0.2436455908503244,True,4.0156725010708065,3.03727160188601,,,
mild_z2,native_original,original_glrlm_ShortRunEmphasis,glrlm,ShortRunEmphasis,0.5915240934450503,0.586800355325577,0.004723738119473353,0.007985707043583281,True,0.5915240934450503,0.586800355325577,,,
mild_z2,native_original,original_glrlm_ShortRunHighGrayLevelEmphasis,glrlm,ShortRunHighGrayLevelEmphasis,33.107184176622795,20.704940890205833,12.402243286416962,0.3746088226728224,True,33.107184176622795,20.704940890205833,,,
mild_z2,native_original,original_glrlm_ShortRunLowGrayLevelEmphasis,glrlm,ShortRunLowGrayLevelEmphasis,0.0180272640221568,0.0327323362063336,0.014705072184176798,0.44925214294149335,True,0.0180272640221568,0.0327323362063336,,,
mild_z2,native_original,original_glszm_GrayLevelNonUniformity,glszm,GrayLevelNonUniformity,15.192592592592591,16.81679389312977,1.6242013005371785,0.09658210184764884,True,15.192592592592591,16.81679389312977,,,
mild_z2,native_original,original_glszm_GrayLevelNonUniformityNormalized,glszm,GrayLevelNonUniformityNormalized,0.1125377229080932,0.1283724724666394,0.015834749558546204,0.1233500395706816,True,0.1125377229080932,0.1283724724666394,,,
mild_z2,native_original,original_glszm_GrayLevelVariance,glszm,GrayLevelVariance,9.666611796982169,5.749198764640755,3.917413032341414,0.40525192431585966,True,9.666611796982169,5.749198764640755,,,
mild_z2,native_original,original_glszm_HighGrayLevelZoneEmphasis,glszm,HighGrayLevelZoneEmphasis,45.577777777777776,37.229007633587784,8.348770144189992,0.18317633178378823,True,45.577777777777776,37.229007633587784,,,
mild_z2,native_original,original_glszm_LargeAreaEmphasis,glszm,LargeAreaEmphasis,611254.8592592593,63002.30534351145,548252.5539157479,0.8969295631942135,True,611254.8592592593,63002.30534351145,,,
mild_z2,native_original,original_glszm_LargeAreaHighGrayLevelEmphasis,glszm,LargeAreaHighGrayLevelEmphasis,36257682.47407407,2073227.7709923664,34184454.703081705,0.9428196280202182,True,36257682.47407407,2073227.7709923664,,,
mild_z2,native_original,original_glszm_LargeAreaLowGrayLevelEmphasis,glszm,LargeAreaLowGrayLevelEmphasis,11785.000703743037,2400.232267320061,9384.768436422975,0.7963315974552532,True,11785.000703743037,2400.232267320061,,,
mild_z2,native_original,original_glszm_LowGrayLevelZoneEmphasis,glszm,LowGrayLevelZoneEmphasis,0.0718463057609081,0.0971847875423847,0.0253384817814766,0.26072477413634165,True,0.0718463057609081,0.0971847875423847,,,
mild_z2,native_original,original_glszm_SizeZoneNonUniformity,glszm,SizeZoneNonUniformity,35.577777777777776,21.748091603053435,13.82968617472434,0.3887169755544006,True,35.577777777777776,21.748091603053435,,,
mild_z2,native_original,original_glszm_SizeZoneNonUniformityNormalized,glszm,SizeZoneNonUniformityNormalized,0.2635390946502057,0.1660159664355224,0.09752312821468329,0.3700518450369776,True,0.2635390946502057,0.1660159664355224,,,
mild_z2,native_original,original_glszm_SmallAreaEmphasis,glszm,SmallAreaEmphasis,0.5265253685880661,0.4121020102836982,0.1144233583043679,0.2173178447435616,True,0.5265253685880661,0.4121020102836982,,,
mild_z2,native_original,original_glszm_SmallAreaHighGrayLevelEmphasis,glszm,SmallAreaHighGrayLevelEmphasis,25.3676843625906,15.867735740185298,9.499948622405304,0.37449017760622866,True,25.3676843625906,15.867735740185298,,,
mild_z2,native_original,original_glszm_SmallAreaLowGrayLevelEmphasis,glszm,SmallAreaLowGrayLevelEmphasis,0.032818936628156,0.037983109452293,0.005164172824137003,0.13595971732180676,True,0.032818936628156,0.037983109452293,,,
mild_z2,native_original,original_glszm_ZoneEntropy,glszm,ZoneEntropy,5.422910875866784,5.801185001517869,0.3782741256510844,0.06520635448655916,True,5.422910875866784,5.801185001517869,,,
mild_z2,native_original,original_glszm_ZonePercentage,glszm,ZonePercentage,0.0055665512122711,0.0108032327230743,0.005236681510803199,0.48473282442748167,True,0.0055665512122711,0.0108032327230743,,,
mild_z2,native_original,original_glszm_ZoneVariance,glszm,ZoneVariance,578982.7328395062,54434.04731658994,524548.6855229163,0.9059832975508113,True,578982.7328395062,54434.04731658994,,,
mild_z2,native_original,original_ngtdm_Busyness,ngtdm,Busyness,16.123669316744785,25.022526338132504,8.89885702138772,0.35563383573410456,True,16.123669316744785,25.022526338132504,,,
mild_z2,native_original,original_ngtdm_Coarseness,ngtdm,Coarseness,0.0006719447464082,0.0007897913675166,0.00011784662110840007,0.14921234386108068,True,0.0006719447464082,0.0007897913675166,,,
mild_z2,native_original,original_ngtdm_Complexity,ngtdm,Complexity,29.61253642938374,26.94568433418289,2.666852095200852,0.09005821239124268,True,29.61253642938374,26.94568433418289,,,
mild_z2,native_original,original_ngtdm_Contrast,ngtdm,Contrast,0.0300122740983926,0.0491961938079195,0.0191839197095269,0.3899472342195447,True,0.0300122740983926,0.0491961938079195,,,
mild_z2,native_original,original_ngtdm_Strength,ngtdm,Strength,0.0307227257473678,0.0272954048475106,0.0034273208998572002,0.11155653726951097,True,0.0307227257473678,0.0272954048475106,,,
mild_z2,resample_bspline,original_glcm_Autocorrelation,glcm,Autocorrelation,59.18256870151155,60.301321375887376,1.118752674375827,0.018552705792334118,True,59.18256870151155,,60.301321375887376,,
mild_z2,resample_bspline,original_glcm_ClusterProminence,glcm,ClusterProminence,393.27799463271583,453.9731669351298,60.695172302413994,0.13369770885838939,True,393.27799463271583,,453.9731669351298,,
mild_z2,resample_bspline,original_glcm_ClusterShade,glcm,ClusterShade,-2.980002194676323,-2.9464321518567704,0.03357004281955245,0.011265106743721276,True,-2.980002194676323,,-2.9464321518567704,,
mild_z2,resample_bspline,original_glcm_ClusterTendency,glcm,ClusterTendency,12.11082553950426,13.099824275878388,0.9889987363741284,0.07549709946836769,True,12.11082553950426,,13.099824275878388,,
mild_z2,resample_bspline,original_glcm_Contrast,glcm,Contrast,1.539888989250791,1.6997200290651984,0.15983103981440738,0.09403374501758992,True,1.539888989250791,,1.6997200290651984,,
mild_z2,resample_bspline,original_glcm_Correlation,glcm,Correlation,0.7690671355842235,0.7657056772590904,0.0033614583251330155,0.004370825601043889,True,0.7690671355842235,,0.7657056772590904,,
mild_z2,resample_bspline,original_glcm_DifferenceAverage,glcm,DifferenceAverage,0.6603900606209083,0.7435118350439841,0.08312177442307578,0.1117961685413636,True,0.6603900606209083,,0.7435118350439841,,
mild_z2,resample_bspline,original_glcm_DifferenceEntropy,glcm,DifferenceEntropy,1.3150343156037456,1.46460731892236,0.14957300331861445,0.10212498694098321,True,1.3150343156037456,,1.46460731892236,,
mild_z2,resample_bspline,original_glcm_DifferenceVariance,glcm,DifferenceVariance,1.0260497824621388,1.0447055106952368,0.018655728233097912,0.017857403873253037,True,1.0260497824621388,,1.0447055106952368,,
mild_z2,resample_bspline,original_glcm_Id,glcm,Id,0.7448944346179934,0.7184020762407678,0.026492358377225633,0.035565252129735395,True,0.7448944346179934,,0.7184020762407678,,
mild_z2,resample_bspline,original_glcm_Idm,glcm,Idm,0.7364094428900414,0.7038073339939714,0.03260210889606996,0.04427171488747193,True,0.7364094428900414,,0.7038073339939714,,
mild_z2,resample_bspline,original_glcm_Idmn,glcm,Idmn,0.9905204872965908,0.9908338529375942,0.0003133656410033714,0.0003162645685493228,True,0.9905204872965908,,0.9908338529375942,,
mild_z2,resample_bspline,original_glcm_Idn,glcm,Idn,0.9531654789926242,0.950763782945301,0.0024016960473232096,0.00251970523508835,True,0.9531654789926242,,0.950763782945301,,
mild_z2,resample_bspline,original_glcm_Imc1,glcm,Imc1,-0.4444262221075795,-0.3922011294785526,0.05222509262902686,0.11751127640795474,True,-0.4444262221075795,,-0.3922011294785526,,
mild_z2,resample_bspline,original_glcm_Imc2,glcm,Imc2,0.9490823623314936,0.9273736169345818,0.02170874539691181,0.022873405152723115,True,0.9490823623314936,,0.9273736169345818,,
mild_z2,resample_bspline,original_glcm_InverseVariance,glcm,InverseVariance,0.418444651206302,0.4217200377240005,0.003275386517698542,0.00776673201343626,True,0.418444651206302,,0.4217200377240005,,
mild_z2,resample_bspline,original_glcm_JointAverage,glcm,JointAverage,7.519095015920349,7.579461121139233,0.060366105218884414,0.007964432332863668,True,7.519095015920349,,7.579461121139233,,
mild_z2,resample_bspline,original_glcm_JointEnergy,glcm,JointEnergy,0.0622984301699755,0.0545907147531605,0.007707715416815003,0.1237224661325368,True,0.0622984301699755,,0.0545907147531605,,
mild_z2,resample_bspline,original_glcm_JointEntropy,glcm,JointEntropy,4.5348149369654,4.780625029349227,0.24581009238382645,0.05141798214140378,True,4.5348149369654,,4.780625029349227,,
mild_z2,resample_bspline,original_glcm_MCC,glcm,MCC,0.8612574774030691,0.8307961463769,0.030461331026169103,0.035368437227411356,True,0.8612574774030691,,0.8307961463769,,
mild_z2,resample_bspline,original_glcm_MaximumProbability,glcm,MaximumProbability,0.1152772057912991,0.1106752177143991,0.0046019880769000016,0.03992105850684447,True,0.1152772057912991,,0.1106752177143991,,
mild_z2,resample_bspline,original_glcm_SumAverage,glcm,SumAverage,15.038190031840696,15.158922242278468,0.12073221043777238,0.007964432332863902,True,15.038190031840696,,15.158922242278468,,
mild_z2,resample_bspline,original_glcm_SumEntropy,glcm,SumEntropy,3.7468640205574215,3.8107900905168455,0.06392606995942396,0.016775017369364962,True,3.7468640205574215,,3.8107900905168455,,
mild_z2,resample_bspline,original_glcm_SumSquares,glcm,SumSquares,3.4126786321887623,3.699886076235896,0.2872074440471337,0.07762602364755138,True,3.4126786321887623,,3.699886076235896,,
mild_z2,resample_bspline,original_gldm_DependenceEntropy,gldm,DependenceEntropy,7.120348981431219,7.2272073825394925,0.1068584011082736,0.014785572829477291,True,7.120348981431219,,7.2272073825394925,,
mild_z2,resample_bspline,original_gldm_DependenceNonUniformity,gldm,DependenceNonUniformity,1585.1556160316677,1422.7408048820716,162.41481114959606,0.10245985284157198,True,1585.1556160316677,,1422.7408048820716,,
mild_z2,resample_bspline,original_gldm_DependenceNonUniformityNormalized,gldm,DependenceNonUniformityNormalized,0.0653618512300704,0.0586648855715846,0.006696965658485807,0.10245985284157309,True,0.0653618512300704,,0.0586648855715846,,
mild_z2,resample_bspline,original_gldm_DependenceVariance,gldm,DependenceVariance,31.535121411555053,28.792163746111974,2.742957665443079,0.08698104027080132,True,31.535121411555053,,28.792163746111974,,
mild_z2,resample_bspline,original_gldm_GrayLevelNonUniformity,gldm,GrayLevelNonUniformity,3529.549727857496,3385.7044367474846,143.8452911100112,0.04075457273620226,True,3529.549727857496,,3385.7044367474846,,
mild_z2,resample_bspline,original_gldm_GrayLevelVariance,gldm,GrayLevelVariance,3.729217222680465,4.00733831549205,0.27812109281158515,0.06940294802073266,True,3.729217222680465,,4.00733831549205,,
mild_z2,resample_bspline,original_gldm_HighGrayLevelEmphasis,gldm,HighGrayLevelEmphasis,58.76735939303975,59.96825004123371,1.2008906481939619,0.020025440918623415,True,58.76735939303975,,59.96825004123371,,
mild_z2,resample_bspline,original_gldm_LargeDependenceEmphasis,gldm,LargeDependenceEmphasis,220.165841992413,193.5416460498103,26.624195942602682,0.12092791371115671,True,220.165841992413,,193.5416460498103,,
mild_z2,resample_bspline,original_gldm_LargeDependenceHighGrayLevelEmphasis,gldm,LargeDependenceHighGrayLevelEmphasis,13421.03043047996,12681.76216394524,739.2682665347184,0.05508282470292267,True,13421.03043047996,,12681.76216394524,,
mild_z2,resample_bspline,original_gldm_LargeDependenceLowGrayLevelEmphasis,gldm,LargeDependenceLowGrayLevelEmphasis,4.675164603995327,3.852839905352075,0.8223246986432522,0.17589213820204438,True,4.675164603995327,,3.852839905352075,,
mild_z2,resample_bspline,original_gldm_LowGrayLevelEmphasis,gldm,LowGrayLevelEmphasis,0.0249239715246254,0.025021701302458,9.772977783260167e-05,0.0039058006748326586,True,0.0249239715246254,,0.025021701302458,,
mild_z2,resample_bspline,original_gldm_SmallDependenceEmphasis,gldm,SmallDependenceEmphasis,0.0130265092929411,0.0159031767279869,0.002876667435045801,0.18088634014758528,True,0.0130265092929411,,0.0159031767279869,,
mild_z2,resample_bspline,original_gldm_SmallDependenceHighGrayLevelEmphasis,gldm,SmallDependenceHighGrayLevelEmphasis,0.6900599319673231,0.846368586926745,0.15630865495942192,0.1846815410848309,True,0.6900599319673231,,0.846368586926745,,
mild_z2,resample_bspline,original_gldm_SmallDependenceLowGrayLevelEmphasis,gldm,SmallDependenceLowGrayLevelEmphasis,0.0005621676636602,0.0007316943104011,0.00016952664674090001,0.23169053569375023,True,0.0005621676636602,,0.0007316943104011,,
mild_z2,resample_bspline,original_glrlm_GrayLevelNonUniformity,glrlm,GrayLevelNonUniformity,1711.0293326588703,1764.771213493896,53.74188083502577,0.030452605087901184,True,1711.0293326588703,,1764.771213493896,,
mild_z2,resample_bspline,original_glrlm_GrayLevelNonUniformityNormalized,glrlm,GrayLevelNonUniformityNormalized,0.1385082522524047,0.1336381910735201,0.00487006117888461,0.035160801610649585,True,0.1385082522524047,,0.1336381910735201,,
mild_z2,resample_bspline,original_glrlm_GrayLevelVariance,glrlm,GrayLevelVariance,4.117445629162782,4.3183676609361745,0.20092203177339218,0.04652731021282113,True,4.117445629162782,,4.3183676609361745,,
mild_z2,resample_bspline,original_glrlm_HighGrayLevelRunEmphasis,glrlm,HighGrayLevelRunEmphasis,57.64239521840056,57.68916322770015,0.046768009299590574,0.0008106896803997037,True,57.64239521840056,,57.68916322770015,,
mild_z2,resample_bspline,original_glrlm_LongRunEmphasis,glrlm,LongRunEmphasis,10.58662343983944,9.425530759230575,1.1610926806088653,0.10967544913701725,True,10.58662343983944,,9.425530759230575,,
mild_z2,resample_bspline,original_glrlm_LongRunHighGrayLevelEmphasis,glrlm,LongRunHighGrayLevelEmphasis,620.86731695225,569.4892505223887,51.37806642986129,0.08275208732530642,True,620.86731695225,,569.4892505223887,,
mild_z2,resample_bspline,original_glrlm_LongRunLowGrayLevelEmphasis,glrlm,LongRunLowGrayLevelEmphasis,0.2627633991963672,0.228350214421824,0.03441318477454322,0.13096643170164543,True,0.2627633991963672,,0.228350214421824,,
mild_z2,resample_bspline,original_glrlm_LowGrayLevelRunEmphasis,glrlm,LowGrayLevelRunEmphasis,0.0272020239085064,0.027680602928166,0.00047857901965960015,0.01728932786982862,True,0.0272020239085064,,0.027680602928166,,
mild_z2,resample_bspline,original_glrlm_RunEntropy,glrlm,RunEntropy,4.958195483807131,4.90570694386212,0.05248853994501079,0.01058621833617332,True,4.958195483807131,,4.90570694386212,,
mild_z2,resample_bspline,original_glrlm_RunLengthNonUniformity,glrlm,RunLengthNonUniformity,5177.906864008198,5919.387112344002,741.4802483358044,0.1252630102176554,True,5177.906864008198,,5919.387112344002,,
mild_z2,resample_bspline,original_glrlm_RunLengthNonUniformityNormalized,glrlm,RunLengthNonUniformityNormalized,0.3723766176369806,0.3986647952028755,0.02628817756589491,0.06594055427572225,True,0.3723766176369806,,0.3986647952028755,,
mild_z2,resample_bspline,original_glrlm_RunPercentage,glrlm,RunPercentage,0.5102196170974004,0.5447893274464279,0.03456971034902756,0.06345519012104177,True,0.5102196170974004,,0.5447893274464279,,
mild_z2,resample_bspline,original_glrlm_RunVariance,glrlm,RunVariance,4.0156725010708065,3.634989196210123,0.3806833048606837,0.09479939032856187,True,4.0156725010708065,,3.634989196210123,,
mild_z2,resample_bspline,original_glrlm_ShortRunEmphasis,glrlm,ShortRunEmphasis,0.5915240934450503,0.6206648545542007,0.029140761109150426,0.046950880004444744,True,0.5915240934450503,,0.6206648545542007,,
mild_z2,resample_bspline,original_glrlm_ShortRunHighGrayLevelEmphasis,glrlm,ShortRunHighGrayLevelEmphasis,33.107184176622795,33.945550709806156,0.8383665331833612,0.02469739084071406,True,33.107184176622795,,33.945550709806156,,
mild_z2,resample_bspline,original_glrlm_ShortRunLowGrayLevelEmphasis,glrlm,ShortRunLowGrayLevelEmphasis,0.0180272640221568,0.0192863790153535,0.0012591149931967006,0.06528519387669113,True,0.0180272640221568,,0.0192863790153535,,
mild_z2,resample_bspline,original_glszm_GrayLevelNonUniformity,glszm,GrayLevelNonUniformity,15.192592592592591,17.415300546448087,2.2227079538554957,0.1276296063870586,True,15.192592592592591,,17.415300546448087,,
mild_z2,resample_bspline,original_glszm_GrayLevelNonUniformityNormalized,glszm,GrayLevelNonUniformityNormalized,0.1125377229080932,0.0951655767565469,0.017372146151546308,0.15436731526666586,True,0.1125377229080932,,0.0951655767565469,,
mild_z2,resample_bspline,original_glszm_GrayLevelVariance,glszm,GrayLevelVariance,9.666611796982169,9.934844277225356,0.2682324802431868,0.026999163022422317,True,9.666611796982169,,9.934844277225356,,
mild_z2,resample_bspline,original_glszm_HighGrayLevelZoneEmphasis,glszm,HighGrayLevelZoneEmphasis,45.577777777777776,53.43715846994535,7.859380692167576,0.14707706991171557,True,45.577777777777776,,53.43715846994535,,
mild_z2,resample_bspline,original_glszm_LargeAreaEmphasis,glszm,LargeAreaEmphasis,611254.8592592593,351932.91803278687,259321.94122647244,0.4242452019779902,True,611254.8592592593,,351932.91803278687,,
mild_z2,resample_bspline,original_glszm_LargeAreaHighGrayLevelEmphasis,glszm,LargeAreaHighGrayLevelEmphasis,36257682.47407407,20690896.81967213,15566785.654401943,0.42933758012616824,True,36257682.47407407,,20690896.81967213,,
mild_z2,resample_bspline,original_glszm_LargeAreaLowGrayLevelEmphasis,glszm,LargeAreaLowGrayLevelEmphasis,11785.000703743037,6927.471059446672,4857.5296442963645,0.41217898635793576,True,11785.000703743037,,6927.471059446672,,
mild_z2,resample_bspline,original_glszm_LowGrayLevelZoneEmphasis,glszm,LowGrayLevelZoneEmphasis,0.0718463057609081,0.072453190181491,0.0006068844205829038,0.008376227728036457,True,0.0718463057609081,,0.072453190181491,,
mild_z2,resample_bspline,original_glszm_SizeZoneNonUniformity,glszm,SizeZoneNonUniformity,35.577777777777776,41.85245901639344,6.274681238615663,0.1499238368803586,True,35.577777777777776,,41.85245901639344,,
mild_z2,resample_bspline,original_glszm_SizeZoneNonUniformityNormalized,glszm,SizeZoneNonUniformityNormalized,0.2635390946502057,0.2287019618382155,0.03483713281199019,0.1321896201329422,True,0.2635390946502057,,0.2287019618382155,,
mild_z2,resample_bspline,original_glszm_SmallAreaEmphasis,glszm,SmallAreaEmphasis,0.5265253685880661,0.4938498342422864,0.03267553434577969,0.062058803421766014,True,0.5265253685880661,,0.4938498342422864,,
mild_z2,resample_bspline,original_glszm_SmallAreaHighGrayLevelEmphasis,glszm,SmallAreaHighGrayLevelEmphasis,25.3676843625906,25.61753626985075,0.2498519072601475,0.009753159110550297,True,25.3676843625906,,25.61753626985075,,
mild_z2,resample_bspline,original_glszm_SmallAreaLowGrayLevelEmphasis,glszm,SmallAreaLowGrayLevelEmphasis,0.032818936628156,0.0367494853257613,0.003930548697605299,0.10695520393723702,True,0.032818936628156,,0.0367494853257613,,
mild_z2,resample_bspline,original_glszm_ZoneEntropy,glszm,ZoneEntropy,5.422910875866784,5.9261279037947645,0.5032170279279802,0.08491497924061811,True,5.422910875866784,,5.9261279037947645,,
mild_z2,resample_bspline,original_glszm_ZonePercentage,glszm,ZonePercentage,0.0055665512122711,0.0075457694210786,0.0019792182088074995,0.26229508196721285,True,0.0055665512122711,,0.0075457694210786,,
mild_z2,resample_bspline,original_glszm_ZoneVariance,glszm,ZoneVariance,578982.7328395062,334370.1510346681,244612.58180483815,0.42248683411538746,True,578982.7328395062,,334370.1510346681,,
mild_z2,resample_bspline,original_ngtdm_Busyness,ngtdm,Busyness,16.123669316744785,15.315485181645112,0.8081841350996726,0.050124082752079,True,16.123669316744785,,15.315485181645112,,
mild_z2,resample_bspline,original_ngtdm_Coarseness,ngtdm,Coarseness,0.0006719447464082,0.0006238674529737,4.80772934345e-05,0.07154947440469087,True,0.0006719447464082,,0.0006238674529737,,
mild_z2,resample_bspline,original_ngtdm_Complexity,ngtdm,Complexity,29.61253642938374,39.06611430921557,9.45357787983183,0.2419892033542164,True,29.61253642938374,,39.06611430921557,,
mild_z2,resample_bspline,original_ngtdm_Contrast,ngtdm,Contrast,0.0300122740983926,0.0296019241140808,0.00041034998431180303,0.013672738792352312,True,0.0300122740983926,,0.0296019241140808,,
mild_z2,resample_bspline,original_ngtdm_Strength,ngtdm,Strength,0.0307227257473678,0.0339355042874335,0.0032127785400657,0.09467307492629215,True,0.0307227257473678,,0.0339355042874335,,
mild_z2,resample_linear,original_glcm_Autocorrelation,glcm,Autocorrelation,59.18256870151155,59.18256870151155,0.0,0.0,False,59.18256870151155,,,,
mild_z2,resample_linear,original_glcm_ClusterProminence,glcm,ClusterProminence,393.27799463271583,393.27799463271583,0.0,0.0,False,393.27799463271583,,,,
mild_z2,resample_linear,original_glcm_ClusterShade,glcm,ClusterShade,-2.980002194676323,-2.980002194676323,0.0,0.0,False,-2.980002194676323,,,,
mild_z2,resample_linear,original_glcm_ClusterTendency,glcm,ClusterTendency,12.11082553950426,12.11082553950426,0.0,0.0,False,12.11082553950426,,,,
mild_z2,resample_linear,original_glcm_Contrast,glcm,Contrast,1.539888989250791,1.539888989250791,0.0,0.0,False,1.539888989250791,,,,
mild_z2,resample_linear,original_glcm_Correlation,glcm,Correlation,0.7690671355842235,0.7690671355842235,0.0,0.0,False,0.7690671355842235,,,,
mild_z2,resample_linear,original_glcm_DifferenceAverage,glcm,DifferenceAverage,0.6603900606209083,0.6603900606209083,0.0,0.0,False,0.6603900606209083,,,,
mild_z2,resample_linear,original_glcm_DifferenceEntropy,glcm,DifferenceEntropy,1.3150343156037456,1.3150343156037456,0.0,0.0,False,1.3150343156037456,,,,
mild_z2,resample_linear,original_glcm_DifferenceVariance,glcm,DifferenceVariance,1.0260497824621388,1.0260497824621388,0.0,0.0,False,1.0260497824621388,,,,
mild_z2,resample_linear,original_glcm_Id,glcm,Id,0.7448944346179934,0.7448944346179934,0.0,0.0,False,0.7448944346179934,,,,
mild_z2,resample_linear,original_glcm_Idm,glcm,Idm,0.7364094428900414,0.7364094428900414,0.0,0.0,False,0.7364094428900414,,,,
mild_z2,resample_linear,original_glcm_Idmn,glcm,Idmn,0.9905204872965908,0.9905204872965908,0.0,0.0,False,0.9905204872965908,,,,
mild_z2,resample_linear,original_glcm_Idn,glcm,Idn,0.9531654789926242,0.9531654789926242,0.0,0.0,False,0.9531654789926242,,,,
mild_z2,resample_linear,original_glcm_Imc1,glcm,Imc1,-0.4444262221075795,-0.4444262221075795,0.0,0.0,False,-0.4444262221075795,,,,
mild_z2,resample_linear,original_glcm_Imc2,glcm,Imc2,0.9490823623314936,0.9490823623314936,0.0,0.0,False,0.9490823623314936,,,,
mild_z2,resample_linear,original_glcm_InverseVariance,glcm,InverseVariance,0.418444651206302,0.418444651206302,0.0,0.0,False,0.418444651206302,,,,
mild_z2,resample_linear,original_glcm_JointAverage,glcm,JointAverage,7.519095015920349,7.519095015920349,0.0,0.0,False,7.519095015920349,,,,
mild_z2,resample_linear,original_glcm_JointEnergy,glcm,JointEnergy,0.0622984301699755,0.0622984301699755,0.0,0.0,False,0.0622984301699755,,,,
mild_z2,resample_linear,original_glcm_JointEntropy,glcm,JointEntropy,4.5348149369654,4.5348149369654,0.0,0.0,False,4.5348149369654,,,,
mild_z2,resample_linear,original_glcm_MCC,glcm,MCC,0.8612574774030691,0.8612574774030691,0.0,0.0,False,0.8612574774030691,,,,
mild_z2,resample_linear,original_glcm_MaximumProbability,glcm,MaximumProbability,0.1152772057912991,0.1152772057912991,0.0,0.0,False,0.1152772057912991,,,,
mild_z2,resample_linear,original_glcm_SumAverage,glcm,SumAverage,15.038190031840696,15.038190031840696,0.0,0.0,False,15.038190031840696,,,,
mild_z2,resample_linear,original_glcm_SumEntropy,glcm,SumEntropy,3.7468640205574215,3.7468640205574215,0.0,0.0,False,3.7468640205574215,,,,
mild_z2,resample_linear,original_glcm_SumSquares,glcm,SumSquares,3.4126786321887623,3.4126786321887623,0.0,0.0,False,3.4126786321887623,,,,
mild_z2,resample_linear,original_gldm_DependenceEntropy,gldm,DependenceEntropy,7.120348981431219,7.120348981431219,0.0,0.0,False,7.120348981431219,,,,
mild_z2,resample_linear,original_gldm_DependenceNonUniformity,gldm,DependenceNonUniformity,1585.1556160316677,1585.1556160316677,0.0,0.0,False,1585.1556160316677,,,,
mild_z2,resample_linear,original_gldm_DependenceNonUniformityNormalized,gldm,DependenceNonUniformityNormalized,0.0653618512300704,0.0653618512300704,0.0,0.0,False,0.0653618512300704,,,,
mild_z2,resample_linear,original_gldm_DependenceVariance,gldm,DependenceVariance,31.535121411555053,31.535121411555053,0.0,0.0,False,31.535121411555053,,,,
mild_z2,resample_linear,original_gldm_GrayLevelNonUniformity,gldm,GrayLevelNonUniformity,3529.549727857496,3529.549727857496,0.0,0.0,False,3529.549727857496,,,,
mild_z2,resample_linear,original_gldm_GrayLevelVariance,gldm,GrayLevelVariance,3.729217222680465,3.729217222680465,0.0,0.0,False,3.729217222680465,,,,
mild_z2,resample_linear,original_gldm_HighGrayLevelEmphasis,gldm,HighGrayLevelEmphasis,58.76735939303975,58.76735939303975,0.0,0.0,False,58.76735939303975,,,,
mild_z2,resample_linear,original_gldm_LargeDependenceEmphasis,gldm,LargeDependenceEmphasis,220.165841992413,220.165841992413,0.0,0.0,False,220.165841992413,,,,
mild_z2,resample_linear,original_gldm_LargeDependenceHighGrayLevelEmphasis,gldm,LargeDependenceHighGrayLevelEmphasis,13421.03043047996,13421.03043047996,0.0,0.0,False,13421.03043047996,,,,
mild_z2,resample_linear,original_gldm_LargeDependenceLowGrayLevelEmphasis,gldm,LargeDependenceLowGrayLevelEmphasis,4.675164603995327,4.675164603995327,0.0,0.0,False,4.675164603995327,,,,
mild_z2,resample_linear,original_gldm_LowGrayLevelEmphasis,gldm,LowGrayLevelEmphasis,0.0249239715246254,0.0249239715246254,0.0,0.0,False,0.0249239715246254,,,,
mild_z2,resample_linear,original_gldm_SmallDependenceEmphasis,gldm,SmallDependenceEmphasis,0.0130265092929411,0.0130265092929411,0.0,0.0,False,0.0130265092929411,,,,
mild_z2,resample_linear,original_gldm_SmallDependenceHighGrayLevelEmphasis,gldm,SmallDependenceHighGrayLevelEmphasis,0.6900599319673231,0.6900599319673231,0.0,0.0,False,0.6900599319673231,,,,
mild_z2,resample_linear,original_gldm_SmallDependenceLowGrayLevelEmphasis,gldm,SmallDependenceLowGrayLevelEmphasis,0.0005621676636602,0.0005621676636602,0.0,0.0,False,0.0005621676636602,,,,
mild_z2,resample_linear,original_glrlm_GrayLevelNonUniformity,glrlm,GrayLevelNonUniformity,1711.0293326588703,1711.0293326588703,0.0,0.0,False,1711.0293326588703,,,,
mild_z2,resample_linear,original_glrlm_GrayLevelNonUniformityNormalized,glrlm,GrayLevelNonUniformityNormalized,0.1385082522524047,0.1385082522524047,0.0,0.0,False,0.1385082522524047,,,,
mild_z2,resample_linear,original_glrlm_GrayLevelVariance,glrlm,GrayLevelVariance,4.117445629162782,4.117445629162782,0.0,0.0,False,4.117445629162782,,,,
mild_z2,resample_linear,original_glrlm_HighGrayLevelRunEmphasis,glrlm,HighGrayLevelRunEmphasis,57.64239521840056,57.64239521840056,0.0,0.0,False,57.64239521840056,,,,
mild_z2,resample_linear,original_glrlm_LongRunEmphasis,glrlm,LongRunEmphasis,10.58662343983944,10.58662343983944,0.0,0.0,False,10.58662343983944,,,,
mild_z2,resample_linear,original_glrlm_LongRunHighGrayLevelEmphasis,glrlm,LongRunHighGrayLevelEmphasis,620.86731695225,620.86731695225,0.0,0.0,False,620.86731695225,,,,
mild_z2,resample_linear,original_glrlm_LongRunLowGrayLevelEmphasis,glrlm,LongRunLowGrayLevelEmphasis,0.2627633991963672,0.2627633991963672,0.0,0.0,False,0.2627633991963672,,,,
mild_z2,resample_linear,original_glrlm_LowGrayLevelRunEmphasis,glrlm,LowGrayLevelRunEmphasis,0.0272020239085064,0.0272020239085064,0.0,0.0,False,0.0272020239085064,,,,
mild_z2,resample_linear,original_glrlm_RunEntropy,glrlm,RunEntropy,4.958195483807131,4.958195483807131,0.0,0.0,False,4.958195483807131,,,,
mild_z2,resample_linear,original_glrlm_RunLengthNonUniformity,glrlm,RunLengthNonUniformity,5177.906864008198,5177.906864008198,0.0,0.0,False,5177.906864008198,,,,
mild_z2,resample_linear,original_glrlm_RunLengthNonUniformityNormalized,glrlm,RunLengthNonUniformityNormalized,0.3723766176369806,0.3723766176369806,0.0,0.0,False,0.3723766176369806,,,,
mild_z2,resample_linear,original_glrlm_RunPercentage,glrlm,RunPercentage,0.5102196170974004,0.5102196170974004,0.0,0.0,False,0.5102196170974004,,,,
mild_z2,resample_linear,original_glrlm_RunVariance,glrlm,RunVariance,4.0156725010708065,4.0156725010708065,0.0,0.0,False,4.0156725010708065,,,,
mild_z2,resample_linear,original_glrlm_ShortRunEmphasis,glrlm,ShortRunEmphasis,0.5915240934450503,0.5915240934450503,0.0,0.0,False,0.5915240934450503,,,,
mild_z2,resample_linear,original_glrlm_ShortRunHighGrayLevelEmphasis,glrlm,ShortRunHighGrayLevelEmphasis,33.107184176622795,33.107184176622795,0.0,0.0,False,33.107184176622795,,,,
mild_z2,resample_linear,original_glrlm_ShortRunLowGrayLevelEmphasis,glrlm,ShortRunLowGrayLevelEmphasis,0.0180272640221568,0.0180272640221568,0.0,0.0,False,0.0180272640221568,,,,
mild_z2,resample_linear,original_glszm_GrayLevelNonUniformity,glszm,GrayLevelNonUniformity,15.192592592592591,15.192592592592591,0.0,0.0,False,15.192592592592591,,,,
mild_z2,resample_linear,original_glszm_GrayLevelNonUniformityNormalized,glszm,GrayLevelNonUniformityNormalized,0.1125377229080932,0.1125377229080932,0.0,0.0,False,0.1125377229080932,,,,
mild_z2,resample_linear,original_glszm_GrayLevelVariance,glszm,GrayLevelVariance,9.666611796982169,9.666611796982169,0.0,0.0,False,9.666611796982169,,,,
mild_z2,resample_linear,original_glszm_HighGrayLevelZoneEmphasis,glszm,HighGrayLevelZoneEmphasis,45.577777777777776,45.577777777777776,0.0,0.0,False,45.577777777777776,,,,
mild_z2,resample_linear,original_glszm_LargeAreaEmphasis,glszm,LargeAreaEmphasis,611254.8592592593,611254.8592592593,0.0,0.0,False,611254.8592592593,,,,
mild_z2,resample_linear,original_glszm_LargeAreaHighGrayLevelEmphasis,glszm,LargeAreaHighGrayLevelEmphasis,36257682.47407407,36257682.47407407,0.0,0.0,False,36257682.47407407,,,,
mild_z2,resample_linear,original_glszm_LargeAreaLowGrayLevelEmphasis,glszm,LargeAreaLowGrayLevelEmphasis,11785.000703743037,11785.000703743037,0.0,0.0,False,11785.000703743037,,,,
mild_z2,resample_linear,original_glszm_LowGrayLevelZoneEmphasis,glszm,LowGrayLevelZoneEmphasis,0.0718463057609081,0.0718463057609081,0.0,0.0,False,0.0718463057609081,,,,
mild_z2,resample_linear,original_glszm_SizeZoneNonUniformity,glszm,SizeZoneNonUniformity,35.577777777777776,35.577777777777776,0.0,0.0,False,35.577777777777776,,,,
mild_z2,resample_linear,original_glszm_SizeZoneNonUniformityNormalized,glszm,SizeZoneNonUniformityNormalized,0.2635390946502057,0.2635390946502057,0.0,0.0,False,0.2635390946502057,,,,
mild_z2,resample_linear,original_glszm_SmallAreaEmphasis,glszm,SmallAreaEmphasis,0.5265253685880661,0.5265253685880661,0.0,0.0,False,0.5265253685880661,,,,
mild_z2,resample_linear,original_glszm_SmallAreaHighGrayLevelEmphasis,glszm,SmallAreaHighGrayLevelEmphasis,25.3676843625906,25.3676843625906,0.0,0.0,False,25.3676843625906,,,,
mild_z2,resample_linear,original_glszm_SmallAreaLowGrayLevelEmphasis,glszm,SmallAreaLowGrayLevelEmphasis,0.032818936628156,0.032818936628156,0.0,0.0,False,0.032818936628156,,,,
mild_z2,resample_linear,original_glszm_ZoneEntropy,glszm,ZoneEntropy,5.422910875866784,5.422910875866784,0.0,0.0,False,5.422910875866784,,,,
mild_z2,resample_linear,original_glszm_ZonePercentage,glszm,ZonePercentage,0.0055665512122711,0.0055665512122711,0.0,0.0,False,0.0055665512122711,,,,
mild_z2,resample_linear,original_glszm_ZoneVariance,glszm,ZoneVariance,578982.7328395062,578982.7328395062,0.0,0.0,False,578982.7328395062,,,,
mild_z2,resample_linear,original_ngtdm_Busyness,ngtdm,Busyness,16.123669316744785,16.123669316744785,0.0,0.0,False,16.123669316744785,,,,
mild_z2,resample_linear,original_ngtdm_Coarseness,ngtdm,Coarseness,0.0006719447464082,0.0006719447464082,0.0,0.0,False,0.0006719447464082,,,,
mild_z2,resample_linear,original_ngtdm_Complexity,ngtdm,Complexity,29.61253642938374,29.61253642938374,0.0,0.0,False,29.61253642938374,,,,
mild_z2,resample_linear,original_ngtdm_Contrast,ngtdm,Contrast,0.0300122740983926,0.0300122740983926,0.0,0.0,False,0.0300122740983926,,,,
mild_z2,resample_linear,original_ngtdm_Strength,ngtdm,Strength,0.0307227257473678,0.0307227257473678,0.0,0.0,False,0.0307227257473678,,,,
mild_z2,resample_nearest,original_glcm_Autocorrelation,glcm,Autocorrelation,59.18256870151155,34.91267555223764,24.269893149273912,0.4100851599003686,True,59.18256870151155,,,34.91267555223764,
mild_z2,resample_nearest,original_glcm_ClusterProminence,glcm,ClusterProminence,393.27799463271583,348.76172169509266,44.51627293762317,0.11319289038583795,True,393.27799463271583,,,348.76172169509266,
mild_z2,resample_nearest,original_glcm_ClusterShade,glcm,ClusterShade,-2.980002194676323,0.3823292467070684,3.3623314413833914,1.1282983104475852,True,-2.980002194676323,,,0.3823292467070684,
mild_z2,resample_nearest,original_glcm_ClusterTendency,glcm,ClusterTendency,12.11082553950426,11.67349108551428,0.4373344539899797,0.03611103574759953,True,12.11082553950426,,,11.67349108551428,
mild_z2,resample_nearest,original_glcm_Contrast,glcm,Contrast,1.539888989250791,0.8255547870851264,0.7143342021656646,0.46388681726545283,True,1.539888989250791,,,0.8255547870851264,
mild_z2,resample_nearest,original_glcm_Correlation,glcm,Correlation,0.7690671355842235,0.867884033317856,0.09881689773363256,0.1138595641123422,True,0.7690671355842235,,,0.867884033317856,
mild_z2,resample_nearest,original_glcm_DifferenceAverage,glcm,DifferenceAverage,0.6603900606209083,0.5190221286664185,0.14136793195448982,0.21406732230581066,True,0.6603900606209083,,,0.5190221286664185,
mild_z2,resample_nearest,original_glcm_DifferenceEntropy,glcm,DifferenceEntropy,1.3150343156037456,1.2612574578769082,0.05377685772683738,0.040893881694750965,True,1.3150343156037456,,,1.2612574578769082,
mild_z2,resample_nearest,original_glcm_DifferenceVariance,glcm,DifferenceVariance,1.0260497824621388,0.5216433018863657,0.5044064805757732,0.49160039717116333,True,1.0260497824621388,,,0.5216433018863657,
mild_z2,resample_nearest,original_glcm_Id,glcm,Id,0.7448944346179934,0.7894784720231711,0.04458403740517769,0.05647277156389535,True,0.7448944346179934,,,0.7894784720231711,
mild_z2,resample_nearest,original_glcm_Idm,glcm,Idm,0.7364094428900414,0.7711422015086615,0.03473275861862013,0.045040666365644376,True,0.7364094428900414,,,0.7711422015086615,
mild_z2,resample_nearest,original_glcm_Idmn,glcm,Idmn,0.9905204872965908,0.9920274234178288,0.0015069361212379784,0.001519046838489743,True,0.9905204872965908,,,0.9920274234178288,
mild_z2,resample_nearest,original_glcm_Idn,glcm,Idn,0.9531654789926242,0.9551090272298136,0.001943548237189452,0.002034896730927667,True,0.9531654789926242,,,0.9551090272298136,
mild_z2,resample_nearest,original_glcm_Imc1,glcm,Imc1,-0.4444262221075795,-0.4492095822889498,0.004783360181370322,0.01064839302179772,True,-0.4444262221075795,,,-0.4492095822889498,
mild_z2,resample_nearest,original_glcm_Imc2,glcm,Imc2,0.9490823623314936,0.9491749714918029,9.260916030928712e-05,9.756805972636932e-05,True,0.9490823623314936,,,0.9491749714918029,
mild_z2,resample_nearest,original_glcm_InverseVariance,glcm,InverseVariance,0.418444651206302,0.2706322085470135,0.1478124426592885,0.35324251901218323,True,0.418444651206302,,,0.2706322085470135,
mild_z2,resample_nearest,original_glcm_JointAverage,glcm,JointAverage,7.519095015920349,5.67456289440158,1.8445321215187684,0.24531304865988515,True,7.519095015920349,,,5.67456289440158,
mild_z2,resample_nearest,original_glcm_JointEnergy,glcm,JointEnergy,0.0622984301699755,0.0705990036799277,0.008300573509952204,0.11757352196617718,True,0.0622984301699755,,,0.0705990036799277,
mild_z2,resample_nearest,original_glcm_JointEntropy,glcm,JointEntropy,4.5348149369654,4.422969574368621,0.11184536259677902,0.024663710460392792,True,4.5348149369654,,,4.422969574368621,
mild_z2,resample_nearest,original_glcm_MCC,glcm,MCC,0.8612574774030691,0.8702652613701607,0.009007783967091565,0.010350618790539282,True,0.8612574774030691,,,0.8702652613701607,
mild_z2,resample_nearest,original_glcm_MaximumProbability,glcm,MaximumProbability,0.1152772057912991,0.1445961337229467,0.029318927931647587,0.2027642591594053,True,0.1152772057912991,,,0.1445961337229467,
mild_z2,resample_nearest,original_glcm_SumAverage,glcm,SumAverage,15.038190031840696,11.349125788803162,3.6890642430375333,0.24531304865988496,True,15.038190031840696,,,11.349125788803162,
mild_z2,resample_nearest,original_glcm_SumEntropy,glcm,SumEntropy,3.7468640205574215,3.5921984138039127,0.15466560675350882,0.04127868156007946,True,3.7468640205574215,,,3.5921984138039127,
mild_z2,resample_nearest,original_glcm_SumSquares,glcm,SumSquares,3.4126786321887623,3.124761468149851,0.28791716403891154,0.08436691381463376,True,3.4126786321887623,,,3.124761468149851,
mild_z2,resample_nearest,original_gldm_DependenceEntropy,gldm,DependenceEntropy,7.120348981431219,6.801460758056764,0.3188882233744552,0.04478547669588484,True,7.120348981431219,,,6.801460758056764,
mild_z2,resample_nearest,original_gldm_DependenceNonUniformity,gldm,DependenceNonUniformity,1585.1556160316677,2075.8487547418767,490.69313871020904,0.23638193177095154,True,1585.1556160316677,,,2075.8487547418767,
mild_z2,resample_nearest,original_gldm_DependenceNonUniformityNormalized,gldm,DependenceNonUniformityNormalized,0.0653618512300704,0.0855949511274071,0.020233099897336695,0.23638193177095176,True,0.0653618512300704,,,0.0855949511274071,
mild_z2,resample_nearest,original_gldm_DependenceVariance,gldm,DependenceVariance,31.535121411555053,32.83296856833584,1.29784715678079,0.03952877894910896,True,31.535121411555053,,,32.83296856833584,
mild_z2,resample_nearest,original_gldm_GrayLevelNonUniformity,gldm,GrayLevelNonUniformity,3529.549727857496,3743.083621969322,213.53389411182616,0.05704758847986439,True,3529.549727857496,,,3743.083621969322,
mild_z2,resample_nearest,original_gldm_GrayLevelVariance,gldm,GrayLevelVariance,3.729217222680465,3.193851224412078,0.5353659982683872,0.14355988570801995,True,3.729217222680465,,,3.193851224412078,
mild_z2,resample_nearest,original_gldm_HighGrayLevelEmphasis,gldm,HighGrayLevelEmphasis,58.76735939303975,35.28814118423223,23.479218208807517,0.3995282151742951,True,58.76735939303975,,,35.28814118423223,
mild_z2,resample_nearest,original_gldm_LargeDependenceEmphasis,gldm,LargeDependenceEmphasis,220.165841992413,293.47996041563584,73.31411842322285,0.24980962352384475,True,220.165841992413,,,293.47996041563584,
mild_z2,resample_nearest,original_gldm_LargeDependenceHighGrayLevelEmphasis,gldm,LargeDependenceHighGrayLevelEmphasis,13421.03043047996,10426.630710869207,2994.399719610752,0.22311250504359875,True,13421.03043047996,,,10426.630710869207,
mild_z2,resample_nearest,original_gldm_LargeDependenceLowGrayLevelEmphasis,gldm,LargeDependenceLowGrayLevelEmphasis,4.675164603995327,13.729170198478563,9.054005594483236,0.6594721650028478,True,4.675164603995327,,,13.729170198478563,
mild_z2,resample_nearest,original_gldm_LowGrayLevelEmphasis,gldm,LowGrayLevelEmphasis,0.0249239715246254,0.0509695439658383,0.0260455724412129,0.5110026579533382,True,0.0249239715246254,,,0.0509695439658383,
mild_z2,resample_nearest,original_gldm_SmallDependenceEmphasis,gldm,SmallDependenceEmphasis,0.0130265092929411,0.0082491557355209,0.0047773535574202,0.36674088583416486,True,0.0130265092929411,,,0.0082491557355209,
mild_z2,resample_nearest,original_gldm_SmallDependenceHighGrayLevelEmphasis,gldm,SmallDependenceHighGrayLevelEmphasis,0.6900599319673231,0.2939901804103844,0.3960697515569387,0.5739642793456584,True,0.6900599319673231,,,0.2939901804103844,
mild_z2,resample_nearest,original_gldm_SmallDependenceLowGrayLevelEmphasis,gldm,SmallDependenceLowGrayLevelEmphasis,0.0005621676636602,0.0005076422378324,5.4525425827799926e-05,0.09699139483191194,True,0.0005621676636602,,,0.0005076422378324,
mild_z2,resample_nearest,original_glrlm_GrayLevelNonUniformity,glrlm,GrayLevelNonUniformity,1711.0293326588703,1518.4409053027805,192.58842735608982,0.11255705771964482,True,1711.0293326588703,,,1518.4409053027805,
mild_z2,resample_nearest,original_glrlm_GrayLevelNonUniformityNormalized,glrlm,GrayLevelNonUniformityNormalized,0.1385082522524047,0.1496540944472149,0.011145842194810185,0.07447736218631479,True,0.1385082522524047,,,0.1496540944472149,
mild_z2,resample_nearest,original_glrlm_GrayLevelVariance,glrlm,GrayLevelVariance,4.117445629162782,3.378319092938215,0.7391265362245671,0.1795109402270011,True,4.117445629162782,,,3.378319092938215,
mild_z2,resample_nearest,original_glrlm_HighGrayLevelRunEmphasis,glrlm,HighGrayLevelRunEmphasis,57.64239521840056,35.11513644124269,22.52725877715787,0.39081059508031574,True,57.64239521840056,,,35.11513644124269,
mild_z2,resample_nearest,original_glrlm_LongRunEmphasis,glrlm,LongRunEmphasis,10.58662343983944,10.947086247310567,0.36046280747112647,0.03292773979557194,True,10.58662343983944,,,10.947086247310567,
mild_z2,resample_nearest,original_glrlm_LongRunHighGrayLevelEmphasis,glrlm,LongRunHighGrayLevelEmphasis,620.86731695225,390.92894615528337,229.93837079696664,0.3703502576455492,True,620.86731695225,,,390.92894615528337,
mild_z2,resample_nearest,original_glrlm_LongRunLowGrayLevelEmphasis,glrlm,LongRunLowGrayLevelEmphasis,0.2627633991963672,0.5070571409042249,0.24429374170785773,0.48178740027645317,True,0.2627633991963672,,,0.5070571409042249,
mild_z2,resample_nearest,original_glrlm_LowGrayLevelRunEmphasis,glrlm,LowGrayLevelRunEmphasis,0.0272020239085064,0.0550788234607977,0.027876799552291297,0.5061255451858477,True,0.0272020239085064,,,0.0550788234607977,
mild_z2,resample_nearest,original_glrlm_RunEntropy,glrlm,RunEntropy,4.958195483807131,4.995963299799543,0.03776781599241197,0.007559666419872891,True,4.958195483807131,,,4.995963299799543,
mild_z2,resample_nearest,original_glrlm_RunLengthNonUniformity,glrlm,RunLengthNonUniformity,5177.906864008198,2959.1766689855167,2218.730195022681,0.4284994406610803,True,5177.906864008198,,,2959.1766689855167,
mild_z2,resample_nearest,original_glrlm_RunLengthNonUniformityNormalized,glrlm,RunLengthNonUniformityNormalized,0.3723766176369806,0.2806350438735406,0.09174157376344,0.24636770790177878,True,0.3723766176369806,,,0.2806350438735406,
mild_z2,resample_nearest,original_glrlm_RunPercentage,glrlm,RunPercentage,0.5102196170974004,0.417516715512757,0.0927029015846434,0.18169215466865615,True,0.5102196170974004,,,0.417516715512757,
mild_z2,resample_nearest,original_glrlm_RunVariance,glrlm,RunVariance,4.0156725010708065,3.63543994546844,0.3802325556023667,0.09468714281380643,True,4.0156725010708065,,,3.63543994546844,
mild_z2,resample_nearest,original_glrlm_ShortRunEmphasis,glrlm,ShortRunEmphasis,0.5915240934450503,0.4350737558508006,0.1564503375942497,0.26448683887596064,True,0.5915240934450503,,,0.4350737558508006,
mild_z2,resample_nearest,original_glrlm_ShortRunHighGrayLevelEmphasis,glrlm,ShortRunHighGrayLevelEmphasis,33.107184176622795,15.28764108457636,17.819543092046434,0.5382379545473074,True,33.107184176622795,,,15.28764108457636,
mild_z2,resample_nearest,original_glrlm_ShortRunLowGrayLevelEmphasis,glrlm,ShortRunLowGrayLevelEmphasis,0.0180272640221568,0.0260646153536868,0.008037351331530003,0.30836255292726317,True,0.0180272640221568,,,0.0260646153536868,
mild_z2,resample_nearest,original_glszm_GrayLevelNonUniformity,glszm,GrayLevelNonUniformity,15.192592592592591,16.81679389312977,1.6242013005371785,0.09658210184764884,True,15.192592592592591,,,16.81679389312977,
mild_z2,resample_nearest,original_glszm_GrayLevelNonUniformityNormalized,glszm,GrayLevelNonUniformityNormalized,0.1125377229080932,0.1283724724666394,0.015834749558546204,0.1233500395706816,True,0.1125377229080932,,,0.1283724724666394,
mild_z2,resample_nearest,original_glszm_GrayLevelVariance,glszm,GrayLevelVariance,9.666611796982169,5.749198764640755,3.917413032341414,0.40525192431585966,True,9.666611796982169,,,5.749198764640755,
mild_z2,resample_nearest,original_glszm_HighGrayLevelZoneEmphasis,glszm,HighGrayLevelZoneEmphasis,45.577777777777776,37.229007633587784,8.348770144189992,0.18317633178378823,True,45.577777777777776,,,37.229007633587784,
mild_z2,resample_nearest,original_glszm_LargeAreaEmphasis,glszm,LargeAreaEmphasis,611254.8592592593,252009.2213740458,359245.6378852135,0.5877182527768536,True,611254.8592592593,,,252009.2213740458,
mild_z2,resample_nearest,original_glszm_LargeAreaHighGrayLevelEmphasis,glszm,LargeAreaHighGrayLevelEmphasis,36257682.47407407,8292911.083969465,27964771.390104607,0.7712785120808733,True,36257682.47407407,,,8292911.083969465,
mild_z2,resample_nearest,original_glszm_LargeAreaLowGrayLevelEmphasis,glszm,LargeAreaLowGrayLevelEmphasis,11785.000703743037,9600.929069280244,2184.0716344627926,0.18532638982101282,True,11785.000703743037,,,9600.929069280244,
mild_z2,resample_nearest,original_glszm_LowGrayLevelZoneEmphasis,glszm,LowGrayLevelZoneEmphasis,0.0718463057609081,0.0971847875423847,0.0253384817814766,0.26072477413634165,True,0.0718463057609081,,,0.0971847875423847,
mild_z2,resample_nearest,original_glszm_SizeZoneNonUniformity,glszm,SizeZoneNonUniformity,35.577777777777776,21.748091603053435,13.82968617472434,0.3887169755544006,True,35.577777777777776,,,21.748091603053435,
mild_z2,resample_nearest,original_glszm_SizeZoneNonUniformityNormalized,glszm,SizeZoneNonUniformityNormalized,0.2635390946502057,0.1660159664355224,0.09752312821468329,0.3700518450369776,True,0.2635390946502057,,,0.1660159664355224,
mild_z2,resample_nearest,original_glszm_SmallAreaEmphasis,glszm,SmallAreaEmphasis,0.5265253685880661,0.1030255025709245,0.4234998660171416,0.8043294611858905,True,0.5265253685880661,,,0.1030255025709245,
mild_z2,resample_nearest,original_glszm_SmallAreaHighGrayLevelEmphasis,glszm,SmallAreaHighGrayLevelEmphasis,25.3676843625906,3.966933935046325,21.400750427544278,0.8436225444015572,True,25.3676843625906,,,3.966933935046325,
mild_z2,resample_nearest,original_glszm_SmallAreaLowGrayLevelEmphasis,glszm,SmallAreaLowGrayLevelEmphasis,0.032818936628156,0.0094957773630732,0.0233231592650828,0.7106616381066232,True,0.032818936628156,,,0.0094957773630732,
mild_z2,resample_nearest,original_glszm_ZoneEntropy,glszm,ZoneEntropy,5.422910875866784,5.801185001517869,0.3782741256510844,0.06520635448655916,True,5.422910875866784,,,5.801185001517869,
mild_z2,resample_nearest,original_glszm_ZonePercentage,glszm,ZonePercentage,0.0055665512122711,0.0054016163615371,0.000164934850734,0.02962962962963708,True,0.0055665512122711,,,0.0054016163615371,
mild_z2,resample_nearest,original_glszm_ZoneVariance,glszm,ZoneVariance,578982.7328395062,217736.18926635975,361246.54357314645,0.6239331902032453,True,578982.7328395062,,,217736.18926635975,
mild_z2,resample_nearest,original_ngtdm_Busyness,ngtdm,Busyness,16.123669316744785,30.91374644596969,14.790077129224905,0.47843043401661617,True,16.123669316744785,,,30.91374644596969,
mild_z2,resample_nearest,original_ngtdm_Coarseness,ngtdm,Coarseness,0.0006719447464082,0.0006392811472997,3.266359910849995e-05,0.0486105431779909,True,0.0006719447464082,,,0.0006392811472997,
mild_z2,resample_nearest,original_ngtdm_Complexity,ngtdm,Complexity,29.61253642938374,16.648098812793826,12.964437616589915,0.4378023357609328,True,29.61253642938374,,,16.648098812793826,
mild_z2,resample_nearest,original_ngtdm_Contrast,ngtdm,Contrast,0.0300122740983926,0.0304339699038169,0.0004216958054242999,0.013856089322458473,True,0.0300122740983926,,,0.0304339699038169,
mild_z2,resample_nearest,original_ngtdm_Strength,ngtdm,Strength,0.0307227257473678,0.0220613681223254,0.008661357625042398,0.28192022075985457,True,0.0307227257473678,,,0.0220613681223254,
mild_z2,voxel_spacing_aware,original_glcm_Autocorrelation,glcm,Autocorrelation,59.18256870151155,34.67239314567739,24.51017555583416,0.4141451797986619,True,59.18256870151155,,,,34.67239314567739
mild_z2,voxel_spacing_aware,original_glcm_ClusterProminence,glcm,ClusterProminence,393.27799463271583,320.60742775814794,72.6705668745679,0.184781675726442,True,393.27799463271583,,,,320.60742775814794
mild_z2,voxel_spacing_aware,original_glcm_ClusterShade,glcm,ClusterShade,-2.980002194676323,0.4646896702933936,3.4446918649697165,1.1559360161289634,True,-2.980002194676323,,,,0.4646896702933936
mild_z2,voxel_spacing_aware,original_glcm_ClusterTendency,glcm,ClusterTendency,12.11082553950426,11.176081133428053,0.9347444060762076,0.07718255068799133,True,12.11082553950426,,,,11.176081133428053
mild_z2,voxel_spacing_aware,original_glcm_Contrast,glcm,Contrast,1.539888989250791,1.3132168855387285,0.22667210371206248,0.1472002886534998,True,1.539888989250791,,,,1.3132168855387285
mild_z2,voxel_spacing_aware,original_glcm_Correlation,glcm,Correlation,0.7690671355842235,0.7897701554589616,0.020703019874738104,0.02621398103186983,True,0.7690671355842235,,,,0.7897701554589616
mild_z2,voxel_spacing_aware,original_glcm_DifferenceAverage,glcm,DifferenceAverage,0.6603900606209083,0.7569637518168958,0.09657369119598747,0.12758033784865827,True,0.6603900606209083,,,,0.7569637518168958
mild_z2,voxel_spacing_aware,original_glcm_DifferenceEntropy,glcm,DifferenceEntropy,1.3150343156037456,1.3309933268341931,0.015959011230447517,0.011990301460343529,True,1.3150343156037456,,,,1.3309933268341931
mild_z2,voxel_spacing_aware,original_glcm_DifferenceVariance,glcm,DifferenceVariance,1.0260497824621388,0.563690419735778,0.4623593627263608,0.45062078919491594,True,1.0260497824621388,,,,0.563690419735778
mild_z2,voxel_spacing_aware,original_glcm_Id,glcm,Id,0.7448944346179934,0.710332845667403,0.03456158895059047,0.046397969087142936,True,0.7448944346179934,,,,0.710332845667403
mild_z2,voxel_spacing_aware,original_glcm_Idm,glcm,Idm,0.7364094428900414,0.6771434374637353,0.05926600542630611,0.08047969237563884,True,0.7364094428900414,,,,0.6771434374637353
mild_z2,voxel_spacing_aware,original_glcm_Idmn,glcm,Idmn,0.9905204872965908,0.9873640777387772,0.0031564095578135998,0.003186617135429808,True,0.9905204872965908,,,,0.9873640777387772
mild_z2,voxel_spacing_aware,original_glcm_Idn,glcm,Idn,0.9531654789926242,0.9353446889498144,0.017820790042809787,0.018696428307122617,True,0.9531654789926242,,,,0.9353446889498144
mild_z2,voxel_spacing_aware,original_glcm_Imc1,glcm,Imc1,-0.4444262221075795,-0.3947711638423964,0.04965505826518307,0.11172846199242353,True,-0.4444262221075795,,,,-0.3947711638423964
mild_z2,voxel_spacing_aware,original_glcm_Imc2,glcm,Imc2,0.9490823623314936,0.9059736869738488,0.04310867535764473,0.045421427126456096,True,0.9490823623314936,,,,0.9059736869738488
mild_z2,voxel_spacing_aware,original_glcm_InverseVariance,glcm,InverseVariance,0.418444651206302,0.3070201924523631,0.11142445875393886,0.2662824305023898,True,0.418444651206302,,,,0.3070201924523631
mild_z2,voxel_spacing_aware,original_glcm_JointAverage,glcm,JointAverage,7.519095015920349,5.675090698698936,1.8440043172214127,0.2452428534706718,True,7.519095015920349,,,,5.675090698698936
mild_z2,voxel_spacing_aware,original_glcm_JointEnergy,glcm,JointEnergy,0.0622984301699755,0.0608436188290853,0.0014548113408901983,0.023352295345498757,True,0.0622984301699755,,,,0.0608436188290853
mild_z2,voxel_spacing_aware,original_glcm_JointEntropy,glcm,JointEntropy,4.5348149369654,4.57774587654454,0.04293093957913996,0.009378183223125067,True,4.5348149369654,,,,4.57774587654454
mild_z2,voxel_spacing_aware,original_glcm_MCC,glcm,MCC,0.8612574774030691,0.7930366380861338,0.06822083931693534,0.07921073675045487,True,0.8612574774030691,,,,0.7930366380861338
mild_z2,voxel_spacing_aware,original_glcm_MaximumProbability,glcm,MaximumProbability,0.1152772057912991,0.1169646592283684,0.0016874534370693028,0.014427036749404994,True,0.1152772057912991,,,,0.1169646592283684
mild_z2,voxel_spacing_aware,original_glcm_SumAverage,glcm,SumAverage,15.038190031840696,11.350181397397872,3.6880086344428236,0.2452428534706717,True,15.038190031840696,,,,11.350181397397872
mild_z2,voxel_spacing_aware,original_glcm_SumEntropy,glcm,SumEntropy,3.7468640205574215,3.5921286145938893,0.1547354059635322,0.041297310261212035,True,3.7468640205574215,,,,3.5921286145938893
mild_z2,voxel_spacing_aware,original_glcm_SumSquares,glcm,SumSquares,3.4126786321887623,3.1223245047416945,0.2903541274470678,0.08508100490576978,True,3.4126786321887623,,,,3.1223245047416945
mild_z2,voxel_spacing_aware,original_gldm_DependenceEntropy,gldm,DependenceEntropy,7.120348981431219,6.801460758056764,0.3188882233744552,0.04478547669588484,True,7.120348981431219,,,,6.801460758056764
mild_z2,voxel_spacing_aware,original_gldm_DependenceNonUniformity,gldm,DependenceNonUniformity,1585.1556160316677,2075.8487547418767,490.69313871020904,0.23638193177095154,True,1585.1556160316677,,,,2075.8487547418767
mild_z2,voxel_spacing_aware,original_gldm_DependenceNonUniformityNormalized,gldm,DependenceNonUniformityNormalized,0.0653618512300704,0.0855949511274071,0.020233099897336695,0.23638193177095176,True,0.0653618512300704,,,,0.0855949511274071
mild_z2,voxel_spacing_aware,original_gldm_DependenceVariance,gldm,DependenceVariance,31.535121411555053,32.83296856833584,1.29784715678079,0.03952877894910896,True,31.535121411555053,,,,32.83296856833584
mild_z2,voxel_spacing_aware,original_gldm_GrayLevelNonUniformity,gldm,GrayLevelNonUniformity,3529.549727857496,3743.083621969322,213.53389411182616,0.05704758847986439,True,3529.549727857496,,,,3743.083621969322
mild_z2,voxel_spacing_aware,original_gldm_GrayLevelVariance,gldm,GrayLevelVariance,3.729217222680465,3.193851224412078,0.5353659982683872,0.14355988570801995,True,3.729217222680465,,,,3.193851224412078
mild_z2,voxel_spacing_aware,original_gldm_HighGrayLevelEmphasis,gldm,HighGrayLevelEmphasis,58.76735939303975,35.28814118423223,23.479218208807517,0.3995282151742951,True,58.76735939303975,,,,35.28814118423223
mild_z2,voxel_spacing_aware,original_gldm_LargeDependenceEmphasis,gldm,LargeDependenceEmphasis,220.165841992413,293.47996041563584,73.31411842322285,0.24980962352384475,True,220.165841992413,,,,293.47996041563584
mild_z2,voxel_spacing_aware,original_gldm_LargeDependenceHighGrayLevelEmphasis,gldm,LargeDependenceHighGrayLevelEmphasis,13421.03043047996,10426.630710869207,2994.399719610752,0.22311250504359875,True,13421.03043047996,,,,10426.630710869207
mild_z2,voxel_spacing_aware,original_gldm_LargeDependenceLowGrayLevelEmphasis,gldm,LargeDependenceLowGrayLevelEmphasis,4.675164603995327,13.729170198478563,9.054005594483236,0.6594721650028478,True,4.675164603995327,,,,13.729170198478563
mild_z2,voxel_spacing_aware,original_gldm_LowGrayLevelEmphasis,gldm,LowGrayLevelEmphasis,0.0249239715246254,0.0509695439658383,0.0260455724412129,0.5110026579533382,True,0.0249239715246254,,,,0.0509695439658383
mild_z2,voxel_spacing_aware,original_gldm_SmallDependenceEmphasis,gldm,SmallDependenceEmphasis,0.0130265092929411,0.0082491557355209,0.0047773535574202,0.36674088583416486,True,0.0130265092929411,,,,0.0082491557355209
mild_z2,voxel_spacing_aware,original_gldm_SmallDependenceHighGrayLevelEmphasis,gldm,SmallDependenceHighGrayLevelEmphasis,0.6900599319673231,0.2939901804103844,0.3960697515569387,0.5739642793456584,True,0.6900599319673231,,,,0.2939901804103844
mild_z2,voxel_spacing_aware,original_gldm_SmallDependenceLowGrayLevelEmphasis,gldm,SmallDependenceLowGrayLevelEmphasis,0.0005621676636602,0.0005076422378324,5.4525425827799926e-05,0.09699139483191194,True,0.0005621676636602,,,,0.0005076422378324
mild_z2,voxel_spacing_aware,original_glrlm_GrayLevelNonUniformity,glrlm,GrayLevelNonUniformity,1711.0293326588703,1518.4409053027805,192.58842735608982,0.11255705771964482,True,1711.0293326588703,,,,1518.4409053027805
mild_z2,voxel_spacing_aware,original_glrlm_GrayLevelNonUniformityNormalized,glrlm,GrayLevelNonUniformityNormalized,0.1385082522524047,0.1496540944472149,0.011145842194810185,0.07447736218631479,True,0.1385082522524047,,,,0.1496540944472149
mild_z2,voxel_spacing_aware,original_glrlm_GrayLevelVariance,glrlm,GrayLevelVariance,4.117445629162782,3.378319092938215,0.7391265362245671,0.1795109402270011,True,4.117445629162782,,,,3.378319092938215
mild_z2,voxel_spacing_aware,original_glrlm_HighGrayLevelRunEmphasis,glrlm,HighGrayLevelRunEmphasis,57.64239521840056,35.11513644124269,22.52725877715787,0.39081059508031574,True,57.64239521840056,,,,35.11513644124269
mild_z2,voxel_spacing_aware,original_glrlm_LongRunEmphasis,glrlm,LongRunEmphasis,10.58662343983944,10.947086247310567,0.36046280747112647,0.03292773979557194,True,10.58662343983944,,,,10.947086247310567
mild_z2,voxel_spacing_aware,original_glrlm_LongRunHighGrayLevelEmphasis,glrlm,LongRunHighGrayLevelEmphasis,620.86731695225,390.92894615528337,229.93837079696664,0.3703502576455492,True,620.86731695225,,,,390.92894615528337
mild_z2,voxel_spacing_aware,original_glrlm_LongRunLowGrayLevelEmphasis,glrlm,LongRunLowGrayLevelEmphasis,0.2627633991963672,0.5070571409042249,0.24429374170785773,0.48178740027645317,True,0.2627633991963672,,,,0.5070571409042249
mild_z2,voxel_spacing_aware,original_glrlm_LowGrayLevelRunEmphasis,glrlm,LowGrayLevelRunEmphasis,0.0272020239085064,0.0550788234607977,0.027876799552291297,0.5061255451858477,True,0.0272020239085064,,,,0.0550788234607977
mild_z2,voxel_spacing_aware,original_glrlm_RunEntropy,glrlm,RunEntropy,4.958195483807131,4.995963299799543,0.03776781599241197,0.007559666419872891,True,4.958195483807131,,,,4.995963299799543
mild_z2,voxel_spacing_aware,original_glrlm_RunLengthNonUniformity,glrlm,RunLengthNonUniformity,5177.906864008198,2959.1766689855167,2218.730195022681,0.4284994406610803,True,5177.906864008198,,,,2959.1766689855167
mild_z2,voxel_spacing_aware,original_glrlm_RunLengthNonUniformityNormalized,glrlm,RunLengthNonUniformityNormalized,0.3723766176369806,0.2806350438735406,0.09174157376344,0.24636770790177878,True,0.3723766176369806,,,,0.2806350438735406
mild_z2,voxel_spacing_aware,original_glrlm_RunPercentage,glrlm,RunPercentage,0.5102196170974004,0.417516715512757,0.0927029015846434,0.18169215466865615,True,0.5102196170974004,,,,0.417516715512757
mild_z2,voxel_spacing_aware,original_glrlm_RunVariance,glrlm,RunVariance,4.0156725010708065,3.63543994546844,0.3802325556023667,0.09468714281380643,True,4.0156725010708065,,,,3.63543994546844
mild_z2,voxel_spacing_aware,original_glrlm_ShortRunEmphasis,glrlm,ShortRunEmphasis,0.5915240934450503,0.4350737558508006,0.1564503375942497,0.26448683887596064,True,0.5915240934450503,,,,0.4350737558508006
mild_z2,voxel_spacing_aware,original_glrlm_ShortRunHighGrayLevelEmphasis,glrlm,ShortRunHighGrayLevelEmphasis,33.107184176622795,15.28764108457636,17.819543092046434,0.5382379545473074,True,33.107184176622795,,,,15.28764108457636
mild_z2,voxel_spacing_aware,original_glrlm_ShortRunLowGrayLevelEmphasis,glrlm,ShortRunLowGrayLevelEmphasis,0.0180272640221568,0.0260646153536868,0.008037351331530003,0.30836255292726317,True,0.0180272640221568,,,,0.0260646153536868
mild_z2,voxel_spacing_aware,original_glszm_GrayLevelNonUniformity,glszm,GrayLevelNonUniformity,15.192592592592591,16.81679389312977,1.6242013005371785,0.09658210184764884,True,15.192592592592591,,,,16.81679389312977
mild_z2,voxel_spacing_aware,original_glszm_GrayLevelNonUniformityNormalized,glszm,GrayLevelNonUniformityNormalized,0.1125377229080932,0.1283724724666394,0.015834749558546204,0.1233500395706816,True,0.1125377229080932,,,,0.1283724724666394
mild_z2,voxel_spacing_aware,original_glszm_GrayLevelVariance,glszm,GrayLevelVariance,9.666611796982169,5.749198764640755,3.917413032341414,0.40525192431585966,True,9.666611796982169,,,,5.749198764640755
mild_z2,voxel_spacing_aware,original_glszm_HighGrayLevelZoneEmphasis,glszm,HighGrayLevelZoneEmphasis,45.577777777777776,37.229007633587784,8.348770144189992,0.18317633178378823,True,45.577777777777776,,,,37.229007633587784
mild_z2,voxel_spacing_aware,original_glszm_LargeAreaEmphasis,glszm,LargeAreaEmphasis,611254.8592592593,252009.2213740458,359245.6378852135,0.5877182527768536,True,611254.8592592593,,,,252009.2213740458
mild_z2,voxel_spacing_aware,original_glszm_LargeAreaHighGrayLevelEmphasis,glszm,LargeAreaHighGrayLevelEmphasis,36257682.47407407,8292911.083969465,27964771.390104607,0.7712785120808733,True,36257682.47407407,,,,8292911.083969465
mild_z2,voxel_spacing_aware,original_glszm_LargeAreaLowGrayLevelEmphasis,glszm,LargeAreaLowGrayLevelEmphasis,11785.000703743037,9600.929069280244,2184.0716344627926,0.18532638982101282,True,11785.000703743037,,,,9600.929069280244
mild_z2,voxel_spacing_aware,original_glszm_LowGrayLevelZoneEmphasis,glszm,LowGrayLevelZoneEmphasis,0.0718463057609081,0.0971847875423847,0.0253384817814766,0.26072477413634165,True,0.0718463057609081,,,,0.0971847875423847
mild_z2,voxel_spacing_aware,original_glszm_SizeZoneNonUniformity,glszm,SizeZoneNonUniformity,35.577777777777776,21.748091603053435,13.82968617472434,0.3887169755544006,True,35.577777777777776,,,,21.748091603053435
mild_z2,voxel_spacing_aware,original_glszm_SizeZoneNonUniformityNormalized,glszm,SizeZoneNonUniformityNormalized,0.2635390946502057,0.1660159664355224,0.09752312821468329,0.3700518450369776,True,0.2635390946502057,,,,0.1660159664355224
mild_z2,voxel_spacing_aware,original_glszm_SmallAreaEmphasis,glszm,SmallAreaEmphasis,0.5265253685880661,0.1030255025709245,0.4234998660171416,0.8043294611858905,True,0.5265253685880661,,,,0.1030255025709245
mild_z2,voxel_spacing_aware,original_glszm_SmallAreaHighGrayLevelEmphasis,glszm,SmallAreaHighGrayLevelEmphasis,25.3676843625906,3.966933935046325,21.400750427544278,0.8436225444015572,True,25.3676843625906,,,,3.966933935046325
mild_z2,voxel_spacing_aware,original_glszm_SmallAreaLowGrayLevelEmphasis,glszm,SmallAreaLowGrayLevelEmphasis,0.032818936628156,0.0094957773630732,0.0233231592650828,0.7106616381066232,True,0.032818936628156,,,,0.0094957773630732
mild_z2,voxel_spacing_aware,original_glszm_ZoneEntropy,glszm,ZoneEntropy,5.422910875866784,5.801185001517869,0.3782741256510844,0.06520635448655916,True,5.422910875866784,,,,5.801185001517869
mild_z2,voxel_spacing_aware,original_glszm_ZonePercentage,glszm,ZonePercentage,0.0055665512122711,0.0054016163615371,0.000164934850734,0.02962962962963708,True,0.0055665512122711,,,,0.0054016163615371
mild_z2,voxel_spacing_aware,original_glszm_ZoneVariance,glszm,ZoneVariance,578982.7328395062,217736.18926635975,361246.54357314645,0.6239331902032453,True,578982.7328395062,,,,217736.18926635975
mild_z2,voxel_spacing_aware,original_ngtdm_Busyness,ngtdm,Busyness,16.123669316744785,21.312902831504523,5.189233514759739,0.24347849543465588,True,16.123669316744785,,,,21.312902831504523
mild_z2,voxel_spacing_aware,original_ngtdm_Coarseness,ngtdm,Coarseness,0.0006719447464082,0.0009272587339018,0.0002553139874936001,0.275342769131187,True,0.0006719447464082,,,,0.0009272587339018
mild_z2,voxel_spacing_aware,original_ngtdm_Complexity,ngtdm,Complexity,29.61253642938374,23.02240914763824,6.590127281745502,0.22254518107426596,True,29.61253642938374,,,,23.02240914763824
mild_z2,voxel_spacing_aware,original_ngtdm_Contrast,ngtdm,Contrast,0.0300122740983926,0.0420888037375761,0.012076529639183497,0.28692974299010066,True,0.0300122740983926,,,,0.0420888037375761
mild_z2,voxel_spacing_aware,original_ngtdm_Strength,ngtdm,Strength,0.0307227257473678,0.0319046850396677,0.0011819592922999028,0.03704657453381378,True,0.0307227257473678,,,,0.0319046850396677
moderate_z3,native_original,original_glcm_Autocorrelation,glcm,Autocorrelation,58.915718745105465,34.58753758495539,24.328181160150073,0.4129319251014176,True,58.915718745105465,34.58753758495539,,,
moderate_z3,native_original,original_glcm_ClusterProminence,glcm,ClusterProminence,376.3636461526285,311.3041398881424,65.05950626448612,0.17286341794579763,True,376.3636461526285,311.3041398881424,,,
moderate_z3,native_original,original_glcm_ClusterShade,glcm,ClusterShade,-1.4416153040918256,0.4655828255547775,1.907198129646603,1.3229591307981297,True,-1.4416153040918256,0.4655828255547775,,,
moderate_z3,native_original,original_glcm_ClusterTendency,glcm,ClusterTendency,12.001244575964815,11.011881190591271,0.9893633853735437,0.08243839871032758,True,12.001244575964815,11.011881190591271,,,
moderate_z3,native_original,original_glcm_Contrast,glcm,Contrast,0.878383342396847,1.4870374635756822,0.6086541211788352,0.4093065145213525,True,0.878383342396847,1.4870374635756822,,,
moderate_z3,native_original,original_glcm_Correlation,glcm,Correlation,0.8615658574083919,0.7621507062793819,0.09941515112901,0.1153889169053807,True,0.8615658574083919,0.7621507062793819,,,
moderate_z3,native_original,original_glcm_DifferenceAverage,glcm,DifferenceAverage,0.5063672440748755,0.839884673725355,0.3335174296504795,0.39709907810455025,True,0.5063672440748755,0.839884673725355,,,
moderate_z3,native_original,original_glcm_DifferenceEntropy,glcm,DifferenceEntropy,1.2384521409868532,1.4150890296130916,0.1766368886262384,0.12482386968580612,True,1.2384521409868532,1.4150890296130916,,,
moderate_z3,native_original,original_glcm_DifferenceVariance,glcm,DifferenceVariance,0.589087877016079,0.6260606611850738,0.03697278416899474,0.059056232824162364,True,0.589087877016079,0.6260606611850738,,,
moderate_z3,native_original,original_glcm_Id,glcm,Id,0.7897723882291676,0.6834857947267582,0.10628659350240943,0.13457876609326122,True,0.7897723882291676,0.6834857947267582,,,
moderate_z3,native_original,original_glcm_Idm,glcm,Idm,0.7817114143255084,0.6447729421223551,0.13693847220315325,0.17517778261087463,True,0.7817114143255084,0.6447729421223551,,,
moderate_z3,native_original,original_glcm_Idmn,glcm,Idmn,0.9941995615091388,0.9857016853537784,0.008497876155360351,0.008547455143171713,True,0.9941995615091388,0.9857016853537784,,,
moderate_z3,native_original,original_glcm_Idn,glcm,Idn,0.9629048577753704,0.928487553126832,0.03441730464853843,0.03574320388003215,True,0.9629048577753704,0.928487553126832,,,
moderate_z3,native_original,original_glcm_Imc1,glcm,Imc1,-0.4739496169861142,-0.3554414484150945,0.1185081685710197,0.2500438112485947,True,-0.4739496169861142,-0.3554414484150945,,,
moderate_z3,native_original,original_glcm_Imc2,glcm,Imc2,0.9591938520777886,0.8936891348910181,0.06550471718677053,0.06829142726975927,True,0.9591938520777886,0.8936891348910181,,,
moderate_z3,native_original,original_glcm_InverseVariance,glcm,InverseVariance,0.344552389183765,0.31547116828531,0.029081220898454996,0.08440290014342258,True,0.344552389183765,0.31547116828531,,,
moderate_z3,native_original,original_glcm_JointAverage,glcm,JointAverage,7.492195495708346,5.67505992288611,1.8171355728222363,0.24253712731643504,True,7.492195495708346,5.67505992288611,,,
moderate_z3,native_original,original_glcm_JointEnergy,glcm,JointEnergy,0.0704158730749568,0.055287016928315,0.015128856146641792,0.21485008260193433,True,0.0704158730749568,0.055287016928315,,,
moderate_z3,native_original,original_glcm_JointEntropy,glcm,JointEntropy,4.391933294060699,4.6908746553418315,0.29894136128113225,0.06372827739933458,True,4.391933294060699,4.6908746553418315,,,
moderate_z3,native_original,original_glcm_MCC,glcm,MCC,0.8829771738595652,0.7655137585890059,0.11746341527055926,0.13303108930564658,True,0.8829771738595652,0.7655137585890059,,,
moderate_z3,native_original,original_glcm_MaximumProbability,glcm,MaximumProbability,0.1327060381051045,0.1076572388849377,0.025048799220166812,0.18875402790887263,True,0.1327060381051045,0.1076572388849377,,,
moderate_z3,native_original,original_glcm_SumAverage,glcm,SumAverage,14.984390991416692,11.35011984577222,3.6342711456444725,0.24253712731643504,True,14.984390991416692,11.35011984577222,,,
moderate_z3,native_original,original_glcm_SumEntropy,glcm,SumEntropy,3.735644460765079,3.5846603778211015,0.1509840829439777,0.040417144760359604,True,3.735644460765079,3.5846603778211015,,,
moderate_z3,native_original,original_glcm_SumSquares,glcm,SumSquares,3.2199069795904167,3.1247296635417383,0.0951773160486784,0.029559026596720283,True,3.2199069795904167,3.1247296635417383,,,
moderate_z3,native_original,original_gldm_DependenceEntropy,gldm,DependenceEntropy,7.2215104250120605,6.748581417208246,0.4729290078038142,0.06548893236597722,True,7.2215104250120605,6.748581417208246,,,
moderate_z3,native_original,original_gldm_DependenceNonUniformity,gldm,DependenceNonUniformity,1940.8157677717304,868.097971301336,1072.7177964703944,0.5527149017868874,True,1940.8157677717304,868.097971301336,,,
moderate_z3,native_original,original_gldm_DependenceNonUniformityNormalized,gldm,DependenceNonUniformityNormalized,0.053351359826591,0.0715898046595197,0.018238444832928698,0.25476315963803137,True,0.053351359826591,0.0715898046595197,,,
moderate_z3,native_original,original_gldm_DependenceVariance,gldm,DependenceVariance,32.97234391030091,19.75530969571819,13.217034214582718,0.4008521277874206,True,32.97234391030091,19.75530969571819,,,
moderate_z3,native_original,original_gldm_GrayLevelNonUniformity,gldm,GrayLevelNonUniformity,5400.429765242729,1871.541810984661,3528.8879542580685,0.653445764070493,True,5400.429765242729,1871.541810984661,,,
moderate_z3,native_original,original_gldm_GrayLevelVariance,gldm,GrayLevelVariance,3.458788798216886,3.193851224412078,0.2649375738048083,0.0765983670183597,True,3.458788798216886,3.193851224412078,,,
moderate_z3,native_original,original_gldm_HighGrayLevelEmphasis,gldm,HighGrayLevelEmphasis,58.335532464676454,35.28814118423223,23.047391280444224,0.3950832418372107,True,58.335532464676454,35.28814118423223,,,
moderate_z3,native_original,original_gldm_LargeDependenceEmphasis,gldm,LargeDependenceEmphasis,284.09263840782893,164.7585353785255,119.33410302930344,0.42005348571543577,True,284.09263840782893,164.7585353785255,,,
moderate_z3,native_original,original_gldm_LargeDependenceHighGrayLevelEmphasis,gldm,LargeDependenceHighGrayLevelEmphasis,17272.88460058277,5844.428995546759,11428.45560503601,0.6616414032344329,True,17272.88460058277,5844.428995546759,,,
moderate_z3,native_original,original_gldm_LargeDependenceLowGrayLevelEmphasis,gldm,LargeDependenceLowGrayLevelEmphasis,5.900733085088391,7.726119594189104,1.8253865091007127,0.23626174651420165,True,5.900733085088391,7.726119594189104,,,
moderate_z3,native_original,original_gldm_LowGrayLevelEmphasis,gldm,LowGrayLevelEmphasis,0.0236256540654376,0.0509695439658383,0.027343889900400698,0.5364750745803729,True,0.0236256540654376,0.0509695439658383,,,
moderate_z3,native_original,original_gldm_SmallDependenceEmphasis,gldm,SmallDependenceEmphasis,0.0106852807337904,0.0184646284013753,0.007779347667584901,0.4213108164692592,True,0.0106852807337904,0.0184646284013753,,,
moderate_z3,native_original,original_gldm_SmallDependenceHighGrayLevelEmphasis,gldm,SmallDependenceHighGrayLevelEmphasis,0.5303406463475764,0.664409370361318,0.1340687240137416,0.2017863233037074,True,0.5303406463475764,0.664409370361318,,,
moderate_z3,native_original,original_gldm_SmallDependenceLowGrayLevelEmphasis,gldm,SmallDependenceLowGrayLevelEmphasis,0.0004285324404131,0.0012243385755492,0.0007958061351361,0.6499886151011179,True,0.0004285324404131,0.0012243385755492,,,
moderate_z3,native_original,original_glrlm_GrayLevelNonUniformity,glrlm,GrayLevelNonUniformity,2160.3608376402194,1060.4856227970497,1099.8752148431697,0.5091164381801018,True,2160.3608376402194,1060.4856227970497,,,
moderate_z3,native_original,original_glrlm_GrayLevelNonUniformityNormalized,glrlm,GrayLevelNonUniformityNormalized,0.1389997668310841,0.1510499332872742,0.012050166456190115,0.0797760461983953,True,0.1389997668310841,0.1510499332872742,,,
moderate_z3,native_original,original_glrlm_GrayLevelVariance,glrlm,GrayLevelVariance,3.899290908191833,3.328031593877766,0.5712593143140672,0.14650338427274967,True,3.899290908191833,3.328031593877766,,,
moderate_z3,native_original,original_glrlm_HighGrayLevelRunEmphasis,glrlm,HighGrayLevelRunEmphasis,56.35889441425324,35.176505801514004,21.18238861273924,0.3758481927811235,True,56.35889441425324,35.176505801514004,,,
moderate_z3,native_original,original_glrlm_LongRunEmphasis,glrlm,LongRunEmphasis,12.528307406796133,8.538886686963691,3.9894207198324416,0.31843253763619594,True,12.528307406796133,8.538886686963691,,,
moderate_z3,native_original,original_glrlm_LongRunHighGrayLevelEmphasis,glrlm,LongRunHighGrayLevelEmphasis,733.6106585500095,305.59498132009577,428.0156772299137,0.5834371028303923,True,733.6106585500095,305.59498132009577,,,
moderate_z3,native_original,original_glrlm_LongRunLowGrayLevelEmphasis,glrlm,LongRunLowGrayLevelEmphasis,0.2852571345226936,0.3906957237542382,0.10543858923154464,0.2698739269996959,True,0.2852571345226936,0.3906957237542382,,,
moderate_z3,native_original,original_glrlm_LowGrayLevelRunEmphasis,glrlm,LowGrayLevelRunEmphasis,0.0261909810740191,0.0539520416041134,0.0277610605300943,0.5145506954824439,True,0.0261909810740191,0.0539520416041134,,,
moderate_z3,native_original,original_glrlm_RunEntropy,glrlm,RunEntropy,5.247688579276874,4.465247063041276,0.7824415162355978,0.14910212456689215,True,5.247688579276874,4.465247063041276,,,
moderate_z3,native_original,original_glrlm_RunLengthNonUniformity,glrlm,RunLengthNonUniformity,4943.74285847493,3243.2719636032457,1700.4708948716839,0.34396426827835735,True,4943.74285847493,3243.2719636032457,,,
moderate_z3,native_original,original_glrlm_RunLengthNonUniformityNormalized,glrlm,RunLengthNonUniformityNormalized,0.2918733254400779,0.4103940546942009,0.11852072925412305,0.28879738363275514,True,0.2918733254400779,0.4103940546942009,,,
moderate_z3,native_original,original_glrlm_RunPercentage,glrlm,RunPercentage,0.4289701721666095,0.5753181339524732,0.14634796178586373,0.25437745335862033,True,0.4289701721666095,0.5753181339524732,,,
moderate_z3,native_original,original_glrlm_RunVariance,glrlm,RunVariance,4.89887858259234,3.03727160188601,1.8616069807063305,0.38000676059238514,True,4.89887858259234,3.03727160188601,,,
moderate_z3,native_original,original_glrlm_ShortRunEmphasis,glrlm,ShortRunEmphasis,0.5205113969109971,0.586800355325577,0.06628895841457982,0.11296680005894072,True,0.5205113969109971,0.586800355325577,,,
moderate_z3,native_original,original_glrlm_ShortRunHighGrayLevelEmphasis,glrlm,ShortRunHighGrayLevelEmphasis,27.70838972287673,20.704940890205833,7.003448832670898,0.2527555337107402,True,27.70838972287673,20.704940890205833,,,
moderate_z3,native_original,original_glrlm_ShortRunLowGrayLevelEmphasis,glrlm,ShortRunLowGrayLevelEmphasis,0.0156897826228086,0.0327323362063336,0.017042553583524998,0.5206641370201777,True,0.0156897826228086,0.0327323362063336,,,
moderate_z3,native_original,original_glszm_GrayLevelNonUniformity,glszm,GrayLevelNonUniformity,24.333333333333332,16.81679389312977,7.516539440203562,0.308898881104256,True,24.333333333333332,16.81679389312977,,,
moderate_z3,native_original,original_glszm_GrayLevelNonUniformityNormalized,glszm,GrayLevelNonUniformityNormalized,0.119281045751634,0.1283724724666394,0.009091426715005416,0.07082068717939538,True,0.119281045751634,0.1283724724666394,,,
moderate_z3,native_original,original_glszm_GrayLevelVariance,glszm,GrayLevelVariance,7.055050941945407,5.749198764640755,1.3058521773046516,0.18509464893311844,True,7.055050941945407,5.749198764640755,,,
moderate_z3,native_original,original_glszm_HighGrayLevelZoneEmphasis,glszm,HighGrayLevelZoneEmphasis,41.94607843137255,37.229007633587784,4.717070797784764,0.11245558522240176,True,41.94607843137255,37.229007633587784,,,
moderate_z3,native_original,original_glszm_LargeAreaEmphasis,glszm,LargeAreaEmphasis,883441.4215686275,63002.30534351145,820439.1162251161,0.928685361807413,True,883441.4215686275,63002.30534351145,,,
moderate_z3,native_original,original_glszm_LargeAreaHighGrayLevelEmphasis,glszm,LargeAreaHighGrayLevelEmphasis,52352520.97058824,2073227.7709923664,50279293.19959587,0.9603987022486059,True,52352520.97058824,2073227.7709923664,,,
moderate_z3,native_original,original_glszm_LargeAreaLowGrayLevelEmphasis,glszm,LargeAreaLowGrayLevelEmphasis,16839.684169338612,2400.232267320061,14439.45190201855,0.8574657194764757,True,16839.684169338612,2400.232267320061,,,
moderate_z3,native_original,original_glszm_LowGrayLevelZoneEmphasis,glszm,LowGrayLevelZoneEmphasis,0.0573533852692694,0.0971847875423847,0.0398314022731153,0.40985223387707503,True,0.0573533852692694,0.0971847875423847,,,
moderate_z3,native_original,original_glszm_SizeZoneNonUniformity,glszm,SizeZoneNonUniformity,47.627450980392155,21.748091603053435,25.87935937733872,0.5433706579844688,True,47.627450980392155,21.748091603053435,,,
moderate_z3,native_original,original_glszm_SizeZoneNonUniformityNormalized,glszm,SizeZoneNonUniformityNormalized,0.2334678969627066,0.1660159664355224,0.06745193052718418,0.2889130857162719,True,0.2334678969627066,0.1660159664355224,,,
moderate_z3,native_original,original_glszm_SmallAreaEmphasis,glszm,SmallAreaEmphasis,0.4918651706367509,0.4121020102836982,0.0797631603530527,0.16216468478504828,True,0.4918651706367509,0.4121020102836982,,,
moderate_z3,native_original,original_glszm_SmallAreaHighGrayLevelEmphasis,glszm,SmallAreaHighGrayLevelEmphasis,23.147931069405832,15.867735740185298,7.280195329220534,0.3145073876102312,True,23.147931069405832,15.867735740185298,,,
moderate_z3,native_original,original_glszm_SmallAreaLowGrayLevelEmphasis,glszm,SmallAreaLowGrayLevelEmphasis,0.0266516727601511,0.037983109452293,0.011331436692141903,0.29832830580588066,True,0.0266516727601511,0.037983109452293,,,
moderate_z3,native_original,original_glszm_ZoneEntropy,glszm,ZoneEntropy,5.6836293741001835,5.801185001517869,0.11755562741768522,0.02026407145900829,True,5.6836293741001835,5.801185001517869,,,
moderate_z3,native_original,original_glszm_ZonePercentage,glszm,ZonePercentage,0.0056077849249546,0.0108032327230743,0.005195447798119699,0.48091603053435095,True,0.0056077849249546,0.0108032327230743,,,
moderate_z3,native_original,original_glszm_ZoneVariance,glszm,ZoneVariance,851642.1404267589,54434.04731658994,797208.0931101689,0.9360834266734229,True,851642.1404267589,54434.04731658994,,,
moderate_z3,native_original,original_ngtdm_Busyness,ngtdm,Busyness,22.622523807218396,25.022526338132504,2.400002530914108,0.09591367787898696,True,22.622523807218396,25.022526338132504,,,
moderate_z3,native_original,original_ngtdm_Coarseness,ngtdm,Coarseness,0.0004775502202967,0.0007897913675166,0.0003122411472199,0.3953463662203642,True,0.0004775502202967,0.0007897913675166,,,
moderate_z3,native_original,original_ngtdm_Complexity,ngtdm,Complexity,25.481204000896543,26.94568433418289,1.464480333286346,0.05434934645280203,True,25.481204000896543,26.94568433418289,,,
moderate_z3,native_original,original_ngtdm_Contrast,ngtdm,Contrast,0.0227047021556488,0.0491961938079195,0.0264914916522707,0.5384866104825808,True,0.0227047021556488,0.0491961938079195,,,
moderate_z3,native_original,original_ngtdm_Strength,ngtdm,Strength,0.0246685671786095,0.0272954048475106,0.0026268376689010976,0.09623735876336237,True,0.0246685671786095,0.0272954048475106,,,
moderate_z3,resample_bspline,original_glcm_Autocorrelation,glcm,Autocorrelation,58.915718745105465,60.43467079963245,1.5189520545269843,0.025133785531205745,True,58.915718745105465,,60.43467079963245,,
moderate_z3,resample_bspline,original_glcm_ClusterProminence,glcm,ClusterProminence,376.3636461526285,456.4927269244488,80.12908077182027,0.17553199874985506,True,376.3636461526285,,456.4927269244488,,
moderate_z3,resample_bspline,original_glcm_ClusterShade,glcm,ClusterShade,-1.4416153040918256,-1.6930248475609695,0.2514095434691439,0.14849725556676457,True,-1.4416153040918256,,-1.6930248475609695,,
moderate_z3,resample_bspline,original_glcm_ClusterTendency,glcm,ClusterTendency,12.001244575964815,13.242545646667038,1.2413010707022227,0.09373583477242087,True,12.001244575964815,,13.242545646667038,,
moderate_z3,resample_bspline,original_glcm_Contrast,glcm,Contrast,0.878383342396847,0.9399236130579338,0.061540270661086804,0.06547369361311456,True,0.878383342396847,,0.9399236130579338,,
moderate_z3,resample_bspline,original_glcm_Correlation,glcm,Correlation,0.8615658574083919,0.8659209259961321,0.004355068587740263,0.005029406793386254,True,0.8615658574083919,,0.8659209259961321,,
moderate_z3,resample_bspline,original_glcm_DifferenceAverage,glcm,DifferenceAverage,0.5063672440748755,0.5740639189037094,0.0676966748288339,0.1179253260823539,True,0.5063672440748755,,0.5740639189037094,,
moderate_z3,resample_bspline,original_glcm_DifferenceEntropy,glcm,DifferenceEntropy,1.2384521409868532,1.3338925999082594,0.09544045892140618,0.07155033240904872,True,1.2384521409868532,,1.3338925999082594,,
moderate_z3,resample_bspline,original_glcm_DifferenceVariance,glcm,DifferenceVariance,0.589087877016079,0.5684900890430913,0.020597787972987724,0.03496556078750457,True,0.589087877016079,,0.5684900890430913,,
moderate_z3,resample_bspline,original_glcm_Id,glcm,Id,0.7897723882291676,0.7590655996377875,0.030706788591380096,0.0388805547636719,True,0.7897723882291676,,0.7590655996377875,,
moderate_z3,resample_bspline,original_glcm_Idm,glcm,Idm,0.7817114143255084,0.7481859780570747,0.03352543626843374,0.042887228782965664,True,0.7817114143255084,,0.7481859780570747,,
moderate_z3,resample_bspline,original_glcm_Idmn,glcm,Idmn,0.9941995615091388,0.9946295125380384,0.00042995102889964443,0.00043227254317290475,True,0.9941995615091388,,0.9946295125380384,,
moderate_z3,resample_bspline,original_glcm_Idn,glcm,Idn,0.9629048577753704,0.9606212816775124,0.002283576097858009,0.0023715490470510524,True,0.9629048577753704,,0.9606212816775124,,
moderate_z3,resample_bspline,original_glcm_Imc1,glcm,Imc1,-0.4739496169861142,-0.4230736683341683,0.05087594865194589,0.10734463501726273,True,-0.4739496169861142,,-0.4230736683341683,,
moderate_z3,resample_bspline,original_glcm_Imc2,glcm,Imc2,0.9591938520777886,0.9451234039169072,0.014070448160881432,0.01466903497181751,True,0.9591938520777886,,0.9451234039169072,,
moderate_z3,resample_bspline,original_glcm_InverseVariance,glcm,InverseVariance,0.344552389183765,0.3848575881380359,0.04030519895427087,0.1047275672782492,True,0.344552389183765,,0.3848575881380359,,
moderate_z3,resample_bspline,original_glcm_JointAverage,glcm,JointAverage,7.492195495708346,7.573451628058584,0.0812561323502381,0.010729075240831464,True,7.492195495708346,,7.573451628058584,,
moderate_z3,resample_bspline,original_glcm_JointEnergy,glcm,JointEnergy,0.0704158730749568,0.059925390997238,0.010490482077718792,0.14897893925921799,True,0.0704158730749568,,0.059925390997238,,
moderate_z3,resample_bspline,original_glcm_JointEntropy,glcm,JointEntropy,4.391933294060699,4.6482646395133065,0.2563313454526073,0.055145600634185554,True,4.391933294060699,,4.6482646395133065,,
moderate_z3,resample_bspline,original_glcm_MCC,glcm,MCC,0.8829771738595652,0.8788437152592792,0.004133458600286022,0.004681274581786001,True,0.8829771738595652,,0.8788437152592792,,
moderate_z3,resample_bspline,original_glcm_MaximumProbability,glcm,MaximumProbability,0.1327060381051045,0.1216873470647828,0.011018691040321701,0.08303081907693445,True,0.1327060381051045,,0.1216873470647828,,
moderate_z3,resample_bspline,original_glcm_SumAverage,glcm,SumAverage,14.984390991416692,15.146903256117172,0.16251226470047975,0.010729075240831696,True,14.984390991416692,,15.146903256117172,,
moderate_z3,resample_bspline,original_glcm_SumEntropy,glcm,SumEntropy,3.735644460765079,3.830690434589485,0.09504597382440583,0.024811708345362917,True,3.735644460765079,,3.830690434589485,,
moderate_z3,resample_bspline,original_glcm_SumSquares,glcm,SumSquares,3.2199069795904167,3.545617314931243,0.32571033534082616,0.09186280029973917,True,3.2199069795904167,,3.545617314931243,,
moderate_z3,resample_bspline,original_gldm_DependenceEntropy,gldm,DependenceEntropy,7.2215104250120605,7.386393442208576,0.16488301719651588,0.022322533789537056,True,7.2215104250120605,,7.386393442208576,,
moderate_z3,resample_bspline,original_gldm_DependenceNonUniformity,gldm,DependenceNonUniformity,1940.8157677717304,1820.3681895651216,120.4475782066088,0.06206028424062931,True,1940.8157677717304,,1820.3681895651216,,
moderate_z3,resample_bspline,original_gldm_DependenceNonUniformityNormalized,gldm,DependenceNonUniformityNormalized,0.053351359826591,0.0500403592711287,0.0033110005554622957,0.062060284240628684,True,0.053351359826591,,0.0500403592711287,,
moderate_z3,resample_bspline,original_gldm_DependenceVariance,gldm,DependenceVariance,32.97234391030091,33.00825623655994,0.03591232625903018,0.0010879801102384105,True,32.97234391030091,,33.00825623655994,,
moderate_z3,resample_bspline,original_gldm_GrayLevelNonUniformity,gldm,GrayLevelNonUniformity,5400.429765242729,5169.792951784046,230.63681345868372,0.04270712211518178,True,5400.429765242729,,5169.792951784046,,
moderate_z3,resample_bspline,original_gldm_GrayLevelVariance,gldm,GrayLevelVariance,3.458788798216886,3.774358926659837,0.31557012844295107,0.08360893454354605,True,3.458788798216886,,3.774358926659837,,
moderate_z3,resample_bspline,original_gldm_HighGrayLevelEmphasis,gldm,HighGrayLevelEmphasis,58.335532464676454,59.95098686019023,1.6154543955137726,0.026946251932117846,True,58.335532464676454,,59.95098686019023,,
moderate_z3,resample_bspline,original_gldm_LargeDependenceEmphasis,gldm,LargeDependenceEmphasis,284.09263840782893,243.19847160371657,40.89416680411236,0.1439465909194267,True,284.09263840782893,,243.19847160371657,,
moderate_z3,resample_bspline,original_gldm_LargeDependenceHighGrayLevelEmphasis,gldm,LargeDependenceHighGrayLevelEmphasis,17272.88460058277,15460.045384573094,1812.8392160096755,0.10495289338924386,True,17272.88460058277,,15460.045384573094,,
moderate_z3,resample_bspline,original_gldm_LargeDependenceLowGrayLevelEmphasis,gldm,LargeDependenceLowGrayLevelEmphasis,5.900733085088391,4.937918102236495,0.9628149828518966,0.163168706153648,True,5.900733085088391,,4.937918102236495,,
moderate_z3,resample_bspline,original_gldm_LowGrayLevelEmphasis,gldm,LowGrayLevelEmphasis,0.0236256540654376,0.0235937978342955,3.185623114209876e-05,0.0013483745700273257,True,0.0236256540654376,,0.0235937978342955,,
moderate_z3,resample_bspline,original_gldm_SmallDependenceEmphasis,gldm,SmallDependenceEmphasis,0.0106852807337904,0.0137996359846863,0.0031143552508959005,0.2256838698029394,True,0.0106852807337904,,0.0137996359846863,,
moderate_z3,resample_bspline,original_gldm_SmallDependenceHighGrayLevelEmphasis,gldm,SmallDependenceHighGrayLevelEmphasis,0.5303406463475764,0.7087898274418168,0.17844918109424046,0.2517660019731152,True,0.5303406463475764,,0.7087898274418168,,
moderate_z3,resample_bspline,original_gldm_SmallDependenceLowGrayLevelEmphasis,gldm,SmallDependenceLowGrayLevelEmphasis,0.0004285324404131,0.0005679846903751,0.00013945224996199997,0.24552114225104377,True,0.0004285324404131,,0.0005679846903751,,
moderate_z3,resample_bspline,original_glrlm_GrayLevelNonUniformity,glrlm,GrayLevelNonUniformity,2160.3608376402194,2359.5703436042195,199.20950596400007,0.08442617805566652,True,2160.3608376402194,,2359.5703436042195,,
moderate_z3,resample_bspline,original_glrlm_GrayLevelNonUniformityNormalized,glrlm,GrayLevelNonUniformityNormalized,0.1389997668310841,0.1350911873724676,0.0039085794586164735,0.028119323850134763,True,0.1389997668310841,,0.1350911873724676,,
moderate_z3,resample_bspline,original_glrlm_GrayLevelVariance,glrlm,GrayLevelVariance,3.899290908191833,4.133517489008324,0.23422658081649095,0.0566651965158818,True,3.899290908191833,,4.133517489008324,,
moderate_z3,resample_bspline,original_glrlm_HighGrayLevelRunEmphasis,glrlm,HighGrayLevelRunEmphasis,56.35889441425324,57.90549294328919,1.546598529035947,0.026709012399749998,True,56.35889441425324,,57.90549294328919,,
moderate_z3,resample_bspline,original_glrlm_LongRunEmphasis,glrlm,LongRunEmphasis,12.528307406796133,10.160965484211006,2.367341922585126,0.1889594376731954,True,12.528307406796133,,10.160965484211006,,
moderate_z3,resample_bspline,original_glrlm_LongRunHighGrayLevelEmphasis,glrlm,LongRunHighGrayLevelEmphasis,733.6106585500095,617.5878088782497,116.02284967175979,0.15815316792299663,True,733.6106585500095,,617.5878088782497,,
moderate_z3,resample_bspline,original_glrlm_LongRunLowGrayLevelEmphasis,glrlm,LongRunLowGrayLevelEmphasis,0.2852571345226936,0.2279241160379735,0.05733301848472008,0.2009871499994296,True,0.2852571345226936,,0.2279241160379735,,
moderate_z3,resample_bspline,original_glrlm_LowGrayLevelRunEmphasis,glrlm,LowGrayLevelRunEmphasis,0.0261909810740191,0.0258645861976015,0.0003263948764175989,0.012462109590135809,True,0.0261909810740191,,0.0258645861976015,,
moderate_z3,resample_bspline,original_glrlm_RunEntropy,glrlm,RunEntropy,5.247688579276874,5.1210375435586,0.12665103571827352,0.024134632572980524,True,5.247688579276874,,5.1210375435586,,
moderate_z3,resample_bspline,original_glrlm_RunLengthNonUniformity,glrlm,RunLengthNonUniformity,4943.74285847493,6532.501771341325,1588.7589128663958,0.24320834015482773,True,4943.74285847493,,6532.501771341325,,
moderate_z3,resample_bspline,original_glrlm_RunLengthNonUniformityNormalized,glrlm,RunLengthNonUniformityNormalized,0.2918733254400779,0.3431116503329023,0.05123832489282443,0.14933426143679676,True,0.2918733254400779,,0.3431116503329023,,
moderate_z3,resample_bspline,original_glrlm_RunPercentage,glrlm,RunPercentage,0.4289701721666095,0.4808485263705452,0.05187835420393572,0.10788918205804773,True,0.4289701721666095,,0.4808485263705452,,
moderate_z3,resample_bspline,original_glrlm_RunVariance,glrlm,RunVariance,4.89887858259234,4.040007589382781,0.8588709932095595,0.17531991837100616,True,4.89887858259234,,4.040007589382781,,
moderate_z3,resample_bspline,original_glrlm_ShortRunEmphasis,glrlm,ShortRunEmphasis,0.5205113969109971,0.577706353226425,0.057194956315427925,0.09900350930191527,True,0.5205113969109971,,0.577706353226425,,
moderate_z3,resample_bspline,original_glrlm_ShortRunHighGrayLevelEmphasis,glrlm,ShortRunHighGrayLevelEmphasis,27.70838972287673,32.18553380168366,4.47714407880693,0.13910423566045454,True,27.70838972287673,,32.18553380168366,,
moderate_z3,resample_bspline,original_glrlm_ShortRunLowGrayLevelEmphasis,glrlm,ShortRunLowGrayLevelEmphasis,0.0156897826228086,0.0164956385790876,0.0008058559562790016,0.04885266808043601,True,0.0156897826228086,,0.0164956385790876,,
moderate_z3,resample_bspline,original_glszm_GrayLevelNonUniformity,glszm,GrayLevelNonUniformity,24.333333333333332,27.948207171314746,3.6148738379814134,0.12934188643383246,True,24.333333333333332,,27.948207171314746,,
moderate_z3,resample_bspline,original_glszm_GrayLevelNonUniformityNormalized,glszm,GrayLevelNonUniformityNormalized,0.119281045751634,0.1113474389295408,0.007933606822093195,0.06651188185097308,True,0.119281045751634,,0.1113474389295408,,
moderate_z3,resample_bspline,original_glszm_GrayLevelVariance,glszm,GrayLevelVariance,7.055050941945407,8.260186346248473,1.205135404303066,0.14589687856744324,True,7.055050941945407,,8.260186346248473,,
moderate_z3,resample_bspline,original_glszm_HighGrayLevelZoneEmphasis,glszm,HighGrayLevelZoneEmphasis,41.94607843137255,45.51394422310757,3.5678657917350236,0.07839060869445824,True,41.94607843137255,,45.51394422310757,,
moderate_z3,resample_bspline,original_glszm_LargeAreaEmphasis,glszm,LargeAreaEmphasis,883441.4215686275,654596.9641434263,228844.4574252012,0.25903750021010774,True,883441.4215686275,,654596.9641434263,,
moderate_z3,resample_bspline,original_glszm_LargeAreaHighGrayLevelEmphasis,glszm,LargeAreaHighGrayLevelEmphasis,52352520.97058824,39040449.51792829,13312071.45265995,0.2542775630640347,True,52352520.97058824,,39040449.51792829,,
moderate_z3,resample_bspline,original_glszm_LargeAreaLowGrayLevelEmphasis,glszm,LargeAreaLowGrayLevelEmphasis,16839.684169338612,12405.2408737273,4434.443295611312,0.263332925428938,True,16839.684169338612,,12405.2408737273,,
moderate_z3,resample_bspline,original_glszm_LowGrayLevelZoneEmphasis,glszm,LowGrayLevelZoneEmphasis,0.0573533852692694,0.0625995919304569,0.005246206661187504,0.08380576453302789,True,0.0573533852692694,,0.0625995919304569,,
moderate_z3,resample_bspline,original_glszm_SizeZoneNonUniformity,glszm,SizeZoneNonUniformity,47.627450980392155,60.16334661354582,12.535895633153665,0.20836433374753788,True,47.627450980392155,,60.16334661354582,,
moderate_z3,resample_bspline,original_glszm_SizeZoneNonUniformityNormalized,glszm,SizeZoneNonUniformityNormalized,0.2334678969627066,0.2396946080220948,0.0062267110593882125,0.025977685150156738,True,0.2334678969627066,,0.2396946080220948,,
moderate_z3,resample_bspline,original_glszm_SmallAreaEmphasis,glszm,SmallAreaEmphasis,0.4918651706367509,0.5036308925429536,0.011765721906202675,0.023361795474448985,True,0.4918651706367509,,0.5036308925429536,,
moderate_z3,resample_bspline,original_glszm_SmallAreaHighGrayLevelEmphasis,glszm,SmallAreaHighGrayLevelEmphasis,23.147931069405832,21.61067238155519,1.5372586878506418,0.06641019809681421,True,23.147931069405832,,21.61067238155519,,
moderate_z3,resample_bspline,original_glszm_SmallAreaLowGrayLevelEmphasis,glszm,SmallAreaLowGrayLevelEmphasis,0.0266516727601511,0.0334421338413202,0.0067904610811691,0.20305107064606592,True,0.0266516727601511,,0.0334421338413202,,
moderate_z3,resample_bspline,original_glszm_ZoneEntropy,glszm,ZoneEntropy,5.6836293741001835,5.881254806072514,0.1976254319723303,0.03360259646772625,True,5.6836293741001835,,5.881254806072514,,
moderate_z3,resample_bspline,original_glszm_ZonePercentage,glszm,ZonePercentage,0.0056077849249546,0.0068997745890373,0.0012919896640826998,0.1872509960159389,True,0.0056077849249546,,0.0068997745890373,,
moderate_z3,resample_bspline,original_glszm_ZoneVariance,glszm,ZoneVariance,851642.1404267589,633591.6009904605,218050.53943629842,0.25603540393977336,True,851642.1404267589,,633591.6009904605,,
moderate_z3,resample_bspline,original_ngtdm_Busyness,ngtdm,Busyness,22.622523807218396,19.14158983873408,3.4809339684843152,0.15387027540108583,True,22.622523807218396,,19.14158983873408,,
moderate_z3,resample_bspline,original_ngtdm_Coarseness,ngtdm,Coarseness,0.0004775502202967,0.0004992988157717,2.1748595474999966e-05,0.04355827570186812,True,0.0004775502202967,,0.0004992988157717,,
moderate_z3,resample_bspline,original_ngtdm_Complexity,ngtdm,Complexity,25.481204000896543,30.00013752414227,4.518933523245728,0.15063042693084883,True,25.481204000896543,,30.00013752414227,,
moderate_z3,resample_bspline,original_ngtdm_Contrast,ngtdm,Contrast,0.0227047021556488,0.0207802441817037,0.0019244579739450991,0.0847603267707392,True,0.0227047021556488,,0.0207802441817037,,
moderate_z3,resample_bspline,original_ngtdm_Strength,ngtdm,Strength,0.0246685671786095,0.0299898965717355,0.005321329393126,0.1774374039736162,True,0.0246685671786095,,0.0299898965717355,,
moderate_z3,resample_linear,original_glcm_Autocorrelation,glcm,Autocorrelation,58.915718745105465,58.915718745105465,0.0,0.0,False,58.915718745105465,,,,
moderate_z3,resample_linear,original_glcm_ClusterProminence,glcm,ClusterProminence,376.3636461526285,376.3636461526285,0.0,0.0,False,376.3636461526285,,,,
moderate_z3,resample_linear,original_glcm_ClusterShade,glcm,ClusterShade,-1.4416153040918256,-1.4416153040918256,0.0,0.0,False,-1.4416153040918256,,,,
moderate_z3,resample_linear,original_glcm_ClusterTendency,glcm,ClusterTendency,12.001244575964815,12.001244575964815,0.0,0.0,False,12.001244575964815,,,,
moderate_z3,resample_linear,original_glcm_Contrast,glcm,Contrast,0.878383342396847,0.878383342396847,0.0,0.0,False,0.878383342396847,,,,
moderate_z3,resample_linear,original_glcm_Correlation,glcm,Correlation,0.8615658574083919,0.8615658574083919,0.0,0.0,False,0.8615658574083919,,,,
moderate_z3,resample_linear,original_glcm_DifferenceAverage,glcm,DifferenceAverage,0.5063672440748755,0.5063672440748755,0.0,0.0,False,0.5063672440748755,,,,
moderate_z3,resample_linear,original_glcm_DifferenceEntropy,glcm,DifferenceEntropy,1.2384521409868532,1.2384521409868532,0.0,0.0,False,1.2384521409868532,,,,
moderate_z3,resample_linear,original_glcm_DifferenceVariance,glcm,DifferenceVariance,0.589087877016079,0.589087877016079,0.0,0.0,False,0.589087877016079,,,,
moderate_z3,resample_linear,original_glcm_Id,glcm,Id,0.7897723882291676,0.7897723882291676,0.0,0.0,False,0.7897723882291676,,,,
moderate_z3,resample_linear,original_glcm_Idm,glcm,Idm,0.7817114143255084,0.7817114143255084,0.0,0.0,False,0.7817114143255084,,,,
moderate_z3,resample_linear,original_glcm_Idmn,glcm,Idmn,0.9941995615091388,0.9941995615091388,0.0,0.0,False,0.9941995615091388,,,,
moderate_z3,resample_linear,original_glcm_Idn,glcm,Idn,0.9629048577753704,0.9629048577753704,0.0,0.0,False,0.9629048577753704,,,,
moderate_z3,resample_linear,original_glcm_Imc1,glcm,Imc1,-0.4739496169861142,-0.4739496169861142,0.0,0.0,False,-0.4739496169861142,,,,
moderate_z3,resample_linear,original_glcm_Imc2,glcm,Imc2,0.9591938520777886,0.9591938520777886,0.0,0.0,False,0.9591938520777886,,,,
moderate_z3,resample_linear,original_glcm_InverseVariance,glcm,InverseVariance,0.344552389183765,0.344552389183765,0.0,0.0,False,0.344552389183765,,,,
moderate_z3,resample_linear,original_glcm_JointAverage,glcm,JointAverage,7.492195495708346,7.492195495708346,0.0,0.0,False,7.492195495708346,,,,
moderate_z3,resample_linear,original_glcm_JointEnergy,glcm,JointEnergy,0.0704158730749568,0.0704158730749568,0.0,0.0,False,0.0704158730749568,,,,
moderate_z3,resample_linear,original_glcm_JointEntropy,glcm,JointEntropy,4.391933294060699,4.391933294060699,0.0,0.0,False,4.391933294060699,,,,
moderate_z3,resample_linear,original_glcm_MCC,glcm,MCC,0.8829771738595652,0.8829771738595652,0.0,0.0,False,0.8829771738595652,,,,
moderate_z3,resample_linear,original_glcm_MaximumProbability,glcm,MaximumProbability,0.1327060381051045,0.1327060381051045,0.0,0.0,False,0.1327060381051045,,,,
moderate_z3,resample_linear,original_glcm_SumAverage,glcm,SumAverage,14.984390991416692,14.984390991416692,0.0,0.0,False,14.984390991416692,,,,
moderate_z3,resample_linear,original_glcm_SumEntropy,glcm,SumEntropy,3.735644460765079,3.735644460765079,0.0,0.0,False,3.735644460765079,,,,
moderate_z3,resample_linear,original_glcm_SumSquares,glcm,SumSquares,3.2199069795904167,3.2199069795904167,0.0,0.0,False,3.2199069795904167,,,,
moderate_z3,resample_linear,original_gldm_DependenceEntropy,gldm,DependenceEntropy,7.2215104250120605,7.2215104250120605,0.0,0.0,False,7.2215104250120605,,,,
moderate_z3,resample_linear,original_gldm_DependenceNonUniformity,gldm,DependenceNonUniformity,1940.8157677717304,1940.8157677717304,0.0,0.0,False,1940.8157677717304,,,,
moderate_z3,resample_linear,original_gldm_DependenceNonUniformityNormalized,gldm,DependenceNonUniformityNormalized,0.053351359826591,0.053351359826591,0.0,0.0,False,0.053351359826591,,,,
moderate_z3,resample_linear,original_gldm_DependenceVariance,gldm,DependenceVariance,32.97234391030091,32.97234391030091,0.0,0.0,False,32.97234391030091,,,,
moderate_z3,resample_linear,original_gldm_GrayLevelNonUniformity,gldm,GrayLevelNonUniformity,5400.429765242729,5400.429765242729,0.0,0.0,False,5400.429765242729,,,,
moderate_z3,resample_linear,original_gldm_GrayLevelVariance,gldm,GrayLevelVariance,3.458788798216886,3.458788798216886,0.0,0.0,False,3.458788798216886,,,,
moderate_z3,resample_linear,original_gldm_HighGrayLevelEmphasis,gldm,HighGrayLevelEmphasis,58.335532464676454,58.335532464676454,0.0,0.0,False,58.335532464676454,,,,
moderate_z3,resample_linear,original_gldm_LargeDependenceEmphasis,gldm,LargeDependenceEmphasis,284.09263840782893,284.09263840782893,0.0,0.0,False,284.09263840782893,,,,
moderate_z3,resample_linear,original_gldm_LargeDependenceHighGrayLevelEmphasis,gldm,LargeDependenceHighGrayLevelEmphasis,17272.88460058277,17272.88460058277,0.0,0.0,False,17272.88460058277,,,,
moderate_z3,resample_linear,original_gldm_LargeDependenceLowGrayLevelEmphasis,gldm,LargeDependenceLowGrayLevelEmphasis,5.900733085088391,5.900733085088391,0.0,0.0,False,5.900733085088391,,,,
moderate_z3,resample_linear,original_gldm_LowGrayLevelEmphasis,gldm,LowGrayLevelEmphasis,0.0236256540654376,0.0236256540654376,0.0,0.0,False,0.0236256540654376,,,,
moderate_z3,resample_linear,original_gldm_SmallDependenceEmphasis,gldm,SmallDependenceEmphasis,0.0106852807337904,0.0106852807337904,0.0,0.0,False,0.0106852807337904,,,,
moderate_z3,resample_linear,original_gldm_SmallDependenceHighGrayLevelEmphasis,gldm,SmallDependenceHighGrayLevelEmphasis,0.5303406463475764,0.5303406463475764,0.0,0.0,False,0.5303406463475764,,,,
moderate_z3,resample_linear,original_gldm_SmallDependenceLowGrayLevelEmphasis,gldm,SmallDependenceLowGrayLevelEmphasis,0.0004285324404131,0.0004285324404131,0.0,0.0,False,0.0004285324404131,,,,
moderate_z3,resample_linear,original_glrlm_GrayLevelNonUniformity,glrlm,GrayLevelNonUniformity,2160.3608376402194,2160.3608376402194,0.0,0.0,False,2160.3608376402194,,,,
moderate_z3,resample_linear,original_glrlm_GrayLevelNonUniformityNormalized,glrlm,GrayLevelNonUniformityNormalized,0.1389997668310841,0.1389997668310841,0.0,0.0,False,0.1389997668310841,,,,
moderate_z3,resample_linear,original_glrlm_GrayLevelVariance,glrlm,GrayLevelVariance,3.899290908191833,3.899290908191833,0.0,0.0,False,3.899290908191833,,,,
moderate_z3,resample_linear,original_glrlm_HighGrayLevelRunEmphasis,glrlm,HighGrayLevelRunEmphasis,56.35889441425324,56.35889441425324,0.0,0.0,False,56.35889441425324,,,,
moderate_z3,resample_linear,original_glrlm_LongRunEmphasis,glrlm,LongRunEmphasis,12.528307406796133,12.528307406796133,0.0,0.0,False,12.528307406796133,,,,
moderate_z3,resample_linear,original_glrlm_LongRunHighGrayLevelEmphasis,glrlm,LongRunHighGrayLevelEmphasis,733.6106585500095,733.6106585500095,0.0,0.0,False,733.6106585500095,,,,
moderate_z3,resample_linear,original_glrlm_LongRunLowGrayLevelEmphasis,glrlm,LongRunLowGrayLevelEmphasis,0.2852571345226936,0.2852571345226936,0.0,0.0,False,0.2852571345226936,,,,
moderate_z3,resample_linear,original_glrlm_LowGrayLevelRunEmphasis,glrlm,LowGrayLevelRunEmphasis,0.0261909810740191,0.0261909810740191,0.0,0.0,False,0.0261909810740191,,,,
moderate_z3,resample_linear,original_glrlm_RunEntropy,glrlm,RunEntropy,5.247688579276874,5.247688579276874,0.0,0.0,False,5.247688579276874,,,,
moderate_z3,resample_linear,original_glrlm_RunLengthNonUniformity,glrlm,RunLengthNonUniformity,4943.74285847493,4943.74285847493,0.0,0.0,False,4943.74285847493,,,,
moderate_z3,resample_linear,original_glrlm_RunLengthNonUniformityNormalized,glrlm,RunLengthNonUniformityNormalized,0.2918733254400779,0.2918733254400779,0.0,0.0,False,0.2918733254400779,,,,
moderate_z3,resample_linear,original_glrlm_RunPercentage,glrlm,RunPercentage,0.4289701721666095,0.4289701721666095,0.0,0.0,False,0.4289701721666095,,,,
moderate_z3,resample_linear,original_glrlm_RunVariance,glrlm,RunVariance,4.89887858259234,4.89887858259234,0.0,0.0,False,4.89887858259234,,,,
moderate_z3,resample_linear,original_glrlm_ShortRunEmphasis,glrlm,ShortRunEmphasis,0.5205113969109971,0.5205113969109971,0.0,0.0,False,0.5205113969109971,,,,
moderate_z3,resample_linear,original_glrlm_ShortRunHighGrayLevelEmphasis,glrlm,ShortRunHighGrayLevelEmphasis,27.70838972287673,27.70838972287673,0.0,0.0,False,27.70838972287673,,,,
moderate_z3,resample_linear,original_glrlm_ShortRunLowGrayLevelEmphasis,glrlm,ShortRunLowGrayLevelEmphasis,0.0156897826228086,0.0156897826228086,0.0,0.0,False,0.0156897826228086,,,,
moderate_z3,resample_linear,original_glszm_GrayLevelNonUniformity,glszm,GrayLevelNonUniformity,24.333333333333332,24.333333333333332,0.0,0.0,False,24.333333333333332,,,,
moderate_z3,resample_linear,original_glszm_GrayLevelNonUniformityNormalized,glszm,GrayLevelNonUniformityNormalized,0.119281045751634,0.119281045751634,0.0,0.0,False,0.119281045751634,,,,
moderate_z3,resample_linear,original_glszm_GrayLevelVariance,glszm,GrayLevelVariance,7.055050941945407,7.055050941945407,0.0,0.0,False,7.055050941945407,,,,
moderate_z3,resample_linear,original_glszm_HighGrayLevelZoneEmphasis,glszm,HighGrayLevelZoneEmphasis,41.94607843137255,41.94607843137255,0.0,0.0,False,41.94607843137255,,,,
moderate_z3,resample_linear,original_glszm_LargeAreaEmphasis,glszm,LargeAreaEmphasis,883441.4215686275,883441.4215686275,0.0,0.0,False,883441.4215686275,,,,
moderate_z3,resample_linear,original_glszm_LargeAreaHighGrayLevelEmphasis,glszm,LargeAreaHighGrayLevelEmphasis,52352520.97058824,52352520.97058824,0.0,0.0,False,52352520.97058824,,,,
moderate_z3,resample_linear,original_glszm_LargeAreaLowGrayLevelEmphasis,glszm,LargeAreaLowGrayLevelEmphasis,16839.684169338612,16839.684169338612,0.0,0.0,False,16839.684169338612,,,,
moderate_z3,resample_linear,original_glszm_LowGrayLevelZoneEmphasis,glszm,LowGrayLevelZoneEmphasis,0.0573533852692694,0.0573533852692694,0.0,0.0,False,0.0573533852692694,,,,
moderate_z3,resample_linear,original_glszm_SizeZoneNonUniformity,glszm,SizeZoneNonUniformity,47.627450980392155,47.627450980392155,0.0,0.0,False,47.627450980392155,,,,
moderate_z3,resample_linear,original_glszm_SizeZoneNonUniformityNormalized,glszm,SizeZoneNonUniformityNormalized,0.2334678969627066,0.2334678969627066,0.0,0.0,False,0.2334678969627066,,,,
moderate_z3,resample_linear,original_glszm_SmallAreaEmphasis,glszm,SmallAreaEmphasis,0.4918651706367509,0.4918651706367509,0.0,0.0,False,0.4918651706367509,,,,
moderate_z3,resample_linear,original_glszm_SmallAreaHighGrayLevelEmphasis,glszm,SmallAreaHighGrayLevelEmphasis,23.147931069405832,23.147931069405832,0.0,0.0,False,23.147931069405832,,,,
moderate_z3,resample_linear,original_glszm_SmallAreaLowGrayLevelEmphasis,glszm,SmallAreaLowGrayLevelEmphasis,0.0266516727601511,0.0266516727601511,0.0,0.0,False,0.0266516727601511,,,,
moderate_z3,resample_linear,original_glszm_ZoneEntropy,glszm,ZoneEntropy,5.6836293741001835,5.6836293741001835,0.0,0.0,False,5.6836293741001835,,,,
moderate_z3,resample_linear,original_glszm_ZonePercentage,glszm,ZonePercentage,0.0056077849249546,0.0056077849249546,0.0,0.0,False,0.0056077849249546,,,,
moderate_z3,resample_linear,original_glszm_ZoneVariance,glszm,ZoneVariance,851642.1404267589,851642.1404267589,0.0,0.0,False,851642.1404267589,,,,
moderate_z3,resample_linear,original_ngtdm_Busyness,ngtdm,Busyness,22.622523807218396,22.622523807218396,0.0,0.0,False,22.622523807218396,,,,
moderate_z3,resample_linear,original_ngtdm_Coarseness,ngtdm,Coarseness,0.0004775502202967,0.0004775502202967,0.0,0.0,False,0.0004775502202967,,,,
moderate_z3,resample_linear,original_ngtdm_Complexity,ngtdm,Complexity,25.481204000896543,25.481204000896543,0.0,0.0,False,25.481204000896543,,,,
moderate_z3,resample_linear,original_ngtdm_Contrast,ngtdm,Contrast,0.0227047021556488,0.0227047021556488,0.0,0.0,False,0.0227047021556488,,,,
moderate_z3,resample_linear,original_ngtdm_Strength,ngtdm,Strength,0.0246685671786095,0.0246685671786095,0.0,0.0,False,0.0246685671786095,,,,
moderate_z3,resample_nearest,original_glcm_Autocorrelation,glcm,Autocorrelation,58.915718745105465,35.01355361228865,23.902165132816812,0.4057009851008994,True,58.915718745105465,,,35.01355361228865,
moderate_z3,resample_nearest,original_glcm_ClusterProminence,glcm,ClusterProminence,376.3636461526285,360.3809909535497,15.982655199078806,0.04246599097033215,True,376.3636461526285,,,360.3809909535497,
moderate_z3,resample_nearest,original_glcm_ClusterShade,glcm,ClusterShade,-1.4416153040918256,0.3577655934234817,1.7993808975153072,1.2481699468700238,True,-1.4416153040918256,,,0.3577655934234817,
moderate_z3,resample_nearest,original_glcm_ClusterTendency,glcm,ClusterTendency,12.001244575964815,11.878739808738729,0.12250476722608639,0.01020767191691349,True,12.001244575964815,,,11.878739808738729,
moderate_z3,resample_nearest,original_glcm_Contrast,glcm,Contrast,0.878383342396847,0.6203379442189056,0.25804539817794137,0.2937731007896987,True,0.878383342396847,,,0.6203379442189056,
moderate_z3,resample_nearest,original_glcm_Correlation,glcm,Correlation,0.8615658574083919,0.9006874956659352,0.039121638257543334,0.04343530741327572,True,0.8615658574083919,,,0.9006874956659352,
moderate_z3,resample_nearest,original_glcm_DifferenceAverage,glcm,DifferenceAverage,0.5063672440748755,0.4194894344032194,0.08687780967165615,0.17157075361456378,True,0.5063672440748755,,,0.4194894344032194,
moderate_z3,resample_nearest,original_glcm_DifferenceEntropy,glcm,DifferenceEntropy,1.2384521409868532,1.14792293442726,0.09052920655959329,0.07309867177221369,True,1.2384521409868532,,,1.14792293442726,
moderate_z3,resample_nearest,original_glcm_DifferenceVariance,glcm,DifferenceVariance,0.589087877016079,0.4283800979611037,0.1607077790549753,0.2728078192153814,True,0.589087877016079,,,0.4283800979611037,
moderate_z3,resample_nearest,original_glcm_Id,glcm,Id,0.7897723882291676,0.822354566199323,0.03258217797015539,0.039620595919763024,True,0.7897723882291676,,,0.822354566199323,
moderate_z3,resample_nearest,original_glcm_Idm,glcm,Idm,0.7817114143255084,0.8103401337799588,0.028628719454450446,0.03532926268986245,True,0.7817114143255084,,,0.8103401337799588,
moderate_z3,resample_nearest,original_glcm_Idmn,glcm,Idmn,0.9941995615091388,0.9939898934655844,0.00020966804355437851,0.0002108913056007732,True,0.9941995615091388,,,0.9939898934655844,
moderate_z3,resample_nearest,original_glcm_Idn,glcm,Idn,0.9629048577753704,0.963366939174278,0.0004620813989075767,0.00047965253956466097,True,0.9629048577753704,,,0.963366939174278,
moderate_z3,resample_nearest,original_glcm_Imc1,glcm,Imc1,-0.4739496169861142,-0.5016839938060466,0.02773437681993235,0.05528256265368234,True,-0.4739496169861142,,,-0.5016839938060466,
moderate_z3,resample_nearest,original_glcm_Imc2,glcm,Imc2,0.9591938520777886,0.9652395347794313,0.0060456827016426296,0.006263401449904495,True,0.9591938520777886,,,0.9652395347794313,
moderate_z3,resample_nearest,original_glcm_InverseVariance,glcm,InverseVariance,0.344552389183765,0.2567375216451895,0.08781486753857554,0.25486651753193906,True,0.344552389183765,,,0.2567375216451895,
moderate_z3,resample_nearest,original_glcm_JointAverage,glcm,JointAverage,7.492195495708346,5.6744094984649855,1.8177859972433605,0.24262394091086098,True,7.492195495708346,,,5.6744094984649855,
moderate_z3,resample_nearest,original_glcm_JointEnergy,glcm,JointEnergy,0.0704158730749568,0.0789587777265358,0.008542904651579003,0.10819448954955106,True,0.0704158730749568,,,0.0789587777265358,
moderate_z3,resample_nearest,original_glcm_JointEntropy,glcm,JointEntropy,4.391933294060699,4.273123448194235,0.11880984586646459,0.027051832965480957,True,4.391933294060699,,,4.273123448194235,
moderate_z3,resample_nearest,original_glcm_MCC,glcm,MCC,0.8829771738595652,0.9029555799409964,0.0199784060814312,0.022125569103561758,True,0.8829771738595652,,,0.9029555799409964,
moderate_z3,resample_nearest,original_glcm_MaximumProbability,glcm,MaximumProbability,0.1327060381051045,0.1560533966977057,0.023347358592601203,0.14961134513353694,True,0.1327060381051045,,,0.1560533966977057,
moderate_z3,resample_nearest,original_glcm_SumAverage,glcm,SumAverage,14.984390991416692,11.348818996929973,3.6355719944867193,0.24262394091086087,True,14.984390991416692,,,11.348818996929973,
moderate_z3,resample_nearest,original_glcm_SumEntropy,glcm,SumEntropy,3.735644460765079,3.5886133188569582,0.14703114190812094,0.03935897632988558,True,3.735644460765079,,,3.5886133188569582,
moderate_z3,resample_nearest,original_glcm_SumSquares,glcm,SumSquares,3.2199069795904167,3.1247694382394084,0.09513754135100827,0.0295466738492893,True,3.2199069795904167,,,3.1247694382394084,
moderate_z3,resample_nearest,original_gldm_DependenceEntropy,gldm,DependenceEntropy,7.2215104250120605,6.799402987503875,0.4221074375081857,0.05845140596158327,True,7.2215104250120605,,,6.799402987503875,
moderate_z3,resample_nearest,original_gldm_DependenceNonUniformity,gldm,DependenceNonUniformity,1940.8157677717304,3022.369893891913,1081.5541261201824,0.357849688850448,True,1940.8157677717304,,,3022.369893891913,
moderate_z3,resample_nearest,original_gldm_DependenceNonUniformityNormalized,gldm,DependenceNonUniformityNormalized,0.053351359826591,0.0830823545519795,0.029730994725388503,0.35784968885044843,True,0.053351359826591,,,0.0830823545519795,
moderate_z3,resample_nearest,original_gldm_DependenceVariance,gldm,DependenceVariance,32.97234391030091,36.93834474911796,3.9660008388170525,0.10736812560914104,True,32.97234391030091,,,36.93834474911796,
moderate_z3,resample_nearest,original_gldm_GrayLevelNonUniformity,gldm,GrayLevelNonUniformity,5400.429765242729,5614.625432953983,214.19566771125392,0.03814959168140993,True,5400.429765242729,,,5614.625432953983,
moderate_z3,resample_nearest,original_gldm_GrayLevelVariance,gldm,GrayLevelVariance,3.458788798216886,3.193851224412078,0.2649375738048083,0.0765983670183597,True,3.458788798216886,,,3.193851224412078,
moderate_z3,resample_nearest,original_gldm_HighGrayLevelEmphasis,gldm,HighGrayLevelEmphasis,58.335532464676454,35.28814118423223,23.047391280444224,0.3950832418372107,True,58.335532464676454,,,35.28814118423223,
moderate_z3,resample_nearest,original_gldm_LargeDependenceEmphasis,gldm,LargeDependenceEmphasis,284.09263840782893,343.6147121886855,59.522073780856545,0.17322329827417815,True,284.09263840782893,,,343.6147121886855,
moderate_z3,resample_nearest,original_gldm_LargeDependenceHighGrayLevelEmphasis,gldm,LargeDependenceHighGrayLevelEmphasis,17272.88460058277,12214.966903073286,5057.917697509483,0.2928241468908346,True,17272.88460058277,,,12214.966903073286,
moderate_z3,resample_nearest,original_gldm_LargeDependenceLowGrayLevelEmphasis,gldm,LargeDependenceLowGrayLevelEmphasis,5.900733085088391,16.059810263683172,10.159077178594782,0.6325776588760824,True,5.900733085088391,,,16.059810263683172,
moderate_z3,resample_nearest,original_gldm_LowGrayLevelEmphasis,gldm,LowGrayLevelEmphasis,0.0236256540654376,0.0509695439658383,0.027343889900400698,0.5364750745803729,True,0.0236256540654376,,,0.0509695439658383,
moderate_z3,resample_nearest,original_gldm_SmallDependenceEmphasis,gldm,SmallDependenceEmphasis,0.0106852807337904,0.007052284133075,0.0036329966007154005,0.34000010773948697,True,0.0106852807337904,,,0.007052284133075,
moderate_z3,resample_nearest,original_gldm_SmallDependenceHighGrayLevelEmphasis,gldm,SmallDependenceHighGrayLevelEmphasis,0.5303406463475764,0.2511959188317118,0.2791447275158646,0.5263498648242734,True,0.5303406463475764,,,0.2511959188317118,
moderate_z3,resample_nearest,original_gldm_SmallDependenceLowGrayLevelEmphasis,gldm,SmallDependenceLowGrayLevelEmphasis,0.0004285324404131,0.0004321981167118,3.6656762987000114e-06,0.00848147216972806,True,0.0004285324404131,,,0.0004321981167118,
moderate_z3,resample_nearest,original_glrlm_GrayLevelNonUniformity,glrlm,GrayLevelNonUniformity,2160.3608376402194,1978.0170312826112,182.34380635760817,0.08440432874944348,True,2160.3608376402194,,,1978.0170312826112,
moderate_z3,resample_nearest,original_glrlm_GrayLevelNonUniformityNormalized,glrlm,GrayLevelNonUniformityNormalized,0.1389997668310841,0.1489834108289359,0.009983643997851815,0.06701178300525772,True,0.1389997668310841,,,0.1489834108289359,
moderate_z3,resample_nearest,original_glrlm_GrayLevelVariance,glrlm,GrayLevelVariance,3.899290908191833,3.406111705239234,0.4931792029525992,0.12647920213300903,True,3.899290908191833,,,3.406111705239234,
moderate_z3,resample_nearest,original_glrlm_HighGrayLevelRunEmphasis,glrlm,HighGrayLevelRunEmphasis,56.35889441425324,35.08185281700987,21.277041597243375,0.37752766122151576,True,56.35889441425324,,,35.08185281700987,
moderate_z3,resample_nearest,original_glrlm_LongRunEmphasis,glrlm,LongRunEmphasis,12.528307406796133,13.450356072764182,0.9220486659680489,0.0685519893287523,True,12.528307406796133,,,13.450356072764182,
moderate_z3,resample_nearest,original_glrlm_LongRunHighGrayLevelEmphasis,glrlm,LongRunHighGrayLevelEmphasis,733.6106585500095,479.89360553284854,253.71705301716094,0.3458470103455637,True,733.6106585500095,,,479.89360553284854,
moderate_z3,resample_nearest,original_glrlm_LongRunLowGrayLevelEmphasis,glrlm,LongRunLowGrayLevelEmphasis,0.2852571345226936,0.6265616827157836,0.34130454819309003,0.5447261739877415,True,0.2852571345226936,,,0.6265616827157836,
moderate_z3,resample_nearest,original_glrlm_LowGrayLevelRunEmphasis,glrlm,LowGrayLevelRunEmphasis,0.0261909810740191,0.0557045068237138,0.0295135257496947,0.529822943107551,True,0.0261909810740191,,,0.0557045068237138,
moderate_z3,resample_nearest,original_glrlm_RunEntropy,glrlm,RunEntropy,5.247688579276874,5.234586414538915,0.013102164737958333,0.0024967496717886025,True,5.247688579276874,,,5.234586414538915,
moderate_z3,resample_nearest,original_glrlm_RunLengthNonUniformity,glrlm,RunLengthNonUniformity,4943.74285847493,3273.5647619560605,1670.178096518869,0.33783676544902136,True,4943.74285847493,,,3273.5647619560605,
moderate_z3,resample_nearest,original_glrlm_RunLengthNonUniformityNormalized,glrlm,RunLengthNonUniformityNormalized,0.2918733254400779,0.2470311326593294,0.04484219278074847,0.1536358031798101,True,0.2918733254400779,,,0.2470311326593294,
moderate_z3,resample_nearest,original_glrlm_RunPercentage,glrlm,RunPercentage,0.4289701721666095,0.3649162426995183,0.06405392946709121,0.14932024094722615,True,0.4289701721666095,,,0.3649162426995183,
moderate_z3,resample_nearest,original_glrlm_RunVariance,glrlm,RunVariance,4.89887858259234,4.34982238812889,0.54905619446345,0.11207793481848367,True,4.89887858259234,,,4.34982238812889,
moderate_z3,resample_nearest,original_glrlm_ShortRunEmphasis,glrlm,ShortRunEmphasis,0.5205113969109971,0.4031919544329083,0.11731944247808884,0.22539264879564094,True,0.5205113969109971,,,0.4031919544329083,
moderate_z3,resample_nearest,original_glrlm_ShortRunHighGrayLevelEmphasis,glrlm,ShortRunHighGrayLevelEmphasis,27.70838972287673,14.169691434063642,13.53869828881309,0.4886136807017409,True,27.70838972287673,,,14.169691434063642,
moderate_z3,resample_nearest,original_glrlm_ShortRunLowGrayLevelEmphasis,glrlm,ShortRunLowGrayLevelEmphasis,0.0156897826228086,0.0247232344817111,0.009033451858902499,0.3653830919892361,True,0.0156897826228086,,,0.0247232344817111,
moderate_z3,resample_nearest,original_glszm_GrayLevelNonUniformity,glszm,GrayLevelNonUniformity,24.333333333333332,16.81679389312977,7.516539440203562,0.308898881104256,True,24.333333333333332,,,16.81679389312977,
moderate_z3,resample_nearest,original_glszm_GrayLevelNonUniformityNormalized,glszm,GrayLevelNonUniformityNormalized,0.119281045751634,0.1283724724666394,0.009091426715005416,0.07082068717939538,True,0.119281045751634,,,0.1283724724666394,
moderate_z3,resample_nearest,original_glszm_GrayLevelVariance,glszm,GrayLevelVariance,7.055050941945407,5.749198764640755,1.3058521773046516,0.18509464893311844,True,7.055050941945407,,,5.749198764640755,
moderate_z3,resample_nearest,original_glszm_HighGrayLevelZoneEmphasis,glszm,HighGrayLevelZoneEmphasis,41.94607843137255,37.229007633587784,4.717070797784764,0.11245558522240176,True,41.94607843137255,,,37.229007633587784,
moderate_z3,resample_nearest,original_glszm_LargeAreaEmphasis,glszm,LargeAreaEmphasis,883441.4215686275,567020.748091603,316420.6734770244,0.35816825626671644,True,883441.4215686275,,,567020.748091603,
moderate_z3,resample_nearest,original_glszm_LargeAreaHighGrayLevelEmphasis,glszm,LargeAreaHighGrayLevelEmphasis,52352520.97058824,18659049.938931298,33693471.031656936,0.6435883202374534,True,52352520.97058824,,,18659049.938931298,
moderate_z3,resample_nearest,original_glszm_LargeAreaLowGrayLevelEmphasis,glszm,LargeAreaLowGrayLevelEmphasis,16839.684169338612,21602.09040588055,4762.406236541938,0.2204604344793182,True,16839.684169338612,,,21602.09040588055,
moderate_z3,resample_nearest,original_glszm_LowGrayLevelZoneEmphasis,glszm,LowGrayLevelZoneEmphasis,0.0573533852692694,0.0971847875423847,0.0398314022731153,0.40985223387707503,True,0.0573533852692694,,,0.0971847875423847,
moderate_z3,resample_nearest,original_glszm_SizeZoneNonUniformity,glszm,SizeZoneNonUniformity,47.627450980392155,21.748091603053435,25.87935937733872,0.5433706579844688,True,47.627450980392155,,,21.748091603053435,
moderate_z3,resample_nearest,original_glszm_SizeZoneNonUniformityNormalized,glszm,SizeZoneNonUniformityNormalized,0.2334678969627066,0.1660159664355224,0.06745193052718418,0.2889130857162719,True,0.2334678969627066,,,0.1660159664355224,
moderate_z3,resample_nearest,original_glszm_SmallAreaEmphasis,glszm,SmallAreaEmphasis,0.4918651706367509,0.0457891122537442,0.4460760583830067,0.9069071871983387,True,0.4918651706367509,,,0.0457891122537442,
moderate_z3,resample_nearest,original_glszm_SmallAreaHighGrayLevelEmphasis,glszm,SmallAreaHighGrayLevelEmphasis,23.147931069405832,1.7630817489094777,21.384849320496354,0.9238341541789146,True,23.147931069405832,,,1.7630817489094777,
moderate_z3,resample_nearest,original_glszm_SmallAreaLowGrayLevelEmphasis,glszm,SmallAreaLowGrayLevelEmphasis,0.0266516727601511,0.0042203454946992,0.022431327265451897,0.8416480071371222,True,0.0266516727601511,,,0.0042203454946992,
moderate_z3,resample_nearest,original_glszm_ZoneEntropy,glszm,ZoneEntropy,5.6836293741001835,5.801185001517869,0.11755562741768522,0.02026407145900829,True,5.6836293741001835,,,5.801185001517869,
moderate_z3,resample_nearest,original_glszm_ZonePercentage,glszm,ZonePercentage,0.0056077849249546,0.0036010775743581,0.0020067073505965,0.35784313725490213,True,0.0056077849249546,,,0.0036010775743581,
moderate_z3,resample_nearest,original_glszm_ZoneVariance,glszm,ZoneVariance,851642.1404267589,489906.4258493095,361735.7145774494,0.42475084006080677,True,851642.1404267589,,,489906.4258493095,
moderate_z3,resample_nearest,original_ngtdm_Busyness,ngtdm,Busyness,22.622523807218396,38.96929559566127,16.346771788442876,0.4194782466189324,True,22.622523807218396,,,38.96929559566127,
moderate_z3,resample_nearest,original_ngtdm_Coarseness,ngtdm,Coarseness,0.0004775502202967,0.0005071319610281,2.9581740731399924e-05,0.0583314462599229,True,0.0004775502202967,,,0.0005071319610281,
moderate_z3,resample_nearest,original_ngtdm_Complexity,ngtdm,Complexity,25.481204000896543,13.977244127429287,11.503959873467256,0.45146845781158906,True,25.481204000896543,,,13.977244127429287,
moderate_z3,resample_nearest,original_ngtdm_Contrast,ngtdm,Contrast,0.0227047021556488,0.0255594785468289,0.002854776391180102,0.11169149581630596,True,0.0227047021556488,,,0.0255594785468289,
moderate_z3,resample_nearest,original_ngtdm_Strength,ngtdm,Strength,0.0246685671786095,0.0175124859515878,0.007156081227021702,0.29008905037771515,True,0.0246685671786095,,,0.0175124859515878,
moderate_z3,voxel_spacing_aware,original_glcm_Autocorrelation,glcm,Autocorrelation,58.915718745105465,34.74398626181157,24.171732483293894,0.4102764592904505,True,58.915718745105465,,,,34.74398626181157
moderate_z3,voxel_spacing_aware,original_glcm_ClusterProminence,glcm,ClusterProminence,376.3636461526285,328.5988366830746,47.76480946955394,0.12691132620758927,True,376.3636461526285,,,,328.5988366830746
moderate_z3,voxel_spacing_aware,original_glcm_ClusterShade,glcm,ClusterShade,-1.4416153040918256,0.4542942654109194,1.895909569502745,1.3151286366907093,True,-1.4416153040918256,,,,0.4542942654109194
moderate_z3,voxel_spacing_aware,original_glcm_ClusterTendency,glcm,ClusterTendency,12.001244575964815,11.317900139463354,0.6833444365014607,0.05693946425106703,True,12.001244575964815,,,,11.317900139463354
moderate_z3,voxel_spacing_aware,original_glcm_Contrast,glcm,Contrast,0.878383342396847,1.16792739692491,0.289544054528063,0.24791271725487124,True,0.878383342396847,,,,1.16792739692491
moderate_z3,voxel_spacing_aware,original_glcm_Correlation,glcm,Correlation,0.8615658574083919,0.8129723909433494,0.04859346646504248,0.05640133722477425,True,0.8615658574083919,,,,0.8129723909433494
moderate_z3,voxel_spacing_aware,original_glcm_DifferenceAverage,glcm,DifferenceAverage,0.5063672440748755,0.6876541227857468,0.18128687871087124,0.26363090499110553,True,0.5063672440748755,,,,0.6876541227857468
moderate_z3,voxel_spacing_aware,original_glcm_DifferenceEntropy,glcm,DifferenceEntropy,1.2384521409868532,1.2597128225869818,0.021260681600128617,0.01687740349936828,True,1.2384521409868532,,,,1.2597128225869818
moderate_z3,voxel_spacing_aware,original_glcm_DifferenceVariance,glcm,DifferenceVariance,0.589087877016079,0.5119734232864885,0.07711445372959047,0.13090483905423445,True,0.589087877016079,,,,0.5119734232864885
moderate_z3,voxel_spacing_aware,original_glcm_Id,glcm,Id,0.7897723882291676,0.7328340227161005,0.05693836551306708,0.07209465203099165,True,0.7897723882291676,,,,0.7328340227161005
moderate_z3,voxel_spacing_aware,original_glcm_Idm,glcm,Idm,0.7817114143255084,0.7042002660210429,0.07751114830446548,0.0991557074439615,True,0.7817114143255084,,,,0.7042002660210429
moderate_z3,voxel_spacing_aware,original_glcm_Idmn,glcm,Idmn,0.9941995615091388,0.988752840887214,0.00544672062192475,0.005478498314419829,True,0.9941995615091388,,,,0.988752840887214
moderate_z3,voxel_spacing_aware,original_glcm_Idn,glcm,Idn,0.9629048577753704,0.9410770876056476,0.021827770169722815,0.02266866761909604,True,0.9629048577753704,,,,0.9410770876056476
moderate_z3,voxel_spacing_aware,original_glcm_Imc1,glcm,Imc1,-0.4739496169861142,-0.4281167495278447,0.04583286745826953,0.09670409219807924,True,-0.4739496169861142,,,,-0.4281167495278447
moderate_z3,voxel_spacing_aware,original_glcm_Imc2,glcm,Imc2,0.9591938520777886,0.9167983746629752,0.04239547741481342,0.044199071254446734,True,0.9591938520777886,,,,0.9167983746629752
moderate_z3,voxel_spacing_aware,original_glcm_InverseVariance,glcm,InverseVariance,0.344552389183765,0.2993793672890201,0.045173021894744925,0.1311063957552538,True,0.344552389183765,,,,0.2993793672890201
moderate_z3,voxel_spacing_aware,original_glcm_JointAverage,glcm,JointAverage,7.492195495708346,5.6750743906051175,1.8171211051032286,0.2425351962777941,True,7.492195495708346,,,,5.6750743906051175
moderate_z3,voxel_spacing_aware,original_glcm_JointEnergy,glcm,JointEnergy,0.0704158730749568,0.0655015643146917,0.004914308760265093,0.06978978667258552,True,0.0704158730749568,,,,0.0655015643146917
moderate_z3,voxel_spacing_aware,original_glcm_JointEntropy,glcm,JointEntropy,4.391933294060699,4.482282144736983,0.09034885067628373,0.02015688610373842,True,4.391933294060699,,,,4.482282144736983
moderate_z3,voxel_spacing_aware,original_glcm_MCC,glcm,MCC,0.8829771738595652,0.8161590963602003,0.06681807749936486,0.07567361816081564,True,0.8829771738595652,,,,0.8161590963602003
moderate_z3,voxel_spacing_aware,original_glcm_MaximumProbability,glcm,MaximumProbability,0.1327060381051045,0.1247714078826162,0.007934630222488304,0.05979102636011179,True,0.1327060381051045,,,,0.1247714078826162
moderate_z3,voxel_spacing_aware,original_glcm_SumAverage,glcm,SumAverage,14.984390991416692,11.350148781210237,3.6342422102064553,0.242535196277794,True,14.984390991416692,,,,11.350148781210237
moderate_z3,voxel_spacing_aware,original_glcm_SumEntropy,glcm,SumEntropy,3.735644460765079,3.597234429304922,0.13841003146015707,0.03705117896359173,True,3.735644460765079,,,,3.597234429304922
moderate_z3,voxel_spacing_aware,original_glcm_SumSquares,glcm,SumSquares,3.2199069795904167,3.1214568840970656,0.09845009549335115,0.030575447091292788,True,3.2199069795904167,,,,3.1214568840970656
moderate_z3,voxel_spacing_aware,original_gldm_DependenceEntropy,gldm,DependenceEntropy,7.2215104250120605,6.799402987503875,0.4221074375081857,0.05845140596158327,True,7.2215104250120605,,,,6.799402987503875
moderate_z3,voxel_spacing_aware,original_gldm_DependenceNonUniformity,gldm,DependenceNonUniformity,1940.8157677717304,3022.369893891913,1081.5541261201824,0.357849688850448,True,1940.8157677717304,,,,3022.369893891913
moderate_z3,voxel_spacing_aware,original_gldm_DependenceNonUniformityNormalized,gldm,DependenceNonUniformityNormalized,0.053351359826591,0.0830823545519795,0.029730994725388503,0.35784968885044843,True,0.053351359826591,,,,0.0830823545519795
moderate_z3,voxel_spacing_aware,original_gldm_DependenceVariance,gldm,DependenceVariance,32.97234391030091,36.93834474911796,3.9660008388170525,0.10736812560914104,True,32.97234391030091,,,,36.93834474911796
moderate_z3,voxel_spacing_aware,original_gldm_GrayLevelNonUniformity,gldm,GrayLevelNonUniformity,5400.429765242729,5614.625432953983,214.19566771125392,0.03814959168140993,True,5400.429765242729,,,,5614.625432953983
moderate_z3,voxel_spacing_aware,original_gldm_GrayLevelVariance,gldm,GrayLevelVariance,3.458788798216886,3.193851224412078,0.2649375738048083,0.0765983670183597,True,3.458788798216886,,,,3.193851224412078
moderate_z3,voxel_spacing_aware,original_gldm_HighGrayLevelEmphasis,gldm,HighGrayLevelEmphasis,58.335532464676454,35.28814118423223,23.047391280444224,0.3950832418372107,True,58.335532464676454,,,,35.28814118423223
moderate_z3,voxel_spacing_aware,original_gldm_LargeDependenceEmphasis,gldm,LargeDependenceEmphasis,284.09263840782893,343.6147121886855,59.522073780856545,0.17322329827417815,True,284.09263840782893,,,,343.6147121886855
moderate_z3,voxel_spacing_aware,original_gldm_LargeDependenceHighGrayLevelEmphasis,gldm,LargeDependenceHighGrayLevelEmphasis,17272.88460058277,12214.966903073286,5057.917697509483,0.2928241468908346,True,17272.88460058277,,,,12214.966903073286
moderate_z3,voxel_spacing_aware,original_gldm_LargeDependenceLowGrayLevelEmphasis,gldm,LargeDependenceLowGrayLevelEmphasis,5.900733085088391,16.059810263683172,10.159077178594782,0.6325776588760824,True,5.900733085088391,,,,16.059810263683172
moderate_z3,voxel_spacing_aware,original_gldm_LowGrayLevelEmphasis,gldm,LowGrayLevelEmphasis,0.0236256540654376,0.0509695439658383,0.027343889900400698,0.5364750745803729,True,0.0236256540654376,,,,0.0509695439658383
moderate_z3,voxel_spacing_aware,original_gldm_SmallDependenceEmphasis,gldm,SmallDependenceEmphasis,0.0106852807337904,0.007052284133075,0.0036329966007154005,0.34000010773948697,True,0.0106852807337904,,,,0.007052284133075
moderate_z3,voxel_spacing_aware,original_gldm_SmallDependenceHighGrayLevelEmphasis,gldm,SmallDependenceHighGrayLevelEmphasis,0.5303406463475764,0.2511959188317118,0.2791447275158646,0.5263498648242734,True,0.5303406463475764,,,,0.2511959188317118
moderate_z3,voxel_spacing_aware,original_gldm_SmallDependenceLowGrayLevelEmphasis,gldm,SmallDependenceLowGrayLevelEmphasis,0.0004285324404131,0.0004321981167118,3.6656762987000114e-06,0.00848147216972806,True,0.0004285324404131,,,,0.0004321981167118
moderate_z3,voxel_spacing_aware,original_glrlm_GrayLevelNonUniformity,glrlm,GrayLevelNonUniformity,2160.3608376402194,1978.0170312826112,182.34380635760817,0.08440432874944348,True,2160.3608376402194,,,,1978.0170312826112
moderate_z3,voxel_spacing_aware,original_glrlm_GrayLevelNonUniformityNormalized,glrlm,GrayLevelNonUniformityNormalized,0.1389997668310841,0.1489834108289359,0.009983643997851815,0.06701178300525772,True,0.1389997668310841,,,,0.1489834108289359
moderate_z3,voxel_spacing_aware,original_glrlm_GrayLevelVariance,glrlm,GrayLevelVariance,3.899290908191833,3.406111705239234,0.4931792029525992,0.12647920213300903,True,3.899290908191833,,,,3.406111705239234
moderate_z3,voxel_spacing_aware,original_glrlm_HighGrayLevelRunEmphasis,glrlm,HighGrayLevelRunEmphasis,56.35889441425324,35.08185281700987,21.277041597243375,0.37752766122151576,True,56.35889441425324,,,,35.08185281700987
moderate_z3,voxel_spacing_aware,original_glrlm_LongRunEmphasis,glrlm,LongRunEmphasis,12.528307406796133,13.450356072764182,0.9220486659680489,0.0685519893287523,True,12.528307406796133,,,,13.450356072764182
moderate_z3,voxel_spacing_aware,original_glrlm_LongRunHighGrayLevelEmphasis,glrlm,LongRunHighGrayLevelEmphasis,733.6106585500095,479.89360553284854,253.71705301716094,0.3458470103455637,True,733.6106585500095,,,,479.89360553284854
moderate_z3,voxel_spacing_aware,original_glrlm_LongRunLowGrayLevelEmphasis,glrlm,LongRunLowGrayLevelEmphasis,0.2852571345226936,0.6265616827157836,0.34130454819309003,0.5447261739877415,True,0.2852571345226936,,,,0.6265616827157836
moderate_z3,voxel_spacing_aware,original_glrlm_LowGrayLevelRunEmphasis,glrlm,LowGrayLevelRunEmphasis,0.0261909810740191,0.0557045068237138,0.0295135257496947,0.529822943107551,True,0.0261909810740191,,,,0.0557045068237138
moderate_z3,voxel_spacing_aware,original_glrlm_RunEntropy,glrlm,RunEntropy,5.247688579276874,5.234586414538915,0.013102164737958333,0.0024967496717886025,True,5.247688579276874,,,,5.234586414538915
moderate_z3,voxel_spacing_aware,original_glrlm_RunLengthNonUniformity,glrlm,RunLengthNonUniformity,4943.74285847493,3273.5647619560605,1670.178096518869,0.33783676544902136,True,4943.74285847493,,,,3273.5647619560605
moderate_z3,voxel_spacing_aware,original_glrlm_RunLengthNonUniformityNormalized,glrlm,RunLengthNonUniformityNormalized,0.2918733254400779,0.2470311326593294,0.04484219278074847,0.1536358031798101,True,0.2918733254400779,,,,0.2470311326593294
moderate_z3,voxel_spacing_aware,original_glrlm_RunPercentage,glrlm,RunPercentage,0.4289701721666095,0.3649162426995183,0.06405392946709121,0.14932024094722615,True,0.4289701721666095,,,,0.3649162426995183
moderate_z3,voxel_spacing_aware,original_glrlm_RunVariance,glrlm,RunVariance,4.89887858259234,4.34982238812889,0.54905619446345,0.11207793481848367,True,4.89887858259234,,,,4.34982238812889
moderate_z3,voxel_spacing_aware,original_glrlm_ShortRunEmphasis,glrlm,ShortRunEmphasis,0.5205113969109971,0.4031919544329083,0.11731944247808884,0.22539264879564094,True,0.5205113969109971,,,,0.4031919544329083
moderate_z3,voxel_spacing_aware,original_glrlm_ShortRunHighGrayLevelEmphasis,glrlm,ShortRunHighGrayLevelEmphasis,27.70838972287673,14.169691434063642,13.53869828881309,0.4886136807017409,True,27.70838972287673,,,,14.169691434063642
moderate_z3,voxel_spacing_aware,original_glrlm_ShortRunLowGrayLevelEmphasis,glrlm,ShortRunLowGrayLevelEmphasis,0.0156897826228086,0.0247232344817111,0.009033451858902499,0.3653830919892361,True,0.0156897826228086,,,,0.0247232344817111
moderate_z3,voxel_spacing_aware,original_glszm_GrayLevelNonUniformity,glszm,GrayLevelNonUniformity,24.333333333333332,16.81679389312977,7.516539440203562,0.308898881104256,True,24.333333333333332,,,,16.81679389312977
moderate_z3,voxel_spacing_aware,original_glszm_GrayLevelNonUniformityNormalized,glszm,GrayLevelNonUniformityNormalized,0.119281045751634,0.1283724724666394,0.009091426715005416,0.07082068717939538,True,0.119281045751634,,,,0.1283724724666394
moderate_z3,voxel_spacing_aware,original_glszm_GrayLevelVariance,glszm,GrayLevelVariance,7.055050941945407,5.749198764640755,1.3058521773046516,0.18509464893311844,True,7.055050941945407,,,,5.749198764640755
moderate_z3,voxel_spacing_aware,original_glszm_HighGrayLevelZoneEmphasis,glszm,HighGrayLevelZoneEmphasis,41.94607843137255,37.229007633587784,4.717070797784764,0.11245558522240176,True,41.94607843137255,,,,37.229007633587784
moderate_z3,voxel_spacing_aware,original_glszm_LargeAreaEmphasis,glszm,LargeAreaEmphasis,883441.4215686275,567020.748091603,316420.6734770244,0.35816825626671644,True,883441.4215686275,,,,567020.748091603
moderate_z3,voxel_spacing_aware,original_glszm_LargeAreaHighGrayLevelEmphasis,glszm,LargeAreaHighGrayLevelEmphasis,52352520.97058824,18659049.938931298,33693471.031656936,0.6435883202374534,True,52352520.97058824,,,,18659049.938931298
moderate_z3,voxel_spacing_aware,original_glszm_LargeAreaLowGrayLevelEmphasis,glszm,LargeAreaLowGrayLevelEmphasis,16839.684169338612,21602.09040588055,4762.406236541938,0.2204604344793182,True,16839.684169338612,,,,21602.09040588055
moderate_z3,voxel_spacing_aware,original_glszm_LowGrayLevelZoneEmphasis,glszm,LowGrayLevelZoneEmphasis,0.0573533852692694,0.0971847875423847,0.0398314022731153,0.40985223387707503,True,0.0573533852692694,,,,0.0971847875423847
moderate_z3,voxel_spacing_aware,original_glszm_SizeZoneNonUniformity,glszm,SizeZoneNonUniformity,47.627450980392155,21.748091603053435,25.87935937733872,0.5433706579844688,True,47.627450980392155,,,,21.748091603053435
moderate_z3,voxel_spacing_aware,original_glszm_SizeZoneNonUniformityNormalized,glszm,SizeZoneNonUniformityNormalized,0.2334678969627066,0.1660159664355224,0.06745193052718418,0.2889130857162719,True,0.2334678969627066,,,,0.1660159664355224
moderate_z3,voxel_spacing_aware,original_glszm_SmallAreaEmphasis,glszm,SmallAreaEmphasis,0.4918651706367509,0.0457891122537442,0.4460760583830067,0.9069071871983387,True,0.4918651706367509,,,,0.0457891122537442
moderate_z3,voxel_spacing_aware,original_glszm_SmallAreaHighGrayLevelEmphasis,glszm,SmallAreaHighGrayLevelEmphasis,23.147931069405832,1.7630817489094777,21.384849320496354,0.9238341541789146,True,23.147931069405832,,,,1.7630817489094777
moderate_z3,voxel_spacing_aware,original_glszm_SmallAreaLowGrayLevelEmphasis,glszm,SmallAreaLowGrayLevelEmphasis,0.0266516727601511,0.0042203454946992,0.022431327265451897,0.8416480071371222,True,0.0266516727601511,,,,0.0042203454946992
moderate_z3,voxel_spacing_aware,original_glszm_ZoneEntropy,glszm,ZoneEntropy,5.6836293741001835,5.801185001517869,0.11755562741768522,0.02026407145900829,True,5.6836293741001835,,,,5.801185001517869
moderate_z3,voxel_spacing_aware,original_glszm_ZonePercentage,glszm,ZonePercentage,0.0056077849249546,0.0036010775743581,0.0020067073505965,0.35784313725490213,True,0.0056077849249546,,,,0.0036010775743581
moderate_z3,voxel_spacing_aware,original_glszm_ZoneVariance,glszm,ZoneVariance,851642.1404267589,489906.4258493095,361735.7145774494,0.42475084006080677,True,851642.1404267589,,,,489906.4258493095
moderate_z3,voxel_spacing_aware,original_ngtdm_Busyness,ngtdm,Busyness,22.622523807218396,18.54298158401816,4.079542223200235,0.18033099480697792,True,22.622523807218396,,,,18.54298158401816
moderate_z3,voxel_spacing_aware,original_ngtdm_Coarseness,ngtdm,Coarseness,0.0004775502202967,0.0010657711763218,0.0005882209560250999,0.5519204957814433,True,0.0004775502202967,,,,0.0010657711763218
moderate_z3,voxel_spacing_aware,original_ngtdm_Complexity,ngtdm,Complexity,25.481204000896543,20.085661222462505,5.395542778434038,0.2117459904266768,True,25.481204000896543,,,,20.085661222462505
moderate_z3,voxel_spacing_aware,original_ngtdm_Contrast,ngtdm,Contrast,0.0227047021556488,0.0367622819161458,0.014057579760497,0.38239138126850025,True,0.0227047021556488,,,,0.0367622819161458
moderate_z3,voxel_spacing_aware,original_ngtdm_Strength,ngtdm,Strength,0.0246685671786095,0.0365273850520686,0.0118588178734591,0.32465553875687353,True,0.0246685671786095,,,,0.0365273850520686
strong_z5,native_original,original_glcm_Autocorrelation,glcm,Autocorrelation,58.34899050685703,34.58753758495539,23.761452921901636,0.40722988890629136,True,58.34899050685703,34.58753758495539,,,
strong_z5,native_original,original_glcm_ClusterProminence,glcm,ClusterProminence,417.6828272486485,311.3041398881424,106.37868736050609,0.2546877209705784,True,417.6828272486485,311.3041398881424,,,
strong_z5,native_original,original_glcm_ClusterShade,glcm,ClusterShade,-3.9055161384291,0.4655828255547775,4.3710989639838775,1.119211599453804,True,-3.9055161384291,0.4655828255547775,,,
strong_z5,native_original,original_glcm_ClusterTendency,glcm,ClusterTendency,12.53123304973572,11.011881190591271,1.5193518591444484,0.12124520014225504,True,12.53123304973572,11.011881190591271,,,
strong_z5,native_original,original_glcm_Contrast,glcm,Contrast,0.5333407604638402,1.4870374635756822,0.9536967031118421,0.6413400647073234,True,0.5333407604638402,1.4870374635756822,,,
strong_z5,native_original,original_glcm_Correlation,glcm,Correlation,0.9175101435804608,0.7621507062793819,0.15535943730107893,0.1693272149502451,True,0.9175101435804608,0.7621507062793819,,,
strong_z5,native_original,original_glcm_DifferenceAverage,glcm,DifferenceAverage,0.3851064003123994,0.839884673725355,0.4547782734129556,0.5414770475519709,True,0.3851064003123994,0.839884673725355,,,
strong_z5,native_original,original_glcm_DifferenceEntropy,glcm,DifferenceEntropy,1.1188579439766826,1.4150890296130916,0.296231085636409,0.2093374193688742,True,1.1188579439766826,1.4150890296130916,,,
strong_z5,native_original,original_glcm_DifferenceVariance,glcm,DifferenceVariance,0.3743224125410594,0.6260606611850738,0.25173824864401434,0.4020988128650307,True,0.3743224125410594,0.6260606611850738,,,
strong_z5,native_original,original_glcm_Id,glcm,Id,0.8286183372482244,0.6834857947267582,0.14513254252146623,0.17515004918119464,True,0.8286183372482244,0.6834857947267582,,,
strong_z5,native_original,original_glcm_Idm,glcm,Idm,0.8219534881914206,0.6447729421223551,0.17718054606906541,0.21556030677468546,True,0.8219534881914206,0.6447729421223551,,,
strong_z5,native_original,original_glcm_Idmn,glcm,Idmn,0.996390451671594,0.9857016853537784,0.010688766317815568,0.010727487703122368,True,0.996390451671594,0.9857016853537784,,,
strong_z5,native_original,original_glcm_Idn,glcm,Idn,0.9711568752986872,0.928487553126832,0.04266932217185526,0.04393659073744596,True,0.9711568752986872,0.928487553126832,,,
strong_z5,native_original,original_glcm_Imc1,glcm,Imc1,-0.5224961640479119,-0.3554414484150945,0.16705471563281737,0.3197242910619699,True,-0.5224961640479119,-0.3554414484150945,,,
strong_z5,native_original,original_glcm_Imc2,glcm,Imc2,0.9719993986477514,0.8936891348910181,0.07831026375673333,0.08056616482034744,True,0.9719993986477514,0.8936891348910181,,,
strong_z5,native_original,original_glcm_InverseVariance,glcm,InverseVariance,0.2865658896533993,0.31547116828531,0.028905278631910725,0.09162573806354622,True,0.2865658896533993,0.31547116828531,,,
strong_z5,native_original,original_glcm_JointAverage,glcm,JointAverage,7.439654947923231,5.67505992288611,1.7645950250371207,0.2371877509627923,True,7.439654947923231,5.67505992288611,,,
strong_z5,native_original,original_glcm_JointEnergy,glcm,JointEnergy,0.0797821499880354,0.055287016928315,0.024495133059720398,0.3070252313756126,True,0.0797821499880354,0.055287016928315,,,
strong_z5,native_original,original_glcm_JointEntropy,glcm,JointEntropy,4.2684622158205645,4.6908746553418315,0.42241243952126695,0.0900498245119886,True,4.2684622158205645,4.6908746553418315,,,
strong_z5,native_original,original_glcm_MCC,glcm,MCC,0.9280563571985958,0.7655137585890059,0.16254259860958986,0.1751430259044141,True,0.9280563571985958,0.7655137585890059,,,
strong_z5,native_original,original_glcm_MaximumProbability,glcm,MaximumProbability,0.1486893000561671,0.1076572388849377,0.0410320611712294,0.2759583988607763,True,0.1486893000561671,0.1076572388849377,,,
strong_z5,native_original,original_glcm_SumAverage,glcm,SumAverage,14.87930989584646,11.35011984577222,3.5291900500742397,0.2371877509627922,True,14.87930989584646,11.35011984577222,,,
strong_z5,native_original,original_glcm_SumEntropy,glcm,SumEntropy,3.704349042575689,3.5846603778211015,0.11968866475458739,0.03231030968706072,True,3.704349042575689,3.5846603778211015,,,
strong_z5,native_original,original_glcm_SumSquares,glcm,SumSquares,3.2661434525498905,3.1247296635417383,0.14141378900815216,0.04329687016586791,True,3.2661434525498905,3.1247296635417383,,,
strong_z5,native_original,original_gldm_DependenceEntropy,gldm,DependenceEntropy,7.242236367294646,6.748581417208246,0.49365495008640004,0.0681633303651488,True,7.242236367294646,6.748581417208246,,,
strong_z5,native_original,original_gldm_DependenceNonUniformity,gldm,DependenceNonUniformity,3162.1642091373906,868.097971301336,2294.066237836055,0.7254734688372984,True,3162.1642091373906,868.097971301336,,,
strong_z5,native_original,original_gldm_DependenceNonUniformityNormalized,gldm,DependenceNonUniformityNormalized,0.0521551081830346,0.0715898046595197,0.019434696476485096,0.2714729641869578,True,0.0521551081830346,0.0715898046595197,,,
strong_z5,native_original,original_gldm_DependenceVariance,gldm,DependenceVariance,37.013875288088514,19.75530969571819,17.258565592370324,0.46627286275869434,True,37.013875288088514,19.75530969571819,,,
strong_z5,native_original,original_gldm_GrayLevelNonUniformity,gldm,GrayLevelNonUniformity,9009.780669635496,1871.541810984661,7138.238858650835,0.792276651384858,True,9009.780669635496,1871.541810984661,,,
strong_z5,native_original,original_gldm_GrayLevelVariance,gldm,GrayLevelVariance,3.497891374445936,3.193851224412078,0.3040401500338583,0.08692098109593757,True,3.497891374445936,3.193851224412078,,,
strong_z5,native_original,original_gldm_HighGrayLevelEmphasis,gldm,HighGrayLevelEmphasis,57.862427841002805,35.28814118423223,22.574286656770575,0.39013721855573186,True,57.862427841002805,35.28814118423223,,,
strong_z5,native_original,original_gldm_LargeDependenceEmphasis,gldm,LargeDependenceEmphasis,348.7008741547089,164.7585353785255,183.94233877618342,0.5275075355692206,True,348.7008741547089,164.7585353785255,,,
strong_z5,native_original,original_gldm_LargeDependenceHighGrayLevelEmphasis,gldm,LargeDependenceHighGrayLevelEmphasis,21175.96999835065,5844.428995546759,15331.541002803891,0.7240065510103212,True,21175.96999835065,5844.428995546759,,,
strong_z5,native_original,original_gldm_LargeDependenceLowGrayLevelEmphasis,gldm,LargeDependenceLowGrayLevelEmphasis,7.231108641741844,7.726119594189104,0.49501095244725946,0.06406980197660446,True,7.231108641741844,7.726119594189104,,,
strong_z5,native_original,original_gldm_LowGrayLevelEmphasis,gldm,LowGrayLevelEmphasis,0.0245837653301385,0.0509695439658383,0.026385778635699797,0.517677353624834,True,0.0245837653301385,0.0509695439658383,,,
strong_z5,native_original,original_gldm_SmallDependenceEmphasis,gldm,SmallDependenceEmphasis,0.0096823583208683,0.0184646284013753,0.008782270080507002,0.4756266895602877,True,0.0096823583208683,0.0184646284013753,,,
strong_z5,native_original,original_gldm_SmallDependenceHighGrayLevelEmphasis,gldm,SmallDependenceHighGrayLevelEmphasis,0.4394191447560759,0.664409370361318,0.22499022560524207,0.33863192730543257,True,0.4394191447560759,0.664409370361318,,,
strong_z5,native_original,original_gldm_SmallDependenceLowGrayLevelEmphasis,gldm,SmallDependenceLowGrayLevelEmphasis,0.0005115895772636,0.0012243385755492,0.0007127489982856,0.5821502421957775,True,0.0005115895772636,0.0012243385755492,,,
strong_z5,native_original,original_glrlm_GrayLevelNonUniformity,glrlm,GrayLevelNonUniformity,2936.530966317157,1060.4856227970497,1876.0453435201073,0.6388644850127172,True,2936.530966317157,1060.4856227970497,,,
strong_z5,native_original,original_glrlm_GrayLevelNonUniformityNormalized,glrlm,GrayLevelNonUniformityNormalized,0.1353988662056047,0.1510499332872742,0.015651067081669495,0.10361518698524365,True,0.1353988662056047,0.1510499332872742,,,
strong_z5,native_original,original_glrlm_GrayLevelVariance,glrlm,GrayLevelVariance,4.141418585856181,3.328031593877766,0.8133869919784154,0.19640298972827902,True,4.141418585856181,3.328031593877766,,,
strong_z5,native_original,original_glrlm_HighGrayLevelRunEmphasis,glrlm,HighGrayLevelRunEmphasis,54.42382483023277,35.176505801514004,19.247319028718763,0.353656125580258,True,54.42382483023277,35.176505801514004,,,
strong_z5,native_original,original_glrlm_LongRunEmphasis,glrlm,LongRunEmphasis,15.757901073887748,8.538886686963691,7.219014386924057,0.4581203012428229,True,15.757901073887748,8.538886686963691,,,
strong_z5,native_original,original_glrlm_LongRunHighGrayLevelEmphasis,glrlm,LongRunHighGrayLevelEmphasis,930.7238682043436,305.59498132009577,625.1288868842478,0.6716588112114458,True,930.7238682043436,305.59498132009577,,,
strong_z5,native_original,original_glrlm_LongRunLowGrayLevelEmphasis,glrlm,LongRunLowGrayLevelEmphasis,0.3551056576120378,0.3906957237542382,0.03559006614220045,0.09109407648543369,True,0.3551056576120378,0.3906957237542382,,,
strong_z5,native_original,original_glrlm_LowGrayLevelRunEmphasis,glrlm,LowGrayLevelRunEmphasis,0.0295779509283916,0.0539520416041134,0.0243740906757218,0.4517732777301142,True,0.0295779509283916,0.0539520416041134,,,
strong_z5,native_original,original_glrlm_RunEntropy,glrlm,RunEntropy,5.55344524379396,4.465247063041276,1.0881981807526842,0.19595010538165625,True,5.55344524379396,4.465247063041276,,,
strong_z5,native_original,original_glrlm_RunLengthNonUniformity,glrlm,RunLengthNonUniformity,5421.670040374613,3243.2719636032457,2178.398076771367,0.4017946611558917,True,5421.670040374613,3243.2719636032457,,,
strong_z5,native_original,original_glrlm_RunLengthNonUniformityNormalized,glrlm,RunLengthNonUniformityNormalized,0.2365018754044796,0.4103940546942009,0.17389217928972134,0.42372002542603726,True,0.2365018754044796,0.4103940546942009,,,
strong_z5,native_original,original_glrlm_RunPercentage,glrlm,RunPercentage,0.3594361765564141,0.5753181339524732,0.21588195739605914,0.37523927138005536,True,0.3594361765564141,0.5753181339524732,,,
strong_z5,native_original,original_glrlm_RunVariance,glrlm,RunVariance,6.485032213449708,3.03727160188601,3.447760611563698,0.5316489568722843,True,6.485032213449708,3.03727160188601,,,
strong_z5,native_original,original_glrlm_ShortRunEmphasis,glrlm,ShortRunEmphasis,0.4612283564650496,0.586800355325577,0.12557199886052733,0.21399441517184442,True,0.4612283564650496,0.586800355325577,,,
strong_z5,native_original,original_glrlm_ShortRunHighGrayLevelEmphasis,glrlm,ShortRunHighGrayLevelEmphasis,22.413877395405645,20.704940890205833,1.7089365051998122,0.07624457272841631,True,22.413877395405645,20.704940890205833,,,
strong_z5,native_original,original_glrlm_ShortRunLowGrayLevelEmphasis,glrlm,ShortRunLowGrayLevelEmphasis,0.0175433231606557,0.0327323362063336,0.015189013045677897,0.46403693735550944,True,0.0175433231606557,0.0327323362063336,,,
strong_z5,native_original,original_glszm_GrayLevelNonUniformity,glszm,GrayLevelNonUniformity,35.57328990228013,16.81679389312977,18.75649600915036,0.527263462577526,True,35.57328990228013,16.81679389312977,,,
strong_z5,native_original,original_glszm_GrayLevelNonUniformityNormalized,glszm,GrayLevelNonUniformityNormalized,0.1158739084764825,0.1283724724666394,0.012498563990156905,0.0973617143146086,True,0.1158739084764825,0.1283724724666394,,,
strong_z5,native_original,original_glszm_GrayLevelVariance,glszm,GrayLevelVariance,6.572377425755181,5.749198764640755,0.8231786611144258,0.1252482332935773,True,6.572377425755181,5.749198764640755,,,
strong_z5,native_original,original_glszm_HighGrayLevelZoneEmphasis,glszm,HighGrayLevelZoneEmphasis,37.925081433224754,37.229007633587784,0.6960737996369701,0.018353917073653685,True,37.925081433224754,37.229007633587784,,,
strong_z5,native_original,original_glszm_LargeAreaEmphasis,glszm,LargeAreaEmphasis,1614508.638436482,63002.30534351145,1551506.3330929705,0.9609774120474672,True,1614508.638436482,63002.30534351145,,,
strong_z5,native_original,original_glszm_LargeAreaHighGrayLevelEmphasis,glszm,LargeAreaHighGrayLevelEmphasis,94705005.71661238,2073227.7709923664,92631777.94562002,0.9781085724529057,True,94705005.71661238,2073227.7709923664,,,
strong_z5,native_original,original_glszm_LargeAreaLowGrayLevelEmphasis,glszm,LargeAreaLowGrayLevelEmphasis,31233.25967990131,2400.232267320061,28833.02741258125,0.9231514004007524,True,31233.25967990131,2400.232267320061,,,
strong_z5,native_original,original_glszm_LowGrayLevelZoneEmphasis,glszm,LowGrayLevelZoneEmphasis,0.0796424254144547,0.0971847875423847,0.017542362127930006,0.18050522691403062,True,0.0796424254144547,0.0971847875423847,,,
strong_z5,native_original,original_glszm_SizeZoneNonUniformity,glszm,SizeZoneNonUniformity,68.49837133550488,21.748091603053435,46.750279732451446,0.6825020627639258,True,68.49837133550488,21.748091603053435,,,
strong_z5,native_original,original_glszm_SizeZoneNonUniformityNormalized,glszm,SizeZoneNonUniformityNormalized,0.2231217307345436,0.1660159664355224,0.0571057642990212,0.2559399486146963,True,0.2231217307345436,0.1660159664355224,,,
strong_z5,native_original,original_glszm_SmallAreaEmphasis,glszm,SmallAreaEmphasis,0.4828701445369017,0.4121020102836982,0.0707681342532035,0.14655727850201616,True,0.4828701445369017,0.4121020102836982,,,
strong_z5,native_original,original_glszm_SmallAreaHighGrayLevelEmphasis,glszm,SmallAreaHighGrayLevelEmphasis,19.709066089604633,15.867735740185298,3.8413303494193354,0.1949016930561418,True,19.709066089604633,15.867735740185298,,,
strong_z5,native_original,original_glszm_SmallAreaLowGrayLevelEmphasis,glszm,SmallAreaLowGrayLevelEmphasis,0.0391359072043632,0.037983109452293,0.0011527977520701949,0.029456267515415392,True,0.0391359072043632,0.037983109452293,,,
strong_z5,native_original,original_glszm_ZoneEntropy,glszm,ZoneEntropy,5.998241426503048,5.801185001517869,0.1970564249851794,0.03285236638100153,True,5.998241426503048,5.801185001517869,,,
strong_z5,native_original,original_glszm_ZonePercentage,glszm,ZonePercentage,0.0050634999175325,0.0108032327230743,0.0057397328055418,0.5312977099236673,True,0.0050634999175325,0.0108032327230743,,,
strong_z5,native_original,original_glszm_ZoneVariance,glszm,ZoneVariance,1575505.6049825463,54434.04731658994,1521071.5576659564,0.9654497913911306,True,1575505.6049825463,54434.04731658994,,,
strong_z5,native_original,original_ngtdm_Busyness,ngtdm,Busyness,27.924265267887463,25.022526338132504,2.901738929754959,0.10391460265534437,True,27.924265267887463,25.022526338132504,,,
strong_z5,native_original,original_ngtdm_Coarseness,ngtdm,Coarseness,0.0003871274602589,0.0007897913675166,0.0004026639072577,0.5098357918545326,True,0.0003871274602589,0.0007897913675166,,,
strong_z5,native_original,original_ngtdm_Complexity,ngtdm,Complexity,18.521474924731283,26.94568433418289,8.424209409451606,0.31263668441201103,True,18.521474924731283,26.94568433418289,,,
strong_z5,native_original,original_ngtdm_Contrast,ngtdm,Contrast,0.016663646808356,0.0491961938079195,0.0325325469995635,0.6612817879078783,True,0.016663646808356,0.0491961938079195,,,
strong_z5,native_original,original_ngtdm_Strength,ngtdm,Strength,0.0203665009050925,0.0272954048475106,0.0069289039424180986,0.253848733188877,True,0.0203665009050925,0.0272954048475106,,,
strong_z5,resample_bspline,original_glcm_Autocorrelation,glcm,Autocorrelation,58.34899050685703,60.06042420874596,1.7114337018889287,0.028495198367908148,True,58.34899050685703,,60.06042420874596,,
strong_z5,resample_bspline,original_glcm_ClusterProminence,glcm,ClusterProminence,417.6828272486485,506.28948331948936,88.60665607084087,0.17501184399464692,True,417.6828272486485,,506.28948331948936,,
strong_z5,resample_bspline,original_glcm_ClusterShade,glcm,ClusterShade,-3.9055161384291,-3.789635797156523,0.11588034127257707,0.029670941602916317,True,-3.9055161384291,,-3.789635797156523,,
strong_z5,resample_bspline,original_glcm_ClusterTendency,glcm,ClusterTendency,12.53123304973572,13.82972080507209,1.298487755336371,0.09389110406770806,True,12.53123304973572,,13.82972080507209,,
strong_z5,resample_bspline,original_glcm_Contrast,glcm,Contrast,0.5333407604638402,0.5893310937865289,0.05599033332268877,0.09500658273932841,True,0.5333407604638402,,0.5893310937865289,,
strong_z5,resample_bspline,original_glcm_Correlation,glcm,Correlation,0.9175101435804608,0.9175559275680812,4.578398762045133e-05,4.989776235416911e-05,True,0.9175101435804608,,0.9175559275680812,,
strong_z5,resample_bspline,original_glcm_DifferenceAverage,glcm,DifferenceAverage,0.3851064003123994,0.4353227351002818,0.0502163347878824,0.1153542664761455,True,0.3851064003123994,,0.4353227351002818,,
strong_z5,resample_bspline,original_glcm_DifferenceEntropy,glcm,DifferenceEntropy,1.1188579439766826,1.1757681184469866,0.056910174470304,0.048402549429111756,True,1.1188579439766826,,1.1757681184469866,,
strong_z5,resample_bspline,original_glcm_DifferenceVariance,glcm,DifferenceVariance,0.3743224125410594,0.3864756653941011,0.012153252853041696,0.03144635986498309,True,0.3743224125410594,,0.3864756653941011,,
strong_z5,resample_bspline,original_glcm_Id,glcm,Id,0.8286183372482244,0.8040247273598021,0.024593609888422296,0.02968026265276209,True,0.8286183372482244,,0.8040247273598021,,
strong_z5,resample_bspline,original_glcm_Idm,glcm,Idm,0.8219534881914206,0.7971921306700571,0.024761357521363436,0.030125010571883954,True,0.8219534881914206,,0.7971921306700571,,
strong_z5,resample_bspline,original_glcm_Idmn,glcm,Idmn,0.996390451671594,0.996590846941774,0.00020039527018000935,0.0002010807853543506,True,0.996390451671594,,0.996590846941774,,
strong_z5,resample_bspline,original_glcm_Idn,glcm,Idn,0.9711568752986872,0.9696057346457008,0.001551140652986449,0.0015972091558424926,True,0.9711568752986872,,0.9696057346457008,,
strong_z5,resample_bspline,original_glcm_Imc1,glcm,Imc1,-0.5224961640479119,-0.4952778620992489,0.027218301948662982,0.05209282636219912,True,-0.5224961640479119,,-0.4952778620992489,,
strong_z5,resample_bspline,original_glcm_Imc2,glcm,Imc2,0.9719993986477514,0.969207973337344,0.002791425310407436,0.0028718385158374334,True,0.9719993986477514,,0.969207973337344,,
strong_z5,resample_bspline,original_glcm_InverseVariance,glcm,InverseVariance,0.2865658896533993,0.334369115974868,0.04780322632146872,0.14296543561475852,True,0.2865658896533993,,0.334369115974868,,
strong_z5,resample_bspline,original_glcm_JointAverage,glcm,JointAverage,7.439654947923231,7.533213545002781,0.09355859707955005,0.012419480281640619,True,7.439654947923231,,7.533213545002781,,
strong_z5,resample_bspline,original_glcm_JointEnergy,glcm,JointEnergy,0.0797821499880354,0.0684353504563871,0.0113467995316483,0.14222228322187272,True,0.0797821499880354,,0.0684353504563871,,
strong_z5,resample_bspline,original_glcm_JointEntropy,glcm,JointEntropy,4.2684622158205645,4.455887226029924,0.18742501020935975,0.04206233252818438,True,4.2684622158205645,,4.455887226029924,,
strong_z5,resample_bspline,original_glcm_MCC,glcm,MCC,0.9280563571985958,0.9267770784196472,0.0012792787789486226,0.0013784494540937328,True,0.9280563571985958,,0.9267770784196472,,
strong_z5,resample_bspline,original_glcm_MaximumProbability,glcm,MaximumProbability,0.1486893000561671,0.1376269164841577,0.011062383572009393,0.07439932508815765,True,0.1486893000561671,,0.1376269164841577,,
strong_z5,resample_bspline,original_glcm_SumAverage,glcm,SumAverage,14.87930989584646,15.066427090005565,0.18711719415910544,0.01241948028164097,True,14.87930989584646,,15.066427090005565,,
strong_z5,resample_bspline,original_glcm_SumEntropy,glcm,SumEntropy,3.704349042575689,3.8312420535306377,0.12689301095494887,0.03312059357826584,True,3.704349042575689,,3.8312420535306377,,
strong_z5,resample_bspline,original_glcm_SumSquares,glcm,SumSquares,3.2661434525498905,3.6047629747146552,0.33861952216476476,0.09393669557193815,True,3.2661434525498905,,3.6047629747146552,,
strong_z5,resample_bspline,original_gldm_DependenceEntropy,gldm,DependenceEntropy,7.242236367294646,7.457506540178506,0.21527017288385952,0.028866239905262856,True,7.242236367294646,,7.457506540178506,,
strong_z5,resample_bspline,original_gldm_DependenceNonUniformity,gldm,DependenceNonUniformity,3162.1642091373906,2782.4219693221175,379.742239815273,0.12008934852844445,True,3162.1642091373906,,2782.4219693221175,,
strong_z5,resample_bspline,original_gldm_DependenceNonUniformityNormalized,gldm,DependenceNonUniformityNormalized,0.0521551081830346,0.0458918352189034,0.006263272964131199,0.12008934852844505,True,0.0521551081830346,,0.0458918352189034,,
strong_z5,resample_bspline,original_gldm_DependenceVariance,gldm,DependenceVariance,37.013875288088514,37.363188577226495,0.34931328913798154,0.009349129515966793,True,37.013875288088514,,37.363188577226495,,
strong_z5,resample_bspline,original_gldm_GrayLevelNonUniformity,gldm,GrayLevelNonUniformity,9009.780669635496,8594.129078014184,415.65159162131204,0.046133375146648024,True,9009.780669635496,,8594.129078014184,,
strong_z5,resample_bspline,original_gldm_GrayLevelVariance,gldm,GrayLevelVariance,3.497891374445936,3.8354677516186153,0.3375763771726792,0.08801439590522375,True,3.497891374445936,,3.8354677516186153,,
strong_z5,resample_bspline,original_gldm_HighGrayLevelEmphasis,gldm,HighGrayLevelEmphasis,57.862427841002805,59.650882401451426,1.7884545604486206,0.02998203024747047,True,57.862427841002805,,59.650882401451426,,
strong_z5,resample_bspline,original_gldm_LargeDependenceEmphasis,gldm,LargeDependenceEmphasis,348.7008741547089,308.1027214250371,40.598152729671824,0.11642687397353511,True,348.7008741547089,,308.1027214250371,,
strong_z5,resample_bspline,original_gldm_LargeDependenceHighGrayLevelEmphasis,gldm,LargeDependenceHighGrayLevelEmphasis,21175.96999835065,19327.815916213098,1848.154082137553,0.08727600588220995,True,21175.96999835065,,19327.815916213098,,
strong_z5,resample_bspline,original_gldm_LargeDependenceLowGrayLevelEmphasis,gldm,LargeDependenceLowGrayLevelEmphasis,7.231108641741844,6.37284178243839,0.8582668593034546,0.1186909092126036,True,7.231108641741844,,6.37284178243839,,
strong_z5,resample_bspline,original_gldm_LowGrayLevelEmphasis,gldm,LowGrayLevelEmphasis,0.0245837653301385,0.0245225404951882,6.122483495030195e-05,0.0024904579964910127,True,0.0245837653301385,,0.0245225404951882,,
strong_z5,resample_bspline,original_gldm_SmallDependenceEmphasis,gldm,SmallDependenceEmphasis,0.0096823583208683,0.0115433430244841,0.0018609847036158006,0.16121713611633512,True,0.0096823583208683,,0.0115433430244841,,
strong_z5,resample_bspline,original_gldm_SmallDependenceHighGrayLevelEmphasis,gldm,SmallDependenceHighGrayLevelEmphasis,0.4394191447560759,0.5533194167850705,0.11390027202899455,0.2058490422960118,True,0.4394191447560759,,0.5533194167850705,,
strong_z5,resample_bspline,original_gldm_SmallDependenceLowGrayLevelEmphasis,gldm,SmallDependenceLowGrayLevelEmphasis,0.0005115895772636,0.0005550631261362,4.347354887259997e-05,0.0783218103051085,True,0.0005115895772636,,0.0005550631261362,,
strong_z5,resample_bspline,original_glrlm_GrayLevelNonUniformity,glrlm,GrayLevelNonUniformity,2936.530966317157,3239.252477114492,302.7215107973352,0.09345412651100227,True,2936.530966317157,,3239.252477114492,,
strong_z5,resample_bspline,original_glrlm_GrayLevelNonUniformityNormalized,glrlm,GrayLevelNonUniformityNormalized,0.1353988662056047,0.1321402670069299,0.0032585991986747997,0.02406666532736382,True,0.1353988662056047,,0.1321402670069299,,
strong_z5,resample_bspline,original_glrlm_GrayLevelVariance,glrlm,GrayLevelVariance,4.141418585856181,4.355290745354955,0.21387215949877358,0.04910628750259084,True,4.141418585856181,,4.355290745354955,,
strong_z5,resample_bspline,original_glrlm_HighGrayLevelRunEmphasis,glrlm,HighGrayLevelRunEmphasis,54.42382483023277,56.84673673995048,2.422911909717712,0.04262182930220776,True,54.42382483023277,,56.84673673995048,,
strong_z5,resample_bspline,original_glrlm_LongRunEmphasis,glrlm,LongRunEmphasis,15.757901073887748,12.651918466903073,3.105982606984675,0.1971063653985978,True,15.757901073887748,,12.651918466903073,,
strong_z5,resample_bspline,original_glrlm_LongRunHighGrayLevelEmphasis,glrlm,LongRunHighGrayLevelEmphasis,930.7238682043436,770.5750178715551,160.14885033278847,0.17206913436287555,True,930.7238682043436,,770.5750178715551,,
strong_z5,resample_bspline,original_glrlm_LongRunLowGrayLevelEmphasis,glrlm,LongRunLowGrayLevelEmphasis,0.3551056576120378,0.2849881075433804,0.07011755006865739,0.19745545745503904,True,0.3551056576120378,,0.2849881075433804,,
strong_z5,resample_bspline,original_glrlm_LowGrayLevelRunEmphasis,glrlm,LowGrayLevelRunEmphasis,0.0295779509283916,0.0284740279930761,0.001103922935315499,0.03732249532728292,True,0.0295779509283916,,0.0284740279930761,,
strong_z5,resample_bspline,original_glrlm_RunEntropy,glrlm,RunEntropy,5.55344524379396,5.437712035267395,0.11573320852656543,0.020839893695881604,True,5.55344524379396,,5.437712035267395,,
strong_z5,resample_bspline,original_glrlm_RunLengthNonUniformity,glrlm,RunLengthNonUniformity,5421.670040374613,7284.073791254645,1862.403750880032,0.2556816150209871,True,5421.670040374613,,7284.073791254645,,
strong_z5,resample_bspline,original_glrlm_RunLengthNonUniformityNormalized,glrlm,RunLengthNonUniformityNormalized,0.2365018754044796,0.2809775140673808,0.04447563866290122,0.15828896063275577,True,0.2365018754044796,,0.2809775140673808,,
strong_z5,resample_bspline,original_glrlm_RunPercentage,glrlm,RunPercentage,0.3594361765564141,0.4056090536545757,0.04617287709816165,0.11383591338048221,True,0.3594361765564141,,0.4056090536545757,,
strong_z5,resample_bspline,original_glrlm_RunVariance,glrlm,RunVariance,6.485032213449708,5.351424577360844,1.1336076360888638,0.17480370162815922,True,6.485032213449708,,5.351424577360844,,
strong_z5,resample_bspline,original_glrlm_ShortRunEmphasis,glrlm,ShortRunEmphasis,0.4612283564650496,0.5203999491351904,0.05917159267014077,0.1137040708179798,True,0.4612283564650496,,0.5203999491351904,,
strong_z5,resample_bspline,original_glrlm_ShortRunHighGrayLevelEmphasis,glrlm,ShortRunHighGrayLevelEmphasis,22.413877395405645,27.62671187584351,5.212834480437866,0.18868819799709535,True,22.413877395405645,,27.62671187584351,,
strong_z5,resample_bspline,original_glrlm_ShortRunLowGrayLevelEmphasis,glrlm,ShortRunLowGrayLevelEmphasis,0.0175433231606557,0.0176523954829608,0.000109072322305101,0.006178896366240177,True,0.0175433231606557,,0.0176523954829608,,
strong_z5,resample_bspline,original_glszm_GrayLevelNonUniformity,glszm,GrayLevelNonUniformity,35.57328990228013,40.822454308093995,5.249164405813865,0.12858522337235115,True,35.57328990228013,,40.822454308093995,,
strong_z5,resample_bspline,original_glszm_GrayLevelNonUniformityNormalized,glszm,GrayLevelNonUniformityNormalized,0.1158739084764825,0.1065860425798798,0.009287865896602701,0.08015493754133395,True,0.1158739084764825,,0.1065860425798798,,
strong_z5,resample_bspline,original_glszm_GrayLevelVariance,glszm,GrayLevelVariance,6.572377425755181,7.343331810837895,0.7709543850827139,0.10498700112459522,True,6.572377425755181,,7.343331810837895,,
strong_z5,resample_bspline,original_glszm_HighGrayLevelZoneEmphasis,glszm,HighGrayLevelZoneEmphasis,37.925081433224754,42.59530026109661,4.670218827871857,0.10964164589156068,True,37.925081433224754,,42.59530026109661,,
strong_z5,resample_bspline,original_glszm_LargeAreaEmphasis,glszm,LargeAreaEmphasis,1614508.638436482,1228157.7597911227,386350.8786453593,0.23929935675011818,True,1614508.638436482,,1228157.7597911227,,
strong_z5,resample_bspline,original_glszm_LargeAreaHighGrayLevelEmphasis,glszm,LargeAreaHighGrayLevelEmphasis,94705005.71661238,72246203.61096606,22458802.105646327,0.23714482603855422,True,94705005.71661238,,72246203.61096606,,
strong_z5,resample_bspline,original_glszm_LargeAreaLowGrayLevelEmphasis,glszm,LargeAreaLowGrayLevelEmphasis,31233.25967990131,23672.74161653251,7560.518063368803,0.2420662505564226,True,31233.25967990131,,23672.74161653251,,
strong_z5,resample_bspline,original_glszm_LowGrayLevelZoneEmphasis,glszm,LowGrayLevelZoneEmphasis,0.0796424254144547,0.0709407227787384,0.00870170263571629,0.10925963882231261,True,0.0796424254144547,,0.0709407227787384,,
strong_z5,resample_bspline,original_glszm_SizeZoneNonUniformity,glszm,SizeZoneNonUniformity,68.49837133550488,91.19843342036552,22.700062084860633,0.24890846512930873,True,68.49837133550488,,91.19843342036552,,
strong_z5,resample_bspline,original_glszm_SizeZoneNonUniformityNormalized,glszm,SizeZoneNonUniformityNormalized,0.2231217307345436,0.2381160141523904,0.014994283417846782,0.06297049558477273,True,0.2231217307345436,,0.2381160141523904,,
strong_z5,resample_bspline,original_glszm_SmallAreaEmphasis,glszm,SmallAreaEmphasis,0.4828701445369017,0.4957927652168744,0.012922620679972685,0.026064560813669698,True,0.4828701445369017,,0.4957927652168744,,
strong_z5,resample_bspline,original_glszm_SmallAreaHighGrayLevelEmphasis,glszm,SmallAreaHighGrayLevelEmphasis,19.709066089604633,19.685851146386177,0.02321494321845563,0.0011778814436418242,True,19.709066089604633,,19.685851146386177,,
strong_z5,resample_bspline,original_glszm_SmallAreaLowGrayLevelEmphasis,glszm,SmallAreaLowGrayLevelEmphasis,0.0391359072043632,0.0337483888426899,0.005387518361673296,0.13766177269228222,True,0.0391359072043632,,0.0337483888426899,,
strong_z5,resample_bspline,original_glszm_ZoneEntropy,glszm,ZoneEntropy,5.998241426503048,5.952272022710858,0.04596940379219028,0.007663813528591207,True,5.998241426503048,,5.952272022710858,,
strong_z5,resample_bspline,original_glszm_ZonePercentage,glszm,ZonePercentage,0.0050634999175325,0.0063170047831106,0.0012535048655781004,0.19843342036553807,True,0.0050634999175325,,0.0063170047831106,,
strong_z5,resample_bspline,original_glszm_ZoneVariance,glszm,ZoneVariance,1575505.6049825463,1203097.9604878346,372407.64449471165,0.2363734177250593,True,1575505.6049825463,,1203097.9604878346,,
strong_z5,resample_bspline,original_ngtdm_Busyness,ngtdm,Busyness,27.924265267887463,24.728766622891225,3.1954986449962384,0.11443447533321564,True,27.924265267887463,,24.728766622891225,,
strong_z5,resample_bspline,original_ngtdm_Coarseness,ngtdm,Coarseness,0.0003871274602589,0.0003873202027853,1.9274252639999963e-07,0.0004976309653200326,True,0.0003871274602589,,0.0003873202027853,,
strong_z5,resample_bspline,original_ngtdm_Complexity,ngtdm,Complexity,18.521474924731283,22.908935393594547,4.387460468863264,0.1915174316694795,True,18.521474924731283,,22.908935393594547,,
strong_z5,resample_bspline,original_ngtdm_Contrast,ngtdm,Contrast,0.016663646808356,0.0161874606431991,0.000476186165156902,0.028576347700679662,True,0.016663646808356,,0.0161874606431991,,
strong_z5,resample_bspline,original_ngtdm_Strength,ngtdm,Strength,0.0203665009050925,0.0235224830643519,0.003155982159259399,0.13416875040893367,True,0.0203665009050925,,0.0235224830643519,,
strong_z5,resample_linear,original_glcm_Autocorrelation,glcm,Autocorrelation,58.34899050685703,58.34899050685703,0.0,0.0,False,58.34899050685703,,,,
strong_z5,resample_linear,original_glcm_ClusterProminence,glcm,ClusterProminence,417.6828272486485,417.6828272486485,0.0,0.0,False,417.6828272486485,,,,
strong_z5,resample_linear,original_glcm_ClusterShade,glcm,ClusterShade,-3.9055161384291,-3.9055161384291,0.0,0.0,False,-3.9055161384291,,,,
strong_z5,resample_linear,original_glcm_ClusterTendency,glcm,ClusterTendency,12.53123304973572,12.53123304973572,0.0,0.0,False,12.53123304973572,,,,
strong_z5,resample_linear,original_glcm_Contrast,glcm,Contrast,0.5333407604638402,0.5333407604638402,0.0,0.0,False,0.5333407604638402,,,,
strong_z5,resample_linear,original_glcm_Correlation,glcm,Correlation,0.9175101435804608,0.9175101435804608,0.0,0.0,False,0.9175101435804608,,,,
strong_z5,resample_linear,original_glcm_DifferenceAverage,glcm,DifferenceAverage,0.3851064003123994,0.3851064003123994,0.0,0.0,False,0.3851064003123994,,,,
strong_z5,resample_linear,original_glcm_DifferenceEntropy,glcm,DifferenceEntropy,1.1188579439766826,1.1188579439766826,0.0,0.0,False,1.1188579439766826,,,,
strong_z5,resample_linear,original_glcm_DifferenceVariance,glcm,DifferenceVariance,0.3743224125410594,0.3743224125410594,0.0,0.0,False,0.3743224125410594,,,,
strong_z5,resample_linear,original_glcm_Id,glcm,Id,0.8286183372482244,0.8286183372482244,0.0,0.0,False,0.8286183372482244,,,,
strong_z5,resample_linear,original_glcm_Idm,glcm,Idm,0.8219534881914206,0.8219534881914206,0.0,0.0,False,0.8219534881914206,,,,
strong_z5,resample_linear,original_glcm_Idmn,glcm,Idmn,0.996390451671594,0.996390451671594,0.0,0.0,False,0.996390451671594,,,,
strong_z5,resample_linear,original_glcm_Idn,glcm,Idn,0.9711568752986872,0.9711568752986872,0.0,0.0,False,0.9711568752986872,,,,
strong_z5,resample_linear,original_glcm_Imc1,glcm,Imc1,-0.5224961640479119,-0.5224961640479119,0.0,0.0,False,-0.5224961640479119,,,,
strong_z5,resample_linear,original_glcm_Imc2,glcm,Imc2,0.9719993986477514,0.9719993986477514,0.0,0.0,False,0.9719993986477514,,,,
strong_z5,resample_linear,original_glcm_InverseVariance,glcm,InverseVariance,0.2865658896533993,0.2865658896533993,0.0,0.0,False,0.2865658896533993,,,,
strong_z5,resample_linear,original_glcm_JointAverage,glcm,JointAverage,7.439654947923231,7.439654947923231,0.0,0.0,False,7.439654947923231,,,,
strong_z5,resample_linear,original_glcm_JointEnergy,glcm,JointEnergy,0.0797821499880354,0.0797821499880354,0.0,0.0,False,0.0797821499880354,,,,
strong_z5,resample_linear,original_glcm_JointEntropy,glcm,JointEntropy,4.2684622158205645,4.2684622158205645,0.0,0.0,False,4.2684622158205645,,,,
strong_z5,resample_linear,original_glcm_MCC,glcm,MCC,0.9280563571985958,0.9280563571985958,0.0,0.0,False,0.9280563571985958,,,,
strong_z5,resample_linear,original_glcm_MaximumProbability,glcm,MaximumProbability,0.1486893000561671,0.1486893000561671,0.0,0.0,False,0.1486893000561671,,,,
strong_z5,resample_linear,original_glcm_SumAverage,glcm,SumAverage,14.87930989584646,14.87930989584646,0.0,0.0,False,14.87930989584646,,,,
strong_z5,resample_linear,original_glcm_SumEntropy,glcm,SumEntropy,3.704349042575689,3.704349042575689,0.0,0.0,False,3.704349042575689,,,,
strong_z5,resample_linear,original_glcm_SumSquares,glcm,SumSquares,3.2661434525498905,3.2661434525498905,0.0,0.0,False,3.2661434525498905,,,,
strong_z5,resample_linear,original_gldm_DependenceEntropy,gldm,DependenceEntropy,7.242236367294646,7.242236367294646,0.0,0.0,False,7.242236367294646,,,,
strong_z5,resample_linear,original_gldm_DependenceNonUniformity,gldm,DependenceNonUniformity,3162.1642091373906,3162.1642091373906,0.0,0.0,False,3162.1642091373906,,,,
strong_z5,resample_linear,original_gldm_DependenceNonUniformityNormalized,gldm,DependenceNonUniformityNormalized,0.0521551081830346,0.0521551081830346,0.0,0.0,False,0.0521551081830346,,,,
strong_z5,resample_linear,original_gldm_DependenceVariance,gldm,DependenceVariance,37.013875288088514,37.013875288088514,0.0,0.0,False,37.013875288088514,,,,
strong_z5,resample_linear,original_gldm_GrayLevelNonUniformity,gldm,GrayLevelNonUniformity,9009.780669635496,9009.780669635496,0.0,0.0,False,9009.780669635496,,,,
strong_z5,resample_linear,original_gldm_GrayLevelVariance,gldm,GrayLevelVariance,3.497891374445936,3.497891374445936,0.0,0.0,False,3.497891374445936,,,,
strong_z5,resample_linear,original_gldm_HighGrayLevelEmphasis,gldm,HighGrayLevelEmphasis,57.862427841002805,57.862427841002805,0.0,0.0,False,57.862427841002805,,,,
strong_z5,resample_linear,original_gldm_LargeDependenceEmphasis,gldm,LargeDependenceEmphasis,348.7008741547089,348.7008741547089,0.0,0.0,False,348.7008741547089,,,,
strong_z5,resample_linear,original_gldm_LargeDependenceHighGrayLevelEmphasis,gldm,LargeDependenceHighGrayLevelEmphasis,21175.96999835065,21175.96999835065,0.0,0.0,False,21175.96999835065,,,,
strong_z5,resample_linear,original_gldm_LargeDependenceLowGrayLevelEmphasis,gldm,LargeDependenceLowGrayLevelEmphasis,7.231108641741844,7.231108641741844,0.0,0.0,False,7.231108641741844,,,,
strong_z5,resample_linear,original_gldm_LowGrayLevelEmphasis,gldm,LowGrayLevelEmphasis,0.0245837653301385,0.0245837653301385,0.0,0.0,False,0.0245837653301385,,,,
strong_z5,resample_linear,original_gldm_SmallDependenceEmphasis,gldm,SmallDependenceEmphasis,0.0096823583208683,0.0096823583208683,0.0,0.0,False,0.0096823583208683,,,,
strong_z5,resample_linear,original_gldm_SmallDependenceHighGrayLevelEmphasis,gldm,SmallDependenceHighGrayLevelEmphasis,0.4394191447560759,0.4394191447560759,0.0,0.0,False,0.4394191447560759,,,,
strong_z5,resample_linear,original_gldm_SmallDependenceLowGrayLevelEmphasis,gldm,SmallDependenceLowGrayLevelEmphasis,0.0005115895772636,0.0005115895772636,0.0,0.0,False,0.0005115895772636,,,,
strong_z5,resample_linear,original_glrlm_GrayLevelNonUniformity,glrlm,GrayLevelNonUniformity,2936.530966317157,2936.530966317157,0.0,0.0,False,2936.530966317157,,,,
strong_z5,resample_linear,original_glrlm_GrayLevelNonUniformityNormalized,glrlm,GrayLevelNonUniformityNormalized,0.1353988662056047,0.1353988662056047,0.0,0.0,False,0.1353988662056047,,,,
strong_z5,resample_linear,original_glrlm_GrayLevelVariance,glrlm,GrayLevelVariance,4.141418585856181,4.141418585856181,0.0,0.0,False,4.141418585856181,,,,
strong_z5,resample_linear,original_glrlm_HighGrayLevelRunEmphasis,glrlm,HighGrayLevelRunEmphasis,54.42382483023277,54.42382483023277,0.0,0.0,False,54.42382483023277,,,,
strong_z5,resample_linear,original_glrlm_LongRunEmphasis,glrlm,LongRunEmphasis,15.757901073887748,15.757901073887748,0.0,0.0,False,15.757901073887748,,,,
strong_z5,resample_linear,original_glrlm_LongRunHighGrayLevelEmphasis,glrlm,LongRunHighGrayLevelEmphasis,930.7238682043436,930.7238682043436,0.0,0.0,False,930.7238682043436,,,,
strong_z5,resample_linear,original_glrlm_LongRunLowGrayLevelEmphasis,glrlm,LongRunLowGrayLevelEmphasis,0.3551056576120378,0.3551056576120378,0.0,0.0,False,0.3551056576120378,,,,
strong_z5,resample_linear,original_glrlm_LowGrayLevelRunEmphasis,glrlm,LowGrayLevelRunEmphasis,0.0295779509283916,0.0295779509283916,0.0,0.0,False,0.0295779509283916,,,,
strong_z5,resample_linear,original_glrlm_RunEntropy,glrlm,RunEntropy,5.55344524379396,5.55344524379396,0.0,0.0,False,5.55344524379396,,,,
strong_z5,resample_linear,original_glrlm_RunLengthNonUniformity,glrlm,RunLengthNonUniformity,5421.670040374613,5421.670040374613,0.0,0.0,False,5421.670040374613,,,,
strong_z5,resample_linear,original_glrlm_RunLengthNonUniformityNormalized,glrlm,RunLengthNonUniformityNormalized,0.2365018754044796,0.2365018754044796,0.0,0.0,False,0.2365018754044796,,,,
strong_z5,resample_linear,original_glrlm_RunPercentage,glrlm,RunPercentage,0.3594361765564141,0.3594361765564141,0.0,0.0,False,0.3594361765564141,,,,
strong_z5,resample_linear,original_glrlm_RunVariance,glrlm,RunVariance,6.485032213449708,6.485032213449708,0.0,0.0,False,6.485032213449708,,,,
strong_z5,resample_linear,original_glrlm_ShortRunEmphasis,glrlm,ShortRunEmphasis,0.4612283564650496,0.4612283564650496,0.0,0.0,False,0.4612283564650496,,,,
strong_z5,resample_linear,original_glrlm_ShortRunHighGrayLevelEmphasis,glrlm,ShortRunHighGrayLevelEmphasis,22.413877395405645,22.413877395405645,0.0,0.0,False,22.413877395405645,,,,
strong_z5,resample_linear,original_glrlm_ShortRunLowGrayLevelEmphasis,glrlm,ShortRunLowGrayLevelEmphasis,0.0175433231606557,0.0175433231606557,0.0,0.0,False,0.0175433231606557,,,,
strong_z5,resample_linear,original_glszm_GrayLevelNonUniformity,glszm,GrayLevelNonUniformity,35.57328990228013,35.57328990228013,0.0,0.0,False,35.57328990228013,,,,
strong_z5,resample_linear,original_glszm_GrayLevelNonUniformityNormalized,glszm,GrayLevelNonUniformityNormalized,0.1158739084764825,0.1158739084764825,0.0,0.0,False,0.1158739084764825,,,,
strong_z5,resample_linear,original_glszm_GrayLevelVariance,glszm,GrayLevelVariance,6.572377425755181,6.572377425755181,0.0,0.0,False,6.572377425755181,,,,
strong_z5,resample_linear,original_glszm_HighGrayLevelZoneEmphasis,glszm,HighGrayLevelZoneEmphasis,37.925081433224754,37.925081433224754,0.0,0.0,False,37.925081433224754,,,,
strong_z5,resample_linear,original_glszm_LargeAreaEmphasis,glszm,LargeAreaEmphasis,1614508.638436482,1614508.638436482,0.0,0.0,False,1614508.638436482,,,,
strong_z5,resample_linear,original_glszm_LargeAreaHighGrayLevelEmphasis,glszm,LargeAreaHighGrayLevelEmphasis,94705005.71661238,94705005.71661238,0.0,0.0,False,94705005.71661238,,,,
strong_z5,resample_linear,original_glszm_LargeAreaLowGrayLevelEmphasis,glszm,LargeAreaLowGrayLevelEmphasis,31233.25967990131,31233.25967990131,0.0,0.0,False,31233.25967990131,,,,
strong_z5,resample_linear,original_glszm_LowGrayLevelZoneEmphasis,glszm,LowGrayLevelZoneEmphasis,0.0796424254144547,0.0796424254144547,0.0,0.0,False,0.0796424254144547,,,,
strong_z5,resample_linear,original_glszm_SizeZoneNonUniformity,glszm,SizeZoneNonUniformity,68.49837133550488,68.49837133550488,0.0,0.0,False,68.49837133550488,,,,
strong_z5,resample_linear,original_glszm_SizeZoneNonUniformityNormalized,glszm,SizeZoneNonUniformityNormalized,0.2231217307345436,0.2231217307345436,0.0,0.0,False,0.2231217307345436,,,,
strong_z5,resample_linear,original_glszm_SmallAreaEmphasis,glszm,SmallAreaEmphasis,0.4828701445369017,0.4828701445369017,0.0,0.0,False,0.4828701445369017,,,,
strong_z5,resample_linear,original_glszm_SmallAreaHighGrayLevelEmphasis,glszm,SmallAreaHighGrayLevelEmphasis,19.709066089604633,19.709066089604633,0.0,0.0,False,19.709066089604633,,,,
strong_z5,resample_linear,original_glszm_SmallAreaLowGrayLevelEmphasis,glszm,SmallAreaLowGrayLevelEmphasis,0.0391359072043632,0.0391359072043632,0.0,0.0,False,0.0391359072043632,,,,
strong_z5,resample_linear,original_glszm_ZoneEntropy,glszm,ZoneEntropy,5.998241426503048,5.998241426503048,0.0,0.0,False,5.998241426503048,,,,
strong_z5,resample_linear,original_glszm_ZonePercentage,glszm,ZonePercentage,0.0050634999175325,0.0050634999175325,0.0,0.0,False,0.0050634999175325,,,,
strong_z5,resample_linear,original_glszm_ZoneVariance,glszm,ZoneVariance,1575505.6049825463,1575505.6049825463,0.0,0.0,False,1575505.6049825463,,,,
strong_z5,resample_linear,original_ngtdm_Busyness,ngtdm,Busyness,27.924265267887463,27.924265267887463,0.0,0.0,False,27.924265267887463,,,,
strong_z5,resample_linear,original_ngtdm_Coarseness,ngtdm,Coarseness,0.0003871274602589,0.0003871274602589,0.0,0.0,False,0.0003871274602589,,,,
strong_z5,resample_linear,original_ngtdm_Complexity,ngtdm,Complexity,18.521474924731283,18.521474924731283,0.0,0.0,False,18.521474924731283,,,,
strong_z5,resample_linear,original_ngtdm_Contrast,ngtdm,Contrast,0.016663646808356,0.016663646808356,0.0,0.0,False,0.016663646808356,,,,
strong_z5,resample_linear,original_ngtdm_Strength,ngtdm,Strength,0.0203665009050925,0.0203665009050925,0.0,0.0,False,0.0203665009050925,,,,
strong_z5,resample_nearest,original_glcm_Autocorrelation,glcm,Autocorrelation,58.34899050685703,35.091777108683296,23.257213398173732,0.39858810231585073,True,58.34899050685703,,,35.091777108683296,
strong_z5,resample_nearest,original_glcm_ClusterProminence,glcm,ClusterProminence,417.6828272486485,369.3901066346607,48.2927206139878,0.11562055575064119,True,417.6828272486485,,,369.3901066346607,
strong_z5,resample_nearest,original_glcm_ClusterShade,glcm,ClusterShade,-3.9055161384291,0.3391261643723435,4.244642302801443,1.0868326111971331,True,-3.9055161384291,,,0.3391261643723435,
strong_z5,resample_nearest,original_glcm_ClusterTendency,glcm,ClusterTendency,12.53123304973572,12.037887296877736,0.49334575285798365,0.03936929038825818,True,12.53123304973572,,,12.037887296877736,
strong_z5,resample_nearest,original_glcm_Contrast,glcm,Contrast,0.5333407604638402,0.461212716326517,0.07212804413732316,0.1352381994479369,True,0.5333407604638402,,,0.461212716326517,
strong_z5,resample_nearest,original_glcm_Correlation,glcm,Correlation,0.9175101435804608,0.9261237649744014,0.008613621393940618,0.009300723855389569,True,0.9175101435804608,,,0.9261237649744014,
strong_z5,resample_nearest,original_glcm_DifferenceAverage,glcm,DifferenceAverage,0.3851064003123994,0.3423152948030877,0.0427911055093117,0.11111502035437332,True,0.3851064003123994,,,0.3423152948030877,
strong_z5,resample_nearest,original_glcm_DifferenceEntropy,glcm,DifferenceEntropy,1.1188579439766826,1.028612205151895,0.09024573882478748,0.080658799725757,True,1.1188579439766826,,,1.028612205151895,
strong_z5,resample_nearest,original_glcm_DifferenceVariance,glcm,DifferenceVariance,0.3743224125410594,0.3362377392852548,0.03808467325580461,0.10174296803995701,True,0.3743224125410594,,,0.3362377392852548,
strong_z5,resample_nearest,original_glcm_Id,glcm,Id,0.8286183372482244,0.8478444887881241,0.019226151539899705,0.022676507064851973,True,0.8286183372482244,,,0.8478444887881241,
strong_z5,resample_nearest,original_glcm_Idm,glcm,Idm,0.8219534881914206,0.8407320947507989,0.018778606559378352,0.022336017236197592,True,0.8219534881914206,,,0.8407320947507989,
strong_z5,resample_nearest,original_glcm_Idmn,glcm,Idmn,0.996390451671594,0.9955115896272092,0.0008788620443848094,0.0008820458314412657,True,0.996390451671594,,,0.9955115896272092,
strong_z5,resample_nearest,original_glcm_Idn,glcm,Idn,0.9711568752986872,0.9697697797628094,0.0013870955358777914,0.0014282919383659606,True,0.9711568752986872,,,0.9697697797628094,
strong_z5,resample_nearest,original_glcm_Imc1,glcm,Imc1,-0.5224961640479119,-0.5535130315161265,0.031016867468214637,0.05603638162457782,True,-0.5224961640479119,,,-0.5535130315161265,
strong_z5,resample_nearest,original_glcm_Imc2,glcm,Imc2,0.9719993986477514,0.9755582837404876,0.0035588850927361637,0.00364804968811364,True,0.9719993986477514,,,0.9755582837404876,
strong_z5,resample_nearest,original_glcm_InverseVariance,glcm,InverseVariance,0.2865658896533993,0.2459687800952871,0.04059710955811219,0.141667626971285,True,0.2865658896533993,,,0.2459687800952871,
strong_z5,resample_nearest,original_glcm_JointAverage,glcm,JointAverage,7.439654947923231,5.6742908155540395,1.765364132369191,0.2372911303987277,True,7.439654947923231,,,5.6742908155540395,
strong_z5,resample_nearest,original_glcm_JointEnergy,glcm,JointEnergy,0.0797821499880354,0.086615995505332,0.0068338455172965995,0.0788981928502561,True,0.0797821499880354,,,0.086615995505332,
strong_z5,resample_nearest,original_glcm_JointEntropy,glcm,JointEntropy,4.2684622158205645,4.125144629415778,0.14331758640478665,0.03357592949367022,True,4.2684622158205645,,,4.125144629415778,
strong_z5,resample_nearest,original_glcm_MCC,glcm,MCC,0.9280563571985958,0.928385194161852,0.00032883696325614054,0.00035420315330751825,True,0.9280563571985958,,,0.928385194161852,
strong_z5,resample_nearest,original_glcm_MaximumProbability,glcm,MaximumProbability,0.1486893000561671,0.1649365285234561,0.016247228467289015,0.09850594415159192,True,0.1486893000561671,,,0.1649365285234561,
strong_z5,resample_nearest,original_glcm_SumAverage,glcm,SumAverage,14.87930989584646,11.34858163110808,3.5307282647383786,0.23729113039872748,True,14.87930989584646,,,11.34858163110808,
strong_z5,resample_nearest,original_glcm_SumEntropy,glcm,SumEntropy,3.704349042575689,3.583296134265062,0.12105290831062687,0.032678591277256364,True,3.704349042575689,,,3.583296134265062,
strong_z5,resample_nearest,original_glcm_SumSquares,glcm,SumSquares,3.2661434525498905,3.124775003301063,0.1413684492488274,0.04328298842430223,True,3.2661434525498905,,,3.124775003301063,
strong_z5,resample_nearest,original_gldm_DependenceEntropy,gldm,DependenceEntropy,7.242236367294646,6.547990036818396,0.6942463304762505,0.0958607666564724,True,7.242236367294646,,,6.547990036818396,
strong_z5,resample_nearest,original_gldm_DependenceNonUniformity,gldm,DependenceNonUniformity,3162.1642091373906,6159.373445489032,2997.2092363516413,0.4866094356637396,True,3162.1642091373906,,,6159.373445489032,
strong_z5,resample_nearest,original_gldm_DependenceNonUniformityNormalized,gldm,DependenceNonUniformityNormalized,0.0521551081830346,0.1015895339846451,0.0494344258016105,0.4866094356637401,True,0.0521551081830346,,,0.1015895339846451,
strong_z5,resample_nearest,original_gldm_DependenceVariance,gldm,DependenceVariance,37.013875288088514,37.52932242026646,0.5154471321779468,0.013734517410300932,True,37.013875288088514,,,37.52932242026646,
strong_z5,resample_nearest,original_gldm_GrayLevelNonUniformity,gldm,GrayLevelNonUniformity,9009.780669635496,9357.709054923303,347.92838528780703,0.037180936407159824,True,9009.780669635496,,,9357.709054923303,
strong_z5,resample_nearest,original_gldm_GrayLevelVariance,gldm,GrayLevelVariance,3.497891374445936,3.193851224412078,0.3040401500338583,0.08692098109593757,True,3.497891374445936,,,3.193851224412078,
strong_z5,resample_nearest,original_gldm_HighGrayLevelEmphasis,gldm,HighGrayLevelEmphasis,57.862427841002805,35.28814118423223,22.574286656770575,0.39013721855573186,True,57.862427841002805,,,35.28814118423223,
strong_z5,resample_nearest,original_gldm_LargeDependenceEmphasis,gldm,LargeDependenceEmphasis,348.7008741547089,383.7225136071252,35.02163945241631,0.09126813833048446,True,348.7008741547089,,,383.7225136071252,
strong_z5,resample_nearest,original_gldm_LargeDependenceHighGrayLevelEmphasis,gldm,LargeDependenceHighGrayLevelEmphasis,21175.96999835065,13645.63585683655,7530.3341415141,0.35560751843247895,True,21175.96999835065,,,13645.63585683655,
strong_z5,resample_nearest,original_gldm_LargeDependenceLowGrayLevelEmphasis,gldm,LargeDependenceLowGrayLevelEmphasis,7.231108641741844,17.924322315846855,10.69321367410501,0.5965756186302879,True,7.231108641741844,,,17.924322315846855,
strong_z5,resample_nearest,original_gldm_LowGrayLevelEmphasis,gldm,LowGrayLevelEmphasis,0.0245837653301385,0.0509695439658383,0.026385778635699797,0.517677353624834,True,0.0245837653301385,,,0.0509695439658383,
strong_z5,resample_nearest,original_gldm_SmallDependenceEmphasis,gldm,SmallDependenceEmphasis,0.0096823583208683,0.0060947868511182,0.0035875714697500994,0.3705266166423359,True,0.0096823583208683,,,0.0060947868511182,
strong_z5,resample_nearest,original_gldm_SmallDependenceHighGrayLevelEmphasis,gldm,SmallDependenceHighGrayLevelEmphasis,0.4394191447560759,0.2169605095687737,0.22245863518730222,0.5062561288966831,True,0.4394191447560759,,,0.2169605095687737,
strong_z5,resample_nearest,original_gldm_SmallDependenceLowGrayLevelEmphasis,gldm,SmallDependenceLowGrayLevelEmphasis,0.0005115895772636,0.0003718428198154,0.00013974675744819997,0.2731618540699755,True,0.0005115895772636,,,0.0003718428198154,
strong_z5,resample_nearest,original_glrlm_GrayLevelNonUniformity,glrlm,GrayLevelNonUniformity,2936.530966317157,2899.054701944491,37.47626437266581,0.012762087239170706,True,2936.530966317157,,,2899.054701944491,
strong_z5,resample_nearest,original_glrlm_GrayLevelNonUniformityNormalized,glrlm,GrayLevelNonUniformityNormalized,0.1353988662056047,0.1483452326742761,0.012946366468671394,0.08727187409586616,True,0.1353988662056047,,,0.1483452326742761,
strong_z5,resample_nearest,original_glrlm_GrayLevelVariance,glrlm,GrayLevelVariance,4.141418585856181,3.435999953100764,0.7054186327554173,0.1703326090158022,True,4.141418585856181,,,3.435999953100764,
strong_z5,resample_nearest,original_glrlm_HighGrayLevelRunEmphasis,glrlm,HighGrayLevelRunEmphasis,54.42382483023277,35.04657606718118,19.37724876305159,0.3560434942508379,True,54.42382483023277,,,35.04657606718118,
strong_z5,resample_nearest,original_glrlm_LongRunEmphasis,glrlm,LongRunEmphasis,15.757901073887748,18.691665194806465,2.933764120918717,0.1569557388463106,True,15.757901073887748,,,18.691665194806465,
strong_z5,resample_nearest,original_glrlm_LongRunHighGrayLevelEmphasis,glrlm,LongRunHighGrayLevelEmphasis,930.7238682043436,666.1581005018771,264.5657677024665,0.28425806701712325,True,930.7238682043436,,,666.1581005018771,
strong_z5,resample_nearest,original_glrlm_LongRunLowGrayLevelEmphasis,glrlm,LongRunLowGrayLevelEmphasis,0.3551056576120378,0.8789976091437436,0.5238919515317058,0.596010667244071,True,0.3551056576120378,,,0.8789976091437436,
strong_z5,resample_nearest,original_glrlm_LowGrayLevelRunEmphasis,glrlm,LowGrayLevelRunEmphasis,0.0295779509283916,0.0563795353676818,0.026801584439290205,0.4753778878187343,True,0.0295779509283916,,,0.0563795353676818,
strong_z5,resample_nearest,original_glrlm_RunEntropy,glrlm,RunEntropy,5.55344524379396,5.43794118459407,0.11550405919988993,0.02079863114324699,True,5.55344524379396,,,5.43794118459407,
strong_z5,resample_nearest,original_glrlm_RunLengthNonUniformity,glrlm,RunLengthNonUniformity,5421.670040374613,4219.658574331612,1202.0114660430008,0.221705020241318,True,5421.670040374613,,,4219.658574331612,
strong_z5,resample_nearest,original_glrlm_RunLengthNonUniformityNormalized,glrlm,RunLengthNonUniformityNormalized,0.2365018754044796,0.2251612707175178,0.011340604686961797,0.047951436611512785,True,0.2365018754044796,,,0.2251612707175178,
strong_z5,resample_nearest,original_glrlm_RunPercentage,glrlm,RunPercentage,0.3594361765564141,0.3228358644489273,0.036600312107486765,0.10182701267895967,True,0.3594361765564141,,,0.3228358644489273,
strong_z5,resample_nearest,original_glrlm_RunVariance,glrlm,RunVariance,6.485032213449708,5.684700196915913,0.8003320165337948,0.12341218828087498,True,6.485032213449708,,,5.684700196915913,
strong_z5,resample_nearest,original_glrlm_ShortRunEmphasis,glrlm,ShortRunEmphasis,0.4612283564650496,0.3787440547515479,0.08248430171350174,0.17883614603767783,True,0.4612283564650496,,,0.3787440547515479,
strong_z5,resample_nearest,original_glrlm_ShortRunHighGrayLevelEmphasis,glrlm,ShortRunHighGrayLevelEmphasis,22.413877395405645,13.325290818389682,9.088586577015963,0.4054892608129874,True,22.413877395405645,,,13.325290818389682,
strong_z5,resample_nearest,original_glrlm_ShortRunLowGrayLevelEmphasis,glrlm,ShortRunLowGrayLevelEmphasis,0.0175433231606557,0.0237244706872589,0.0061811475266032,0.26053890129244284,True,0.0175433231606557,,,0.0237244706872589,
strong_z5,resample_nearest,original_glszm_GrayLevelNonUniformity,glszm,GrayLevelNonUniformity,35.57328990228013,16.81679389312977,18.75649600915036,0.527263462577526,True,35.57328990228013,,,16.81679389312977,
strong_z5,resample_nearest,original_glszm_GrayLevelNonUniformityNormalized,glszm,GrayLevelNonUniformityNormalized,0.1158739084764825,0.1283724724666394,0.012498563990156905,0.0973617143146086,True,0.1158739084764825,,,0.1283724724666394,
strong_z5,resample_nearest,original_glszm_GrayLevelVariance,glszm,GrayLevelVariance,6.572377425755181,5.749198764640755,0.8231786611144258,0.1252482332935773,True,6.572377425755181,,,5.749198764640755,
strong_z5,resample_nearest,original_glszm_HighGrayLevelZoneEmphasis,glszm,HighGrayLevelZoneEmphasis,37.925081433224754,37.229007633587784,0.6960737996369701,0.018353917073653685,True,37.925081433224754,,,37.229007633587784,
strong_z5,resample_nearest,original_glszm_LargeAreaEmphasis,glszm,LargeAreaEmphasis,1614508.638436482,1575057.6335877862,39451.004848695826,0.02443530118668232,True,1614508.638436482,,,1575057.6335877862,
strong_z5,resample_nearest,original_glszm_LargeAreaHighGrayLevelEmphasis,glszm,LargeAreaHighGrayLevelEmphasis,94705005.71661238,51830694.27480916,42874311.441803224,0.45271431132264384,True,94705005.71661238,,,51830694.27480916,
strong_z5,resample_nearest,original_glszm_LargeAreaLowGrayLevelEmphasis,glszm,LargeAreaLowGrayLevelEmphasis,31233.25967990131,60005.80668300152,28772.54700310021,0.47949604535940543,True,31233.25967990131,,,60005.80668300152,
strong_z5,resample_nearest,original_glszm_LowGrayLevelZoneEmphasis,glszm,LowGrayLevelZoneEmphasis,0.0796424254144547,0.0971847875423847,0.017542362127930006,0.18050522691403062,True,0.0796424254144547,,,0.0971847875423847,
strong_z5,resample_nearest,original_glszm_SizeZoneNonUniformity,glszm,SizeZoneNonUniformity,68.49837133550488,21.748091603053435,46.750279732451446,0.6825020627639258,True,68.49837133550488,,,21.748091603053435,
strong_z5,resample_nearest,original_glszm_SizeZoneNonUniformityNormalized,glszm,SizeZoneNonUniformityNormalized,0.2231217307345436,0.1660159664355224,0.0571057642990212,0.2559399486146963,True,0.2231217307345436,,,0.1660159664355224,
strong_z5,resample_nearest,original_glszm_SmallAreaEmphasis,glszm,SmallAreaEmphasis,0.4828701445369017,0.0164840804113479,0.4663860641255538,0.9658622911400807,True,0.4828701445369017,,,0.0164840804113479,
strong_z5,resample_nearest,original_glszm_SmallAreaHighGrayLevelEmphasis,glszm,SmallAreaHighGrayLevelEmphasis,19.709066089604633,0.634709429607412,19.07435665999722,0.9677960677222457,True,19.709066089604633,,,0.634709429607412,
strong_z5,resample_nearest,original_glszm_SmallAreaLowGrayLevelEmphasis,glszm,SmallAreaLowGrayLevelEmphasis,0.0391359072043632,0.0015193243780917,0.0376165828262715,0.9611782507006171,True,0.0391359072043632,,,0.0015193243780917,
strong_z5,resample_nearest,original_glszm_ZoneEntropy,glszm,ZoneEntropy,5.998241426503048,5.801185001517869,0.1970564249851794,0.03285236638100153,True,5.998241426503048,,,5.801185001517869,
strong_z5,resample_nearest,original_glszm_ZonePercentage,glszm,ZonePercentage,0.0050634999175325,0.0021606465446148,0.0029028533729176997,0.5732899022801392,True,0.0050634999175325,,,0.0021606465446148,
strong_z5,resample_nearest,original_glszm_ZoneVariance,glszm,ZoneVariance,1575505.6049825463,1360851.1829147486,214654.42206779774,0.13624478477826535,True,1575505.6049825463,,,1360851.1829147486,
strong_z5,resample_nearest,original_ngtdm_Busyness,ngtdm,Busyness,27.924265267887463,55.080393895044466,27.156128627157003,0.49302713192107755,True,27.924265267887463,,,55.080393895044466,
strong_z5,resample_nearest,original_ngtdm_Coarseness,ngtdm,Coarseness,0.0003871274602589,0.0003587950974528,2.833236280610005e-05,0.07318613561319612,True,0.0003871274602589,,,0.0003587950974528,
strong_z5,resample_nearest,original_ngtdm_Complexity,ngtdm,Complexity,18.521474924731283,11.840560379137663,6.68091454559362,0.3607117992894159,True,18.521474924731283,,,11.840560379137663,
strong_z5,resample_nearest,original_ngtdm_Contrast,ngtdm,Contrast,0.016663646808356,0.0216598854612385,0.004996238652882498,0.23066782425158847,True,0.016663646808356,,,0.0216598854612385,
strong_z5,resample_nearest,original_ngtdm_Strength,ngtdm,Strength,0.0203665009050925,0.0123992347914011,0.0079672661136914,0.3911946460915749,True,0.0203665009050925,,,0.0123992347914011,
strong_z5,voxel_spacing_aware,original_glcm_Autocorrelation,glcm,Autocorrelation,58.34899050685703,34.845660563310936,23.503329943546092,0.4028061109434968,True,58.34899050685703,,,,34.845660563310936
strong_z5,voxel_spacing_aware,original_glcm_ClusterProminence,glcm,ClusterProminence,417.6828272486485,340.0067769811122,77.67605026753631,0.1859689822040383,True,417.6828272486485,,,,340.0067769811122
strong_z5,voxel_spacing_aware,original_glcm_ClusterShade,glcm,ClusterShade,-3.9055161384291,0.4355424431619389,4.341058581591039,1.1115198165170366,True,-3.9055161384291,,,,0.4355424431619389
strong_z5,voxel_spacing_aware,original_glcm_ClusterTendency,glcm,ClusterTendency,12.53123304973572,11.520672783145317,1.010560266590403,0.08064332237534401,True,12.53123304973572,,,,11.520672783145317
strong_z5,voxel_spacing_aware,original_glcm_Contrast,glcm,Contrast,0.5333407604638402,0.9621819444558544,0.4288411839920142,0.44569656130321383,True,0.5333407604638402,,,,0.9621819444558544
strong_z5,voxel_spacing_aware,original_glcm_Correlation,glcm,Correlation,0.9175101435804608,0.8458788751342227,0.07163126844623813,0.07807136405784755,True,0.9175101435804608,,,,0.8458788751342227
strong_z5,voxel_spacing_aware,original_glcm_DifferenceAverage,glcm,DifferenceAverage,0.3851064003123994,0.5895053843517924,0.20439898403939305,0.3467296304072707,True,0.3851064003123994,,,,0.5895053843517924
strong_z5,voxel_spacing_aware,original_glcm_DifferenceEntropy,glcm,DifferenceEntropy,1.1188579439766826,1.15836677886383,0.039508834887147515,0.03410736185467894,True,1.1188579439766826,,,,1.15836677886383
strong_z5,voxel_spacing_aware,original_glcm_DifferenceVariance,glcm,DifferenceVariance,0.3743224125410594,0.4389124162505476,0.0645900037094882,0.14715920834788554,True,0.3743224125410594,,,,0.4389124162505476
strong_z5,voxel_spacing_aware,original_glcm_Id,glcm,Id,0.8286183372482244,0.7647233467142022,0.06389499053402226,0.07711027823281395,True,0.8286183372482244,,,,0.7647233467142022
strong_z5,voxel_spacing_aware,original_glcm_Idm,glcm,Idm,0.8219534881914206,0.7425149638345101,0.07943852435691046,0.09664600916981622,True,0.8219534881914206,,,,0.7425149638345101
strong_z5,voxel_spacing_aware,original_glcm_Idmn,glcm,Idmn,0.996390451671594,0.99071915377309,0.0056712978985039575,0.005691842880458667,True,0.996390451671594,,,,0.99071915377309
strong_z5,voxel_spacing_aware,original_glcm_Idn,glcm,Idn,0.9711568752986872,0.949195031477517,0.02196184382117017,0.02261410527976299,True,0.9711568752986872,,,,0.949195031477517
strong_z5,voxel_spacing_aware,original_glcm_Imc1,glcm,Imc1,-0.5224961640479119,-0.475532153332998,0.046964010714913906,0.08988393398158498,True,-0.5224961640479119,,,,-0.475532153332998
strong_z5,voxel_spacing_aware,original_glcm_Imc2,glcm,Imc2,0.9719993986477514,0.9323626779466264,0.039636720701125006,0.04077854446851277,True,0.9719993986477514,,,,0.9323626779466264
strong_z5,voxel_spacing_aware,original_glcm_InverseVariance,glcm,InverseVariance,0.2865658896533993,0.2883157604624999,0.0017498708091006066,0.006069286001894459,True,0.2865658896533993,,,,0.2883157604624999
strong_z5,voxel_spacing_aware,original_glcm_JointAverage,glcm,JointAverage,7.439654947923231,5.675034134624464,1.7646208132987669,0.23719121728775316,True,7.439654947923231,,,,5.675034134624464
strong_z5,voxel_spacing_aware,original_glcm_JointEnergy,glcm,JointEnergy,0.0797821499880354,0.0721029936772014,0.007679156310834004,0.09625155892622116,True,0.0797821499880354,,,,0.0721029936772014
strong_z5,voxel_spacing_aware,original_glcm_JointEntropy,glcm,JointEntropy,4.2684622158205645,4.346728307124056,0.07826609130349116,0.01800574725943124,True,4.2684622158205645,,,,4.346728307124056
strong_z5,voxel_spacing_aware,original_glcm_MCC,glcm,MCC,0.9280563571985958,0.8489523197437179,0.07910403745487793,0.08523624329632211,True,0.9280563571985958,,,,0.8489523197437179
strong_z5,voxel_spacing_aware,original_glcm_MaximumProbability,glcm,MaximumProbability,0.1486893000561671,0.1358379103222884,0.012851389733878699,0.08643116706463821,True,0.1486893000561671,,,,0.1358379103222884
strong_z5,voxel_spacing_aware,original_glcm_SumAverage,glcm,SumAverage,14.87930989584646,11.350068269248927,3.529241626597532,0.23719121728775305,True,14.87930989584646,,,,11.350068269248927
strong_z5,voxel_spacing_aware,original_glcm_SumEntropy,glcm,SumEntropy,3.704349042575689,3.6039959760023863,0.10035306657330256,0.02709060766679956,True,3.704349042575689,,,,3.6039959760023863
strong_z5,voxel_spacing_aware,original_glcm_SumSquares,glcm,SumSquares,3.2661434525498905,3.1207136819002925,0.14542977064959794,0.044526449239717374,True,3.2661434525498905,,,,3.1207136819002925
strong_z5,voxel_spacing_aware,original_gldm_DependenceEntropy,gldm,DependenceEntropy,7.242236367294646,6.547990036818396,0.6942463304762505,0.0958607666564724,True,7.242236367294646,,,,6.547990036818396
strong_z5,voxel_spacing_aware,original_gldm_DependenceNonUniformity,gldm,DependenceNonUniformity,3162.1642091373906,6159.373445489032,2997.2092363516413,0.4866094356637396,True,3162.1642091373906,,,,6159.373445489032
strong_z5,voxel_spacing_aware,original_gldm_DependenceNonUniformityNormalized,gldm,DependenceNonUniformityNormalized,0.0521551081830346,0.1015895339846451,0.0494344258016105,0.4866094356637401,True,0.0521551081830346,,,,0.1015895339846451
strong_z5,voxel_spacing_aware,original_gldm_DependenceVariance,gldm,DependenceVariance,37.013875288088514,37.52932242026646,0.5154471321779468,0.013734517410300932,True,37.013875288088514,,,,37.52932242026646
strong_z5,voxel_spacing_aware,original_gldm_GrayLevelNonUniformity,gldm,GrayLevelNonUniformity,9009.780669635496,9357.709054923303,347.92838528780703,0.037180936407159824,True,9009.780669635496,,,,9357.709054923303
strong_z5,voxel_spacing_aware,original_gldm_GrayLevelVariance,gldm,GrayLevelVariance,3.497891374445936,3.193851224412078,0.3040401500338583,0.08692098109593757,True,3.497891374445936,,,,3.193851224412078
strong_z5,voxel_spacing_aware,original_gldm_HighGrayLevelEmphasis,gldm,HighGrayLevelEmphasis,57.862427841002805,35.28814118423223,22.574286656770575,0.39013721855573186,True,57.862427841002805,,,,35.28814118423223
strong_z5,voxel_spacing_aware,original_gldm_LargeDependenceEmphasis,gldm,LargeDependenceEmphasis,348.7008741547089,383.7225136071252,35.02163945241631,0.09126813833048446,True,348.7008741547089,,,,383.7225136071252
strong_z5,voxel_spacing_aware,original_gldm_LargeDependenceHighGrayLevelEmphasis,gldm,LargeDependenceHighGrayLevelEmphasis,21175.96999835065,13645.63585683655,7530.3341415141,0.35560751843247895,True,21175.96999835065,,,,13645.63585683655
strong_z5,voxel_spacing_aware,original_gldm_LargeDependenceLowGrayLevelEmphasis,gldm,LargeDependenceLowGrayLevelEmphasis,7.231108641741844,17.924322315846855,10.69321367410501,0.5965756186302879,True,7.231108641741844,,,,17.924322315846855
strong_z5,voxel_spacing_aware,original_gldm_LowGrayLevelEmphasis,gldm,LowGrayLevelEmphasis,0.0245837653301385,0.0509695439658383,0.026385778635699797,0.517677353624834,True,0.0245837653301385,,,,0.0509695439658383
strong_z5,voxel_spacing_aware,original_gldm_SmallDependenceEmphasis,gldm,SmallDependenceEmphasis,0.0096823583208683,0.0060947868511182,0.0035875714697500994,0.3705266166423359,True,0.0096823583208683,,,,0.0060947868511182
strong_z5,voxel_spacing_aware,original_gldm_SmallDependenceHighGrayLevelEmphasis,gldm,SmallDependenceHighGrayLevelEmphasis,0.4394191447560759,0.2169605095687737,0.22245863518730222,0.5062561288966831,True,0.4394191447560759,,,,0.2169605095687737
strong_z5,voxel_spacing_aware,original_gldm_SmallDependenceLowGrayLevelEmphasis,gldm,SmallDependenceLowGrayLevelEmphasis,0.0005115895772636,0.0003718428198154,0.00013974675744819997,0.2731618540699755,True,0.0005115895772636,,,,0.0003718428198154
strong_z5,voxel_spacing_aware,original_glrlm_GrayLevelNonUniformity,glrlm,GrayLevelNonUniformity,2936.530966317157,2899.054701944491,37.47626437266581,0.012762087239170706,True,2936.530966317157,,,,2899.054701944491
strong_z5,voxel_spacing_aware,original_glrlm_GrayLevelNonUniformityNormalized,glrlm,GrayLevelNonUniformityNormalized,0.1353988662056047,0.1483452326742761,0.012946366468671394,0.08727187409586616,True,0.1353988662056047,,,,0.1483452326742761
strong_z5,voxel_spacing_aware,original_glrlm_GrayLevelVariance,glrlm,GrayLevelVariance,4.141418585856181,3.435999953100764,0.7054186327554173,0.1703326090158022,True,4.141418585856181,,,,3.435999953100764
strong_z5,voxel_spacing_aware,original_glrlm_HighGrayLevelRunEmphasis,glrlm,HighGrayLevelRunEmphasis,54.42382483023277,35.04657606718118,19.37724876305159,0.3560434942508379,True,54.42382483023277,,,,35.04657606718118
strong_z5,voxel_spacing_aware,original_glrlm_LongRunEmphasis,glrlm,LongRunEmphasis,15.757901073887748,18.691665194806465,2.933764120918717,0.1569557388463106,True,15.757901073887748,,,,18.691665194806465
strong_z5,voxel_spacing_aware,original_glrlm_LongRunHighGrayLevelEmphasis,glrlm,LongRunHighGrayLevelEmphasis,930.7238682043436,666.1581005018771,264.5657677024665,0.28425806701712325,True,930.7238682043436,,,,666.1581005018771
strong_z5,voxel_spacing_aware,original_glrlm_LongRunLowGrayLevelEmphasis,glrlm,LongRunLowGrayLevelEmphasis,0.3551056576120378,0.8789976091437436,0.5238919515317058,0.596010667244071,True,0.3551056576120378,,,,0.8789976091437436
strong_z5,voxel_spacing_aware,original_glrlm_LowGrayLevelRunEmphasis,glrlm,LowGrayLevelRunEmphasis,0.0295779509283916,0.0563795353676818,0.026801584439290205,0.4753778878187343,True,0.0295779509283916,,,,0.0563795353676818
strong_z5,voxel_spacing_aware,original_glrlm_RunEntropy,glrlm,RunEntropy,5.55344524379396,5.43794118459407,0.11550405919988993,0.02079863114324699,True,5.55344524379396,,,,5.43794118459407
strong_z5,voxel_spacing_aware,original_glrlm_RunLengthNonUniformity,glrlm,RunLengthNonUniformity,5421.670040374613,4219.658574331612,1202.0114660430008,0.221705020241318,True,5421.670040374613,,,,4219.658574331612
strong_z5,voxel_spacing_aware,original_glrlm_RunLengthNonUniformityNormalized,glrlm,RunLengthNonUniformityNormalized,0.2365018754044796,0.2251612707175178,0.011340604686961797,0.047951436611512785,True,0.2365018754044796,,,,0.2251612707175178
strong_z5,voxel_spacing_aware,original_glrlm_RunPercentage,glrlm,RunPercentage,0.3594361765564141,0.3228358644489273,0.036600312107486765,0.10182701267895967,True,0.3594361765564141,,,,0.3228358644489273
strong_z5,voxel_spacing_aware,original_glrlm_RunVariance,glrlm,RunVariance,6.485032213449708,5.684700196915913,0.8003320165337948,0.12341218828087498,True,6.485032213449708,,,,5.684700196915913
strong_z5,voxel_spacing_aware,original_glrlm_ShortRunEmphasis,glrlm,ShortRunEmphasis,0.4612283564650496,0.3787440547515479,0.08248430171350174,0.17883614603767783,True,0.4612283564650496,,,,0.3787440547515479
strong_z5,voxel_spacing_aware,original_glrlm_ShortRunHighGrayLevelEmphasis,glrlm,ShortRunHighGrayLevelEmphasis,22.413877395405645,13.325290818389682,9.088586577015963,0.4054892608129874,True,22.413877395405645,,,,13.325290818389682
strong_z5,voxel_spacing_aware,original_glrlm_ShortRunLowGrayLevelEmphasis,glrlm,ShortRunLowGrayLevelEmphasis,0.0175433231606557,0.0237244706872589,0.0061811475266032,0.26053890129244284,True,0.0175433231606557,,,,0.0237244706872589
strong_z5,voxel_spacing_aware,original_glszm_GrayLevelNonUniformity,glszm,GrayLevelNonUniformity,35.57328990228013,16.81679389312977,18.75649600915036,0.527263462577526,True,35.57328990228013,,,,16.81679389312977
strong_z5,voxel_spacing_aware,original_glszm_GrayLevelNonUniformityNormalized,glszm,GrayLevelNonUniformityNormalized,0.1158739084764825,0.1283724724666394,0.012498563990156905,0.0973617143146086,True,0.1158739084764825,,,,0.1283724724666394
strong_z5,voxel_spacing_aware,original_glszm_GrayLevelVariance,glszm,GrayLevelVariance,6.572377425755181,5.749198764640755,0.8231786611144258,0.1252482332935773,True,6.572377425755181,,,,5.749198764640755
strong_z5,voxel_spacing_aware,original_glszm_HighGrayLevelZoneEmphasis,glszm,HighGrayLevelZoneEmphasis,37.925081433224754,37.229007633587784,0.6960737996369701,0.018353917073653685,True,37.925081433224754,,,,37.229007633587784
strong_z5,voxel_spacing_aware,original_glszm_LargeAreaEmphasis,glszm,LargeAreaEmphasis,1614508.638436482,1575057.6335877862,39451.004848695826,0.02443530118668232,True,1614508.638436482,,,,1575057.6335877862
strong_z5,voxel_spacing_aware,original_glszm_LargeAreaHighGrayLevelEmphasis,glszm,LargeAreaHighGrayLevelEmphasis,94705005.71661238,51830694.27480916,42874311.441803224,0.45271431132264384,True,94705005.71661238,,,,51830694.27480916
strong_z5,voxel_spacing_aware,original_glszm_LargeAreaLowGrayLevelEmphasis,glszm,LargeAreaLowGrayLevelEmphasis,31233.25967990131,60005.80668300152,28772.54700310021,0.47949604535940543,True,31233.25967990131,,,,60005.80668300152
strong_z5,voxel_spacing_aware,original_glszm_LowGrayLevelZoneEmphasis,glszm,LowGrayLevelZoneEmphasis,0.0796424254144547,0.0971847875423847,0.017542362127930006,0.18050522691403062,True,0.0796424254144547,,,,0.0971847875423847
strong_z5,voxel_spacing_aware,original_glszm_SizeZoneNonUniformity,glszm,SizeZoneNonUniformity,68.49837133550488,21.748091603053435,46.750279732451446,0.6825020627639258,True,68.49837133550488,,,,21.748091603053435
strong_z5,voxel_spacing_aware,original_glszm_SizeZoneNonUniformityNormalized,glszm,SizeZoneNonUniformityNormalized,0.2231217307345436,0.1660159664355224,0.0571057642990212,0.2559399486146963,True,0.2231217307345436,,,,0.1660159664355224
strong_z5,voxel_spacing_aware,original_glszm_SmallAreaEmphasis,glszm,SmallAreaEmphasis,0.4828701445369017,0.0164840804113479,0.4663860641255538,0.9658622911400807,True,0.4828701445369017,,,,0.0164840804113479
strong_z5,voxel_spacing_aware,original_glszm_SmallAreaHighGrayLevelEmphasis,glszm,SmallAreaHighGrayLevelEmphasis,19.709066089604633,0.634709429607412,19.07435665999722,0.9677960677222457,True,19.709066089604633,,,,0.634709429607412
strong_z5,voxel_spacing_aware,original_glszm_SmallAreaLowGrayLevelEmphasis,glszm,SmallAreaLowGrayLevelEmphasis,0.0391359072043632,0.0015193243780917,0.0376165828262715,0.9611782507006171,True,0.0391359072043632,,,,0.0015193243780917
strong_z5,voxel_spacing_aware,original_glszm_ZoneEntropy,glszm,ZoneEntropy,5.998241426503048,5.801185001517869,0.1970564249851794,0.03285236638100153,True,5.998241426503048,,,,5.801185001517869
strong_z5,voxel_spacing_aware,original_glszm_ZonePercentage,glszm,ZonePercentage,0.0050634999175325,0.0021606465446148,0.0029028533729176997,0.5732899022801392,True,0.0050634999175325,,,,0.0021606465446148
strong_z5,voxel_spacing_aware,original_glszm_ZoneVariance,glszm,ZoneVariance,1575505.6049825463,1360851.1829147486,214654.42206779774,0.13624478477826535,True,1575505.6049825463,,,,1360851.1829147486
strong_z5,voxel_spacing_aware,original_ngtdm_Busyness,ngtdm,Busyness,27.924265267887463,15.161452747480542,12.762812520406921,0.45705096975582693,True,27.924265267887463,,,,15.161452747480542
strong_z5,voxel_spacing_aware,original_ngtdm_Coarseness,ngtdm,Coarseness,0.0003871274602589,0.00130347504454,0.0009163475842811,0.7030035504856801,True,0.0003871274602589,,,,0.00130347504454
strong_z5,voxel_spacing_aware,original_ngtdm_Complexity,ngtdm,Complexity,18.521474924731283,16.478939682481755,2.042535242249528,0.11027929743986963,True,18.521474924731283,,,,16.478939682481755
strong_z5,voxel_spacing_aware,original_ngtdm_Contrast,ngtdm,Contrast,0.016663646808356,0.0302076454846812,0.013543998676325199,0.4483632689344685,True,0.016663646808356,,,,0.0302076454846812
strong_z5,voxel_spacing_aware,original_ngtdm_Strength,ngtdm,Strength,0.0203665009050925,0.0444533165494386,0.0240868156443461,0.5418451875814042,True,0.0203665009050925,,,,0.0444533165494386
