feature,family,short_feature,value,spacing_label,spacing_z,spacing_y,spacing_x,method
original_glcm_Autocorrelation,glcm,Autocorrelation,34.58753758495539,mild_z2,2.0,1.0,1.0,native_original
original_glcm_ClusterProminence,glcm,ClusterProminence,311.3041398881424,mild_z2,2.0,1.0,1.0,native_original
original_glcm_ClusterShade,glcm,ClusterShade,0.4655828255547775,mild_z2,2.0,1.0,1.0,native_original
original_glcm_ClusterTendency,glcm,ClusterTendency,11.011881190591271,mild_z2,2.0,1.0,1.0,native_original
original_glcm_Contrast,glcm,Contrast,1.4870374635756822,mild_z2,2.0,1.0,1.0,native_original
original_glcm_Correlation,glcm,Correlation,0.7621507062793819,mild_z2,2.0,1.0,1.0,native_original
original_glcm_DifferenceAverage,glcm,DifferenceAverage,0.839884673725355,mild_z2,2.0,1.0,1.0,native_original
original_glcm_DifferenceEntropy,glcm,DifferenceEntropy,1.4150890296130916,mild_z2,2.0,1.0,1.0,native_original
original_glcm_DifferenceVariance,glcm,DifferenceVariance,0.6260606611850738,mild_z2,2.0,1.0,1.0,native_original
original_glcm_Id,glcm,Id,0.6834857947267582,mild_z2,2.0,1.0,1.0,native_original
original_glcm_Idm,glcm,Idm,0.6447729421223551,mild_z2,2.0,1.0,1.0,native_original
original_glcm_Idmn,glcm,Idmn,0.9857016853537784,mild_z2,2.0,1.0,1.0,native_original
original_glcm_Idn,glcm,Idn,0.928487553126832,mild_z2,2.0,1.0,1.0,native_original
original_glcm_Imc1,glcm,Imc1,-0.3554414484150945,mild_z2,2.0,1.0,1.0,native_original
original_glcm_Imc2,glcm,Imc2,0.8936891348910181,mild_z2,2.0,1.0,1.0,native_original
original_glcm_InverseVariance,glcm,InverseVariance,0.31547116828531,mild_z2,2.0,1.0,1.0,native_original
original_glcm_JointAverage,glcm,JointAverage,5.67505992288611,mild_z2,2.0,1.0,1.0,native_original
original_glcm_JointEnergy,glcm,JointEnergy,0.055287016928315,mild_z2,2.0,1.0,1.0,native_original
original_glcm_JointEntropy,glcm,JointEntropy,4.6908746553418315,mild_z2,2.0,1.0,1.0,native_original
original_glcm_MCC,glcm,MCC,0.7655137585890059,mild_z2,2.0,1.0,1.0,native_original
original_glcm_MaximumProbability,glcm,MaximumProbability,0.1076572388849377,mild_z2,2.0,1.0,1.0,native_original
original_glcm_SumAverage,glcm,SumAverage,11.35011984577222,mild_z2,2.0,1.0,1.0,native_original
original_glcm_SumEntropy,glcm,SumEntropy,3.5846603778211015,mild_z2,2.0,1.0,1.0,native_original
original_glcm_SumSquares,glcm,SumSquares,3.1247296635417383,mild_z2,2.0,1.0,1.0,native_original
original_gldm_DependenceEntropy,gldm,DependenceEntropy,6.748581417208246,mild_z2,2.0,1.0,1.0,native_original
original_gldm_DependenceNonUniformity,gldm,DependenceNonUniformity,868.097971301336,mild_z2,2.0,1.0,1.0,native_original
original_gldm_DependenceNonUniformityNormalized,gldm,DependenceNonUniformityNormalized,0.0715898046595197,mild_z2,2.0,1.0,1.0,native_original
original_gldm_DependenceVariance,gldm,DependenceVariance,19.75530969571819,mild_z2,2.0,1.0,1.0,native_original
original_gldm_GrayLevelNonUniformity,gldm,GrayLevelNonUniformity,1871.541810984661,mild_z2,2.0,1.0,1.0,native_original
original_gldm_GrayLevelVariance,gldm,GrayLevelVariance,3.193851224412078,mild_z2,2.0,1.0,1.0,native_original
original_gldm_HighGrayLevelEmphasis,gldm,HighGrayLevelEmphasis,35.28814118423223,mild_z2,2.0,1.0,1.0,native_original
original_gldm_LargeDependenceEmphasis,gldm,LargeDependenceEmphasis,164.7585353785255,mild_z2,2.0,1.0,1.0,native_original
original_gldm_LargeDependenceHighGrayLevelEmphasis,gldm,LargeDependenceHighGrayLevelEmphasis,5844.428995546759,mild_z2,2.0,1.0,1.0,native_original
original_gldm_LargeDependenceLowGrayLevelEmphasis,gldm,LargeDependenceLowGrayLevelEmphasis,7.726119594189104,mild_z2,2.0,1.0,1.0,native_original
original_gldm_LowGrayLevelEmphasis,gldm,LowGrayLevelEmphasis,0.0509695439658383,mild_z2,2.0,1.0,1.0,native_original
original_gldm_SmallDependenceEmphasis,gldm,SmallDependenceEmphasis,0.0184646284013753,mild_z2,2.0,1.0,1.0,native_original
original_gldm_SmallDependenceHighGrayLevelEmphasis,gldm,SmallDependenceHighGrayLevelEmphasis,0.664409370361318,mild_z2,2.0,1.0,1.0,native_original
original_gldm_SmallDependenceLowGrayLevelEmphasis,gldm,SmallDependenceLowGrayLevelEmphasis,0.0012243385755492,mild_z2,2.0,1.0,1.0,native_original
original_glrlm_GrayLevelNonUniformity,glrlm,GrayLevelNonUniformity,1060.4856227970497,mild_z2,2.0,1.0,1.0,native_original
original_glrlm_GrayLevelNonUniformityNormalized,glrlm,GrayLevelNonUniformityNormalized,0.1510499332872742,mild_z2,2.0,1.0,1.0,native_original
original_glrlm_GrayLevelVariance,glrlm,GrayLevelVariance,3.328031593877766,mild_z2,2.0,1.0,1.0,native_original
original_glrlm_HighGrayLevelRunEmphasis,glrlm,HighGrayLevelRunEmphasis,35.176505801514004,mild_z2,2.0,1.0,1.0,native_original
original_glrlm_LongRunEmphasis,glrlm,LongRunEmphasis,8.538886686963691,mild_z2,2.0,1.0,1.0,native_original
original_glrlm_LongRunHighGrayLevelEmphasis,glrlm,LongRunHighGrayLevelEmphasis,305.59498132009577,mild_z2,2.0,1.0,1.0,native_original
original_glrlm_LongRunLowGrayLevelEmphasis,glrlm,LongRunLowGrayLevelEmphasis,0.3906957237542382,mild_z2,2.0,1.0,1.0,native_original
original_glrlm_LowGrayLevelRunEmphasis,glrlm,LowGrayLevelRunEmphasis,0.0539520416041134,mild_z2,2.0,1.0,1.0,native_original
original_glrlm_RunEntropy,glrlm,RunEntropy,4.465247063041276,mild_z2,2.0,1.0,1.0,native_original
original_glrlm_RunLengthNonUniformity,glrlm,RunLengthNonUniformity,3243.2719636032457,mild_z2,2.0,1.0,1.0,native_original
original_glrlm_RunLengthNonUniformityNormalized,glrlm,RunLengthNonUniformityNormalized,0.4103940546942009,mild_z2,2.0,1.0,1.0,native_original
original_glrlm_RunPercentage,glrlm,RunPercentage,0.5753181339524732,mild_z2,2.0,1.0,1.0,native_original
original_glrlm_RunVariance,glrlm,RunVariance,3.03727160188601,mild_z2,2.0,1.0,1.0,native_original
original_glrlm_ShortRunEmphasis,glrlm,ShortRunEmphasis,0.586800355325577,mild_z2,2.0,1.0,1.0,native_original
original_glrlm_ShortRunHighGrayLevelEmphasis,glrlm,ShortRunHighGrayLevelEmphasis,20.704940890205833,mild_z2,2.0,1.0,1.0,native_original
original_glrlm_ShortRunLowGrayLevelEmphasis,glrlm,ShortRunLowGrayLevelEmphasis,0.0327323362063336,mild_z2,2.0,1.0,1.0,native_original
original_glszm_GrayLevelNonUniformity,glszm,GrayLevelNonUniformity,16.81679389312977,mild_z2,2.0,1.0,1.0,native_original
original_glszm_GrayLevelNonUniformityNormalized,glszm,GrayLevelNonUniformityNormalized,0.1283724724666394,mild_z2,2.0,1.0,1.0,native_original
original_glszm_GrayLevelVariance,glszm,GrayLevelVariance,5.749198764640755,mild_z2,2.0,1.0,1.0,native_original
original_glszm_HighGrayLevelZoneEmphasis,glszm,HighGrayLevelZoneEmphasis,37.229007633587784,mild_z2,2.0,1.0,1.0,native_original
original_glszm_LargeAreaEmphasis,glszm,LargeAreaEmphasis,63002.30534351145,mild_z2,2.0,1.0,1.0,native_original
original_glszm_LargeAreaHighGrayLevelEmphasis,glszm,LargeAreaHighGrayLevelEmphasis,2073227.7709923664,mild_z2,2.0,1.0,1.0,native_original
original_glszm_LargeAreaLowGrayLevelEmphasis,glszm,LargeAreaLowGrayLevelEmphasis,2400.232267320061,mild_z2,2.0,1.0,1.0,native_original
original_glszm_LowGrayLevelZoneEmphasis,glszm,LowGrayLevelZoneEmphasis,0.0971847875423847,mild_z2,2.0,1.0,1.0,native_original
original_glszm_SizeZoneNonUniformity,glszm,SizeZoneNonUniformity,21.748091603053435,mild_z2,2.0,1.0,1.0,native_original
original_glszm_SizeZoneNonUniformityNormalized,glszm,SizeZoneNonUniformityNormalized,0.1660159664355224,mild_z2,2.0,1.0,1.0,native_original
original_glszm_SmallAreaEmphasis,glszm,SmallAreaEmphasis,0.4121020102836982,mild_z2,2.0,1.0,1.0,native_original
original_glszm_SmallAreaHighGrayLevelEmphasis,glszm,SmallAreaHighGrayLevelEmphasis,15.867735740185298,mild_z2,2.0,1.0,1.0,native_original
original_glszm_SmallAreaLowGrayLevelEmphasis,glszm,SmallAreaLowGrayLevelEmphasis,0.037983109452293,mild_z2,2.0,1.0,1.0,native_original
original_glszm_ZoneEntropy,glszm,ZoneEntropy,5.801185001517869,mild_z2,2.0,1.0,1.0,native_original
original_glszm_ZonePercentage,glszm,ZonePercentage,0.0108032327230743,mild_z2,2.0,1.0,1.0,native_original
original_glszm_ZoneVariance,glszm,ZoneVariance,54434.04731658994,mild_z2,2.0,1.0,1.0,native_original
original_ngtdm_Busyness,ngtdm,Busyness,25.022526338132504,mild_z2,2.0,1.0,1.0,native_original
original_ngtdm_Coarseness,ngtdm,Coarseness,0.0007897913675166,mild_z2,2.0,1.0,1.0,native_original
original_ngtdm_Complexity,ngtdm,Complexity,26.94568433418289,mild_z2,2.0,1.0,1.0,native_original
original_ngtdm_Contrast,ngtdm,Contrast,0.0491961938079195,mild_z2,2.0,1.0,1.0,native_original
original_ngtdm_Strength,ngtdm,Strength,0.0272954048475106,mild_z2,2.0,1.0,1.0,native_original
original_glcm_Autocorrelation,glcm,Autocorrelation,34.91267555223764,mild_z2,2.0,1.0,1.0,resample_nearest
original_glcm_ClusterProminence,glcm,ClusterProminence,348.76172169509266,mild_z2,2.0,1.0,1.0,resample_nearest
original_glcm_ClusterShade,glcm,ClusterShade,0.3823292467070684,mild_z2,2.0,1.0,1.0,resample_nearest
original_glcm_ClusterTendency,glcm,ClusterTendency,11.67349108551428,mild_z2,2.0,1.0,1.0,resample_nearest
original_glcm_Contrast,glcm,Contrast,0.8255547870851264,mild_z2,2.0,1.0,1.0,resample_nearest
original_glcm_Correlation,glcm,Correlation,0.867884033317856,mild_z2,2.0,1.0,1.0,resample_nearest
original_glcm_DifferenceAverage,glcm,DifferenceAverage,0.5190221286664185,mild_z2,2.0,1.0,1.0,resample_nearest
original_glcm_DifferenceEntropy,glcm,DifferenceEntropy,1.2612574578769082,mild_z2,2.0,1.0,1.0,resample_nearest
original_glcm_DifferenceVariance,glcm,DifferenceVariance,0.5216433018863657,mild_z2,2.0,1.0,1.0,resample_nearest
original_glcm_Id,glcm,Id,0.7894784720231711,mild_z2,2.0,1.0,1.0,resample_nearest
original_glcm_Idm,glcm,Idm,0.7711422015086615,mild_z2,2.0,1.0,1.0,resample_nearest
original_glcm_Idmn,glcm,Idmn,0.9920274234178288,mild_z2,2.0,1.0,1.0,resample_nearest
original_glcm_Idn,glcm,Idn,0.9551090272298136,mild_z2,2.0,1.0,1.0,resample_nearest
original_glcm_Imc1,glcm,Imc1,-0.4492095822889498,mild_z2,2.0,1.0,1.0,resample_nearest
original_glcm_Imc2,glcm,Imc2,0.9491749714918029,mild_z2,2.0,1.0,1.0,resample_nearest
original_glcm_InverseVariance,glcm,InverseVariance,0.2706322085470135,mild_z2,2.0,1.0,1.0,resample_nearest
original_glcm_JointAverage,glcm,JointAverage,5.67456289440158,mild_z2,2.0,1.0,1.0,resample_nearest
original_glcm_JointEnergy,glcm,JointEnergy,0.0705990036799277,mild_z2,2.0,1.0,1.0,resample_nearest
original_glcm_JointEntropy,glcm,JointEntropy,4.422969574368621,mild_z2,2.0,1.0,1.0,resample_nearest
original_glcm_MCC,glcm,MCC,0.8702652613701607,mild_z2,2.0,1.0,1.0,resample_nearest
original_glcm_MaximumProbability,glcm,MaximumProbability,0.1445961337229467,mild_z2,2.0,1.0,1.0,resample_nearest
original_glcm_SumAverage,glcm,SumAverage,11.349125788803162,mild_z2,2.0,1.0,1.0,resample_nearest
original_glcm_SumEntropy,glcm,SumEntropy,3.5921984138039127,mild_z2,2.0,1.0,1.0,resample_nearest
original_glcm_SumSquares,glcm,SumSquares,3.124761468149851,mild_z2,2.0,1.0,1.0,resample_nearest
original_gldm_DependenceEntropy,gldm,DependenceEntropy,6.801460758056764,mild_z2,2.0,1.0,1.0,resample_nearest
original_gldm_DependenceNonUniformity,gldm,DependenceNonUniformity,2075.8487547418767,mild_z2,2.0,1.0,1.0,resample_nearest
original_gldm_DependenceNonUniformityNormalized,gldm,DependenceNonUniformityNormalized,0.0855949511274071,mild_z2,2.0,1.0,1.0,resample_nearest
original_gldm_DependenceVariance,gldm,DependenceVariance,32.83296856833584,mild_z2,2.0,1.0,1.0,resample_nearest
original_gldm_GrayLevelNonUniformity,gldm,GrayLevelNonUniformity,3743.083621969322,mild_z2,2.0,1.0,1.0,resample_nearest
original_gldm_GrayLevelVariance,gldm,GrayLevelVariance,3.193851224412078,mild_z2,2.0,1.0,1.0,resample_nearest
original_gldm_HighGrayLevelEmphasis,gldm,HighGrayLevelEmphasis,35.28814118423223,mild_z2,2.0,1.0,1.0,resample_nearest
original_gldm_LargeDependenceEmphasis,gldm,LargeDependenceEmphasis,293.47996041563584,mild_z2,2.0,1.0,1.0,resample_nearest
original_gldm_LargeDependenceHighGrayLevelEmphasis,gldm,LargeDependenceHighGrayLevelEmphasis,10426.630710869207,mild_z2,2.0,1.0,1.0,resample_nearest
original_gldm_LargeDependenceLowGrayLevelEmphasis,gldm,LargeDependenceLowGrayLevelEmphasis,13.729170198478563,mild_z2,2.0,1.0,1.0,resample_nearest
original_gldm_LowGrayLevelEmphasis,gldm,LowGrayLevelEmphasis,0.0509695439658383,mild_z2,2.0,1.0,1.0,resample_nearest
original_gldm_SmallDependenceEmphasis,gldm,SmallDependenceEmphasis,0.0082491557355209,mild_z2,2.0,1.0,1.0,resample_nearest
original_gldm_SmallDependenceHighGrayLevelEmphasis,gldm,SmallDependenceHighGrayLevelEmphasis,0.2939901804103844,mild_z2,2.0,1.0,1.0,resample_nearest
original_gldm_SmallDependenceLowGrayLevelEmphasis,gldm,SmallDependenceLowGrayLevelEmphasis,0.0005076422378324,mild_z2,2.0,1.0,1.0,resample_nearest
original_glrlm_GrayLevelNonUniformity,glrlm,GrayLevelNonUniformity,1518.4409053027805,mild_z2,2.0,1.0,1.0,resample_nearest
original_glrlm_GrayLevelNonUniformityNormalized,glrlm,GrayLevelNonUniformityNormalized,0.1496540944472149,mild_z2,2.0,1.0,1.0,resample_nearest
original_glrlm_GrayLevelVariance,glrlm,GrayLevelVariance,3.378319092938215,mild_z2,2.0,1.0,1.0,resample_nearest
original_glrlm_HighGrayLevelRunEmphasis,glrlm,HighGrayLevelRunEmphasis,35.11513644124269,mild_z2,2.0,1.0,1.0,resample_nearest
original_glrlm_LongRunEmphasis,glrlm,LongRunEmphasis,10.947086247310567,mild_z2,2.0,1.0,1.0,resample_nearest
original_glrlm_LongRunHighGrayLevelEmphasis,glrlm,LongRunHighGrayLevelEmphasis,390.92894615528337,mild_z2,2.0,1.0,1.0,resample_nearest
original_glrlm_LongRunLowGrayLevelEmphasis,glrlm,LongRunLowGrayLevelEmphasis,0.5070571409042249,mild_z2,2.0,1.0,1.0,resample_nearest
original_glrlm_LowGrayLevelRunEmphasis,glrlm,LowGrayLevelRunEmphasis,0.0550788234607977,mild_z2,2.0,1.0,1.0,resample_nearest
original_glrlm_RunEntropy,glrlm,RunEntropy,4.995963299799543,mild_z2,2.0,1.0,1.0,resample_nearest
original_glrlm_RunLengthNonUniformity,glrlm,RunLengthNonUniformity,2959.1766689855167,mild_z2,2.0,1.0,1.0,resample_nearest
original_glrlm_RunLengthNonUniformityNormalized,glrlm,RunLengthNonUniformityNormalized,0.2806350438735406,mild_z2,2.0,1.0,1.0,resample_nearest
original_glrlm_RunPercentage,glrlm,RunPercentage,0.417516715512757,mild_z2,2.0,1.0,1.0,resample_nearest
original_glrlm_RunVariance,glrlm,RunVariance,3.63543994546844,mild_z2,2.0,1.0,1.0,resample_nearest
original_glrlm_ShortRunEmphasis,glrlm,ShortRunEmphasis,0.4350737558508006,mild_z2,2.0,1.0,1.0,resample_nearest
original_glrlm_ShortRunHighGrayLevelEmphasis,glrlm,ShortRunHighGrayLevelEmphasis,15.28764108457636,mild_z2,2.0,1.0,1.0,resample_nearest
original_glrlm_ShortRunLowGrayLevelEmphasis,glrlm,ShortRunLowGrayLevelEmphasis,0.0260646153536868,mild_z2,2.0,1.0,1.0,resample_nearest
original_glszm_GrayLevelNonUniformity,glszm,GrayLevelNonUniformity,16.81679389312977,mild_z2,2.0,1.0,1.0,resample_nearest
original_glszm_GrayLevelNonUniformityNormalized,glszm,GrayLevelNonUniformityNormalized,0.1283724724666394,mild_z2,2.0,1.0,1.0,resample_nearest
original_glszm_GrayLevelVariance,glszm,GrayLevelVariance,5.749198764640755,mild_z2,2.0,1.0,1.0,resample_nearest
original_glszm_HighGrayLevelZoneEmphasis,glszm,HighGrayLevelZoneEmphasis,37.229007633587784,mild_z2,2.0,1.0,1.0,resample_nearest
original_glszm_LargeAreaEmphasis,glszm,LargeAreaEmphasis,252009.2213740458,mild_z2,2.0,1.0,1.0,resample_nearest
original_glszm_LargeAreaHighGrayLevelEmphasis,glszm,LargeAreaHighGrayLevelEmphasis,8292911.083969465,mild_z2,2.0,1.0,1.0,resample_nearest
original_glszm_LargeAreaLowGrayLevelEmphasis,glszm,LargeAreaLowGrayLevelEmphasis,9600.929069280244,mild_z2,2.0,1.0,1.0,resample_nearest
original_glszm_LowGrayLevelZoneEmphasis,glszm,LowGrayLevelZoneEmphasis,0.0971847875423847,mild_z2,2.0,1.0,1.0,resample_nearest
original_glszm_SizeZoneNonUniformity,glszm,SizeZoneNonUniformity,21.748091603053435,mild_z2,2.0,1.0,1.0,resample_nearest
original_glszm_SizeZoneNonUniformityNormalized,glszm,SizeZoneNonUniformityNormalized,0.1660159664355224,mild_z2,2.0,1.0,1.0,resample_nearest
original_glszm_SmallAreaEmphasis,glszm,SmallAreaEmphasis,0.1030255025709245,mild_z2,2.0,1.0,1.0,resample_nearest
original_glszm_SmallAreaHighGrayLevelEmphasis,glszm,SmallAreaHighGrayLevelEmphasis,3.966933935046325,mild_z2,2.0,1.0,1.0,resample_nearest
original_glszm_SmallAreaLowGrayLevelEmphasis,glszm,SmallAreaLowGrayLevelEmphasis,0.0094957773630732,mild_z2,2.0,1.0,1.0,resample_nearest
original_glszm_ZoneEntropy,glszm,ZoneEntropy,5.801185001517869,mild_z2,2.0,1.0,1.0,resample_nearest
original_glszm_ZonePercentage,glszm,ZonePercentage,0.0054016163615371,mild_z2,2.0,1.0,1.0,resample_nearest
original_glszm_ZoneVariance,glszm,ZoneVariance,217736.18926635975,mild_z2,2.0,1.0,1.0,resample_nearest
original_ngtdm_Busyness,ngtdm,Busyness,30.91374644596969,mild_z2,2.0,1.0,1.0,resample_nearest
original_ngtdm_Coarseness,ngtdm,Coarseness,0.0006392811472997,mild_z2,2.0,1.0,1.0,resample_nearest
original_ngtdm_Complexity,ngtdm,Complexity,16.648098812793826,mild_z2,2.0,1.0,1.0,resample_nearest
original_ngtdm_Contrast,ngtdm,Contrast,0.0304339699038169,mild_z2,2.0,1.0,1.0,resample_nearest
original_ngtdm_Strength,ngtdm,Strength,0.0220613681223254,mild_z2,2.0,1.0,1.0,resample_nearest
original_glcm_Autocorrelation,glcm,Autocorrelation,59.18256870151155,mild_z2,2.0,1.0,1.0,resample_linear
original_glcm_ClusterProminence,glcm,ClusterProminence,393.27799463271583,mild_z2,2.0,1.0,1.0,resample_linear
original_glcm_ClusterShade,glcm,ClusterShade,-2.980002194676323,mild_z2,2.0,1.0,1.0,resample_linear
original_glcm_ClusterTendency,glcm,ClusterTendency,12.11082553950426,mild_z2,2.0,1.0,1.0,resample_linear
original_glcm_Contrast,glcm,Contrast,1.539888989250791,mild_z2,2.0,1.0,1.0,resample_linear
original_glcm_Correlation,glcm,Correlation,0.7690671355842235,mild_z2,2.0,1.0,1.0,resample_linear
original_glcm_DifferenceAverage,glcm,DifferenceAverage,0.6603900606209083,mild_z2,2.0,1.0,1.0,resample_linear
original_glcm_DifferenceEntropy,glcm,DifferenceEntropy,1.3150343156037456,mild_z2,2.0,1.0,1.0,resample_linear
original_glcm_DifferenceVariance,glcm,DifferenceVariance,1.0260497824621388,mild_z2,2.0,1.0,1.0,resample_linear
original_glcm_Id,glcm,Id,0.7448944346179934,mild_z2,2.0,1.0,1.0,resample_linear
original_glcm_Idm,glcm,Idm,0.7364094428900414,mild_z2,2.0,1.0,1.0,resample_linear
original_glcm_Idmn,glcm,Idmn,0.9905204872965908,mild_z2,2.0,1.0,1.0,resample_linear
original_glcm_Idn,glcm,Idn,0.9531654789926242,mild_z2,2.0,1.0,1.0,resample_linear
original_glcm_Imc1,glcm,Imc1,-0.4444262221075795,mild_z2,2.0,1.0,1.0,resample_linear
original_glcm_Imc2,glcm,Imc2,0.9490823623314936,mild_z2,2.0,1.0,1.0,resample_linear
original_glcm_InverseVariance,glcm,InverseVariance,0.418444651206302,mild_z2,2.0,1.0,1.0,resample_linear
original_glcm_JointAverage,glcm,JointAverage,7.519095015920349,mild_z2,2.0,1.0,1.0,resample_linear
original_glcm_JointEnergy,glcm,JointEnergy,0.0622984301699755,mild_z2,2.0,1.0,1.0,resample_linear
original_glcm_JointEntropy,glcm,JointEntropy,4.5348149369654,mild_z2,2.0,1.0,1.0,resample_linear
original_glcm_MCC,glcm,MCC,0.8612574774030691,mild_z2,2.0,1.0,1.0,resample_linear
original_glcm_MaximumProbability,glcm,MaximumProbability,0.1152772057912991,mild_z2,2.0,1.0,1.0,resample_linear
original_glcm_SumAverage,glcm,SumAverage,15.038190031840696,mild_z2,2.0,1.0,1.0,resample_linear
original_glcm_SumEntropy,glcm,SumEntropy,3.7468640205574215,mild_z2,2.0,1.0,1.0,resample_linear
original_glcm_SumSquares,glcm,SumSquares,3.4126786321887623,mild_z2,2.0,1.0,1.0,resample_linear
original_gldm_DependenceEntropy,gldm,DependenceEntropy,7.120348981431219,mild_z2,2.0,1.0,1.0,resample_linear
original_gldm_DependenceNonUniformity,gldm,DependenceNonUniformity,1585.1556160316677,mild_z2,2.0,1.0,1.0,resample_linear
original_gldm_DependenceNonUniformityNormalized,gldm,DependenceNonUniformityNormalized,0.0653618512300704,mild_z2,2.0,1.0,1.0,resample_linear
original_gldm_DependenceVariance,gldm,DependenceVariance,31.535121411555053,mild_z2,2.0,1.0,1.0,resample_linear
original_gldm_GrayLevelNonUniformity,gldm,GrayLevelNonUniformity,3529.549727857496,mild_z2,2.0,1.0,1.0,resample_linear
original_gldm_GrayLevelVariance,gldm,GrayLevelVariance,3.729217222680465,mild_z2,2.0,1.0,1.0,resample_linear
original_gldm_HighGrayLevelEmphasis,gldm,HighGrayLevelEmphasis,58.76735939303975,mild_z2,2.0,1.0,1.0,resample_linear
original_gldm_LargeDependenceEmphasis,gldm,LargeDependenceEmphasis,220.165841992413,mild_z2,2.0,1.0,1.0,resample_linear
original_gldm_LargeDependenceHighGrayLevelEmphasis,gldm,LargeDependenceHighGrayLevelEmphasis,13421.03043047996,mild_z2,2.0,1.0,1.0,resample_linear
original_gldm_LargeDependenceLowGrayLevelEmphasis,gldm,LargeDependenceLowGrayLevelEmphasis,4.675164603995327,mild_z2,2.0,1.0,1.0,resample_linear
original_gldm_LowGrayLevelEmphasis,gldm,LowGrayLevelEmphasis,0.0249239715246254,mild_z2,2.0,1.0,1.0,resample_linear
original_gldm_SmallDependenceEmphasis,gldm,SmallDependenceEmphasis,0.0130265092929411,mild_z2,2.0,1.0,1.0,resample_linear
original_gldm_SmallDependenceHighGrayLevelEmphasis,gldm,SmallDependenceHighGrayLevelEmphasis,0.6900599319673231,mild_z2,2.0,1.0,1.0,resample_linear
original_gldm_SmallDependenceLowGrayLevelEmphasis,gldm,SmallDependenceLowGrayLevelEmphasis,0.0005621676636602,mild_z2,2.0,1.0,1.0,resample_linear
original_glrlm_GrayLevelNonUniformity,glrlm,GrayLevelNonUniformity,1711.0293326588703,mild_z2,2.0,1.0,1.0,resample_linear
original_glrlm_GrayLevelNonUniformityNormalized,glrlm,GrayLevelNonUniformityNormalized,0.1385082522524047,mild_z2,2.0,1.0,1.0,resample_linear
original_glrlm_GrayLevelVariance,glrlm,GrayLevelVariance,4.117445629162782,mild_z2,2.0,1.0,1.0,resample_linear
original_glrlm_HighGrayLevelRunEmphasis,glrlm,HighGrayLevelRunEmphasis,57.64239521840056,mild_z2,2.0,1.0,1.0,resample_linear
original_glrlm_LongRunEmphasis,glrlm,LongRunEmphasis,10.58662343983944,mild_z2,2.0,1.0,1.0,resample_linear
original_glrlm_LongRunHighGrayLevelEmphasis,glrlm,LongRunHighGrayLevelEmphasis,620.86731695225,mild_z2,2.0,1.0,1.0,resample_linear
original_glrlm_LongRunLowGrayLevelEmphasis,glrlm,LongRunLowGrayLevelEmphasis,0.2627633991963672,mild_z2,2.0,1.0,1.0,resample_linear
original_glrlm_LowGrayLevelRunEmphasis,glrlm,LowGrayLevelRunEmphasis,0.0272020239085064,mild_z2,2.0,1.0,1.0,resample_linear
original_glrlm_RunEntropy,glrlm,RunEntropy,4.958195483807131,mild_z2,2.0,1.0,1.0,resample_linear
original_glrlm_RunLengthNonUniformity,glrlm,RunLengthNonUniformity,5177.906864008198,mild_z2,2.0,1.0,1.0,resample_linear
original_glrlm_RunLengthNonUniformityNormalized,glrlm,RunLengthNonUniformityNormalized,0.3723766176369806,mild_z2,2.0,1.0,1.0,resample_linear
original_glrlm_RunPercentage,glrlm,RunPercentage,0.5102196170974004,mild_z2,2.0,1.0,1.0,resample_linear
original_glrlm_RunVariance,glrlm,RunVariance,4.0156725010708065,mild_z2,2.0,1.0,1.0,resample_linear
original_glrlm_ShortRunEmphasis,glrlm,ShortRunEmphasis,0.5915240934450503,mild_z2,2.0,1.0,1.0,resample_linear
original_glrlm_ShortRunHighGrayLevelEmphasis,glrlm,ShortRunHighGrayLevelEmphasis,33.107184176622795,mild_z2,2.0,1.0,1.0,resample_linear
original_glrlm_ShortRunLowGrayLevelEmphasis,glrlm,ShortRunLowGrayLevelEmphasis,0.0180272640221568,mild_z2,2.0,1.0,1.0,resample_linear
original_glszm_GrayLevelNonUniformity,glszm,GrayLevelNonUniformity,15.192592592592591,mild_z2,2.0,1.0,1.0,resample_linear
original_glszm_GrayLevelNonUniformityNormalized,glszm,GrayLevelNonUniformityNormalized,0.1125377229080932,mild_z2,2.0,1.0,1.0,resample_linear
original_glszm_GrayLevelVariance,glszm,GrayLevelVariance,9.666611796982169,mild_z2,2.0,1.0,1.0,resample_linear
original_glszm_HighGrayLevelZoneEmphasis,glszm,HighGrayLevelZoneEmphasis,45.577777777777776,mild_z2,2.0,1.0,1.0,resample_linear
original_glszm_LargeAreaEmphasis,glszm,LargeAreaEmphasis,611254.8592592593,mild_z2,2.0,1.0,1.0,resample_linear
original_glszm_LargeAreaHighGrayLevelEmphasis,glszm,LargeAreaHighGrayLevelEmphasis,36257682.47407407,mild_z2,2.0,1.0,1.0,resample_linear
original_glszm_LargeAreaLowGrayLevelEmphasis,glszm,LargeAreaLowGrayLevelEmphasis,11785.000703743037,mild_z2,2.0,1.0,1.0,resample_linear
original_glszm_LowGrayLevelZoneEmphasis,glszm,LowGrayLevelZoneEmphasis,0.0718463057609081,mild_z2,2.0,1.0,1.0,resample_linear
original_glszm_SizeZoneNonUniformity,glszm,SizeZoneNonUniformity,35.577777777777776,mild_z2,2.0,1.0,1.0,resample_linear
original_glszm_SizeZoneNonUniformityNormalized,glszm,SizeZoneNonUniformityNormalized,0.2635390946502057,mild_z2,2.0,1.0,1.0,resample_linear
original_glszm_SmallAreaEmphasis,glszm,SmallAreaEmphasis,0.5265253685880661,mild_z2,2.0,1.0,1.0,resample_linear
original_glszm_SmallAreaHighGrayLevelEmphasis,glszm,SmallAreaHighGrayLevelEmphasis,25.3676843625906,mild_z2,2.0,1.0,1.0,resample_linear
original_glszm_SmallAreaLowGrayLevelEmphasis,glszm,SmallAreaLowGrayLevelEmphasis,0.032818936628156,mild_z2,2.0,1.0,1.0,resample_linear
original_glszm_ZoneEntropy,glszm,ZoneEntropy,5.422910875866784,mild_z2,2.0,1.0,1.0,resample_linear
original_glszm_ZonePercentage,glszm,ZonePercentage,0.0055665512122711,mild_z2,2.0,1.0,1.0,resample_linear
original_glszm_ZoneVariance,glszm,ZoneVariance,578982.7328395062,mild_z2,2.0,1.0,1.0,resample_linear
original_ngtdm_Busyness,ngtdm,Busyness,16.123669316744785,mild_z2,2.0,1.0,1.0,resample_linear
original_ngtdm_Coarseness,ngtdm,Coarseness,0.0006719447464082,mild_z2,2.0,1.0,1.0,resample_linear
original_ngtdm_Complexity,ngtdm,Complexity,29.61253642938374,mild_z2,2.0,1.0,1.0,resample_linear
original_ngtdm_Contrast,ngtdm,Contrast,0.0300122740983926,mild_z2,2.0,1.0,1.0,resample_linear
original_ngtdm_Strength,ngtdm,Strength,0.0307227257473678,mild_z2,2.0,1.0,1.0,resample_linear
original_glcm_Autocorrelation,glcm,Autocorrelation,60.301321375887376,mild_z2,2.0,1.0,1.0,resample_bspline
original_glcm_ClusterProminence,glcm,ClusterProminence,453.9731669351298,mild_z2,2.0,1.0,1.0,resample_bspline
original_glcm_ClusterShade,glcm,ClusterShade,-2.9464321518567704,mild_z2,2.0,1.0,1.0,resample_bspline
original_glcm_ClusterTendency,glcm,ClusterTendency,13.099824275878388,mild_z2,2.0,1.0,1.0,resample_bspline
original_glcm_Contrast,glcm,Contrast,1.6997200290651984,mild_z2,2.0,1.0,1.0,resample_bspline
original_glcm_Correlation,glcm,Correlation,0.7657056772590904,mild_z2,2.0,1.0,1.0,resample_bspline
original_glcm_DifferenceAverage,glcm,DifferenceAverage,0.7435118350439841,mild_z2,2.0,1.0,1.0,resample_bspline
original_glcm_DifferenceEntropy,glcm,DifferenceEntropy,1.46460731892236,mild_z2,2.0,1.0,1.0,resample_bspline
original_glcm_DifferenceVariance,glcm,DifferenceVariance,1.0447055106952368,mild_z2,2.0,1.0,1.0,resample_bspline
original_glcm_Id,glcm,Id,0.7184020762407678,mild_z2,2.0,1.0,1.0,resample_bspline
original_glcm_Idm,glcm,Idm,0.7038073339939714,mild_z2,2.0,1.0,1.0,resample_bspline
original_glcm_Idmn,glcm,Idmn,0.9908338529375942,mild_z2,2.0,1.0,1.0,resample_bspline
original_glcm_Idn,glcm,Idn,0.950763782945301,mild_z2,2.0,1.0,1.0,resample_bspline
original_glcm_Imc1,glcm,Imc1,-0.3922011294785526,mild_z2,2.0,1.0,1.0,resample_bspline
original_glcm_Imc2,glcm,Imc2,0.9273736169345818,mild_z2,2.0,1.0,1.0,resample_bspline
original_glcm_InverseVariance,glcm,InverseVariance,0.4217200377240005,mild_z2,2.0,1.0,1.0,resample_bspline
original_glcm_JointAverage,glcm,JointAverage,7.579461121139233,mild_z2,2.0,1.0,1.0,resample_bspline
original_glcm_JointEnergy,glcm,JointEnergy,0.0545907147531605,mild_z2,2.0,1.0,1.0,resample_bspline
original_glcm_JointEntropy,glcm,JointEntropy,4.780625029349227,mild_z2,2.0,1.0,1.0,resample_bspline
original_glcm_MCC,glcm,MCC,0.8307961463769,mild_z2,2.0,1.0,1.0,resample_bspline
original_glcm_MaximumProbability,glcm,MaximumProbability,0.1106752177143991,mild_z2,2.0,1.0,1.0,resample_bspline
original_glcm_SumAverage,glcm,SumAverage,15.158922242278468,mild_z2,2.0,1.0,1.0,resample_bspline
original_glcm_SumEntropy,glcm,SumEntropy,3.8107900905168455,mild_z2,2.0,1.0,1.0,resample_bspline
original_glcm_SumSquares,glcm,SumSquares,3.699886076235896,mild_z2,2.0,1.0,1.0,resample_bspline
original_gldm_DependenceEntropy,gldm,DependenceEntropy,7.2272073825394925,mild_z2,2.0,1.0,1.0,resample_bspline
original_gldm_DependenceNonUniformity,gldm,DependenceNonUniformity,1422.7408048820716,mild_z2,2.0,1.0,1.0,resample_bspline
original_gldm_DependenceNonUniformityNormalized,gldm,DependenceNonUniformityNormalized,0.0586648855715846,mild_z2,2.0,1.0,1.0,resample_bspline
original_gldm_DependenceVariance,gldm,DependenceVariance,28.792163746111974,mild_z2,2.0,1.0,1.0,resample_bspline
original_gldm_GrayLevelNonUniformity,gldm,GrayLevelNonUniformity,3385.7044367474846,mild_z2,2.0,1.0,1.0,resample_bspline
original_gldm_GrayLevelVariance,gldm,GrayLevelVariance,4.00733831549205,mild_z2,2.0,1.0,1.0,resample_bspline
original_gldm_HighGrayLevelEmphasis,gldm,HighGrayLevelEmphasis,59.96825004123371,mild_z2,2.0,1.0,1.0,resample_bspline
original_gldm_LargeDependenceEmphasis,gldm,LargeDependenceEmphasis,193.5416460498103,mild_z2,2.0,1.0,1.0,resample_bspline
original_gldm_LargeDependenceHighGrayLevelEmphasis,gldm,LargeDependenceHighGrayLevelEmphasis,12681.76216394524,mild_z2,2.0,1.0,1.0,resample_bspline
original_gldm_LargeDependenceLowGrayLevelEmphasis,gldm,LargeDependenceLowGrayLevelEmphasis,3.852839905352075,mild_z2,2.0,1.0,1.0,resample_bspline
original_gldm_LowGrayLevelEmphasis,gldm,LowGrayLevelEmphasis,0.025021701302458,mild_z2,2.0,1.0,1.0,resample_bspline
original_gldm_SmallDependenceEmphasis,gldm,SmallDependenceEmphasis,0.0159031767279869,mild_z2,2.0,1.0,1.0,resample_bspline
original_gldm_SmallDependenceHighGrayLevelEmphasis,gldm,SmallDependenceHighGrayLevelEmphasis,0.846368586926745,mild_z2,2.0,1.0,1.0,resample_bspline
original_gldm_SmallDependenceLowGrayLevelEmphasis,gldm,SmallDependenceLowGrayLevelEmphasis,0.0007316943104011,mild_z2,2.0,1.0,1.0,resample_bspline
original_glrlm_GrayLevelNonUniformity,glrlm,GrayLevelNonUniformity,1764.771213493896,mild_z2,2.0,1.0,1.0,resample_bspline
original_glrlm_GrayLevelNonUniformityNormalized,glrlm,GrayLevelNonUniformityNormalized,0.1336381910735201,mild_z2,2.0,1.0,1.0,resample_bspline
original_glrlm_GrayLevelVariance,glrlm,GrayLevelVariance,4.3183676609361745,mild_z2,2.0,1.0,1.0,resample_bspline
original_glrlm_HighGrayLevelRunEmphasis,glrlm,HighGrayLevelRunEmphasis,57.68916322770015,mild_z2,2.0,1.0,1.0,resample_bspline
original_glrlm_LongRunEmphasis,glrlm,LongRunEmphasis,9.425530759230575,mild_z2,2.0,1.0,1.0,resample_bspline
original_glrlm_LongRunHighGrayLevelEmphasis,glrlm,LongRunHighGrayLevelEmphasis,569.4892505223887,mild_z2,2.0,1.0,1.0,resample_bspline
original_glrlm_LongRunLowGrayLevelEmphasis,glrlm,LongRunLowGrayLevelEmphasis,0.228350214421824,mild_z2,2.0,1.0,1.0,resample_bspline
original_glrlm_LowGrayLevelRunEmphasis,glrlm,LowGrayLevelRunEmphasis,0.027680602928166,mild_z2,2.0,1.0,1.0,resample_bspline
original_glrlm_RunEntropy,glrlm,RunEntropy,4.90570694386212,mild_z2,2.0,1.0,1.0,resample_bspline
original_glrlm_RunLengthNonUniformity,glrlm,RunLengthNonUniformity,5919.387112344002,mild_z2,2.0,1.0,1.0,resample_bspline
original_glrlm_RunLengthNonUniformityNormalized,glrlm,RunLengthNonUniformityNormalized,0.3986647952028755,mild_z2,2.0,1.0,1.0,resample_bspline
original_glrlm_RunPercentage,glrlm,RunPercentage,0.5447893274464279,mild_z2,2.0,1.0,1.0,resample_bspline
original_glrlm_RunVariance,glrlm,RunVariance,3.634989196210123,mild_z2,2.0,1.0,1.0,resample_bspline
original_glrlm_ShortRunEmphasis,glrlm,ShortRunEmphasis,0.6206648545542007,mild_z2,2.0,1.0,1.0,resample_bspline
original_glrlm_ShortRunHighGrayLevelEmphasis,glrlm,ShortRunHighGrayLevelEmphasis,33.945550709806156,mild_z2,2.0,1.0,1.0,resample_bspline
original_glrlm_ShortRunLowGrayLevelEmphasis,glrlm,ShortRunLowGrayLevelEmphasis,0.0192863790153535,mild_z2,2.0,1.0,1.0,resample_bspline
original_glszm_GrayLevelNonUniformity,glszm,GrayLevelNonUniformity,17.415300546448087,mild_z2,2.0,1.0,1.0,resample_bspline
original_glszm_GrayLevelNonUniformityNormalized,glszm,GrayLevelNonUniformityNormalized,0.0951655767565469,mild_z2,2.0,1.0,1.0,resample_bspline
original_glszm_GrayLevelVariance,glszm,GrayLevelVariance,9.934844277225356,mild_z2,2.0,1.0,1.0,resample_bspline
original_glszm_HighGrayLevelZoneEmphasis,glszm,HighGrayLevelZoneEmphasis,53.43715846994535,mild_z2,2.0,1.0,1.0,resample_bspline
original_glszm_LargeAreaEmphasis,glszm,LargeAreaEmphasis,351932.91803278687,mild_z2,2.0,1.0,1.0,resample_bspline
original_glszm_LargeAreaHighGrayLevelEmphasis,glszm,LargeAreaHighGrayLevelEmphasis,20690896.81967213,mild_z2,2.0,1.0,1.0,resample_bspline
original_glszm_LargeAreaLowGrayLevelEmphasis,glszm,LargeAreaLowGrayLevelEmphasis,6927.471059446672,mild_z2,2.0,1.0,1.0,resample_bspline
original_glszm_LowGrayLevelZoneEmphasis,glszm,LowGrayLevelZoneEmphasis,0.072453190181491,mild_z2,2.0,1.0,1.0,resample_bspline
original_glszm_SizeZoneNonUniformity,glszm,SizeZoneNonUniformity,41.85245901639344,mild_z2,2.0,1.0,1.0,resample_bspline
original_glszm_SizeZoneNonUniformityNormalized,glszm,SizeZoneNonUniformityNormalized,0.2287019618382155,mild_z2,2.0,1.0,1.0,resample_bspline
original_glszm_SmallAreaEmphasis,glszm,SmallAreaEmphasis,0.4938498342422864,mild_z2,2.0,1.0,1.0,resample_bspline
original_glszm_SmallAreaHighGrayLevelEmphasis,glszm,SmallAreaHighGrayLevelEmphasis,25.61753626985075,mild_z2,2.0,1.0,1.0,resample_bspline
original_glszm_SmallAreaLowGrayLevelEmphasis,glszm,SmallAreaLowGrayLevelEmphasis,0.0367494853257613,mild_z2,2.0,1.0,1.0,resample_bspline
original_glszm_ZoneEntropy,glszm,ZoneEntropy,5.9261279037947645,mild_z2,2.0,1.0,1.0,resample_bspline
original_glszm_ZonePercentage,glszm,ZonePercentage,0.0075457694210786,mild_z2,2.0,1.0,1.0,resample_bspline
original_glszm_ZoneVariance,glszm,ZoneVariance,334370.1510346681,mild_z2,2.0,1.0,1.0,resample_bspline
original_ngtdm_Busyness,ngtdm,Busyness,15.315485181645112,mild_z2,2.0,1.0,1.0,resample_bspline
original_ngtdm_Coarseness,ngtdm,Coarseness,0.0006238674529737,mild_z2,2.0,1.0,1.0,resample_bspline
original_ngtdm_Complexity,ngtdm,Complexity,39.06611430921557,mild_z2,2.0,1.0,1.0,resample_bspline
original_ngtdm_Contrast,ngtdm,Contrast,0.0296019241140808,mild_z2,2.0,1.0,1.0,resample_bspline
original_ngtdm_Strength,ngtdm,Strength,0.0339355042874335,mild_z2,2.0,1.0,1.0,resample_bspline
original_glcm_Autocorrelation,glcm,Autocorrelation,34.67239314567739,mild_z2,2.0,1.0,1.0,voxel_spacing_aware
original_glcm_ClusterProminence,glcm,ClusterProminence,320.60742775814794,mild_z2,2.0,1.0,1.0,voxel_spacing_aware
original_glcm_ClusterShade,glcm,ClusterShade,0.4646896702933936,mild_z2,2.0,1.0,1.0,voxel_spacing_aware
original_glcm_ClusterTendency,glcm,ClusterTendency,11.176081133428053,mild_z2,2.0,1.0,1.0,voxel_spacing_aware
original_glcm_Contrast,glcm,Contrast,1.3132168855387285,mild_z2,2.0,1.0,1.0,voxel_spacing_aware
original_glcm_Correlation,glcm,Correlation,0.7897701554589616,mild_z2,2.0,1.0,1.0,voxel_spacing_aware
original_glcm_DifferenceAverage,glcm,DifferenceAverage,0.7569637518168958,mild_z2,2.0,1.0,1.0,voxel_spacing_aware
original_glcm_DifferenceEntropy,glcm,DifferenceEntropy,1.3309933268341931,mild_z2,2.0,1.0,1.0,voxel_spacing_aware
original_glcm_DifferenceVariance,glcm,DifferenceVariance,0.563690419735778,mild_z2,2.0,1.0,1.0,voxel_spacing_aware
original_glcm_Id,glcm,Id,0.710332845667403,mild_z2,2.0,1.0,1.0,voxel_spacing_aware
original_glcm_Idm,glcm,Idm,0.6771434374637353,mild_z2,2.0,1.0,1.0,voxel_spacing_aware
original_glcm_Idmn,glcm,Idmn,0.9873640777387772,mild_z2,2.0,1.0,1.0,voxel_spacing_aware
original_glcm_Idn,glcm,Idn,0.9353446889498144,mild_z2,2.0,1.0,1.0,voxel_spacing_aware
original_glcm_Imc1,glcm,Imc1,-0.3947711638423964,mild_z2,2.0,1.0,1.0,voxel_spacing_aware
original_glcm_Imc2,glcm,Imc2,0.9059736869738488,mild_z2,2.0,1.0,1.0,voxel_spacing_aware
original_glcm_InverseVariance,glcm,InverseVariance,0.3070201924523631,mild_z2,2.0,1.0,1.0,voxel_spacing_aware
original_glcm_JointAverage,glcm,JointAverage,5.675090698698936,mild_z2,2.0,1.0,1.0,voxel_spacing_aware
original_glcm_JointEnergy,glcm,JointEnergy,0.0608436188290853,mild_z2,2.0,1.0,1.0,voxel_spacing_aware
original_glcm_JointEntropy,glcm,JointEntropy,4.57774587654454,mild_z2,2.0,1.0,1.0,voxel_spacing_aware
original_glcm_MCC,glcm,MCC,0.7930366380861338,mild_z2,2.0,1.0,1.0,voxel_spacing_aware
original_glcm_MaximumProbability,glcm,MaximumProbability,0.1169646592283684,mild_z2,2.0,1.0,1.0,voxel_spacing_aware
original_glcm_SumAverage,glcm,SumAverage,11.350181397397872,mild_z2,2.0,1.0,1.0,voxel_spacing_aware
original_glcm_SumEntropy,glcm,SumEntropy,3.5921286145938893,mild_z2,2.0,1.0,1.0,voxel_spacing_aware
original_glcm_SumSquares,glcm,SumSquares,3.1223245047416945,mild_z2,2.0,1.0,1.0,voxel_spacing_aware
original_gldm_DependenceEntropy,gldm,DependenceEntropy,6.801460758056764,mild_z2,2.0,1.0,1.0,voxel_spacing_aware
original_gldm_DependenceNonUniformity,gldm,DependenceNonUniformity,2075.8487547418767,mild_z2,2.0,1.0,1.0,voxel_spacing_aware
original_gldm_DependenceNonUniformityNormalized,gldm,DependenceNonUniformityNormalized,0.0855949511274071,mild_z2,2.0,1.0,1.0,voxel_spacing_aware
original_gldm_DependenceVariance,gldm,DependenceVariance,32.83296856833584,mild_z2,2.0,1.0,1.0,voxel_spacing_aware
original_gldm_GrayLevelNonUniformity,gldm,GrayLevelNonUniformity,3743.083621969322,mild_z2,2.0,1.0,1.0,voxel_spacing_aware
original_gldm_GrayLevelVariance,gldm,GrayLevelVariance,3.193851224412078,mild_z2,2.0,1.0,1.0,voxel_spacing_aware
original_gldm_HighGrayLevelEmphasis,gldm,HighGrayLevelEmphasis,35.28814118423223,mild_z2,2.0,1.0,1.0,voxel_spacing_aware
original_gldm_LargeDependenceEmphasis,gldm,LargeDependenceEmphasis,293.47996041563584,mild_z2,2.0,1.0,1.0,voxel_spacing_aware
original_gldm_LargeDependenceHighGrayLevelEmphasis,gldm,LargeDependenceHighGrayLevelEmphasis,10426.630710869207,mild_z2,2.0,1.0,1.0,voxel_spacing_aware
original_gldm_LargeDependenceLowGrayLevelEmphasis,gldm,LargeDependenceLowGrayLevelEmphasis,13.729170198478563,mild_z2,2.0,1.0,1.0,voxel_spacing_aware
original_gldm_LowGrayLevelEmphasis,gldm,LowGrayLevelEmphasis,0.0509695439658383,mild_z2,2.0,1.0,1.0,voxel_spacing_aware
original_gldm_SmallDependenceEmphasis,gldm,SmallDependenceEmphasis,0.0082491557355209,mild_z2,2.0,1.0,1.0,voxel_spacing_aware
original_gldm_SmallDependenceHighGrayLevelEmphasis,gldm,SmallDependenceHighGrayLevelEmphasis,0.2939901804103844,mild_z2,2.0,1.0,1.0,voxel_spacing_aware
original_gldm_SmallDependenceLowGrayLevelEmphasis,gldm,SmallDependenceLowGrayLevelEmphasis,0.0005076422378324,mild_z2,2.0,1.0,1.0,voxel_spacing_aware
original_glrlm_GrayLevelNonUniformity,glrlm,GrayLevelNonUniformity,1518.4409053027805,mild_z2,2.0,1.0,1.0,voxel_spacing_aware
original_glrlm_GrayLevelNonUniformityNormalized,glrlm,GrayLevelNonUniformityNormalized,0.1496540944472149,mild_z2,2.0,1.0,1.0,voxel_spacing_aware
original_glrlm_GrayLevelVariance,glrlm,GrayLevelVariance,3.378319092938215,mild_z2,2.0,1.0,1.0,voxel_spacing_aware
original_glrlm_HighGrayLevelRunEmphasis,glrlm,HighGrayLevelRunEmphasis,35.11513644124269,mild_z2,2.0,1.0,1.0,voxel_spacing_aware
original_glrlm_LongRunEmphasis,glrlm,LongRunEmphasis,10.947086247310567,mild_z2,2.0,1.0,1.0,voxel_spacing_aware
original_glrlm_LongRunHighGrayLevelEmphasis,glrlm,LongRunHighGrayLevelEmphasis,390.92894615528337,mild_z2,2.0,1.0,1.0,voxel_spacing_aware
original_glrlm_LongRunLowGrayLevelEmphasis,glrlm,LongRunLowGrayLevelEmphasis,0.5070571409042249,mild_z2,2.0,1.0,1.0,voxel_spacing_aware
original_glrlm_LowGrayLevelRunEmphasis,glrlm,LowGrayLevelRunEmphasis,0.0550788234607977,mild_z2,2.0,1.0,1.0,voxel_spacing_aware
original_glrlm_RunEntropy,glrlm,RunEntropy,4.995963299799543,mild_z2,2.0,1.0,1.0,voxel_spacing_aware
original_glrlm_RunLengthNonUniformity,glrlm,RunLengthNonUniformity,2959.1766689855167,mild_z2,2.0,1.0,1.0,voxel_spacing_aware
original_glrlm_RunLengthNonUniformityNormalized,glrlm,RunLengthNonUniformityNormalized,0.2806350438735406,mild_z2,2.0,1.0,1.0,voxel_spacing_aware
original_glrlm_RunPercentage,glrlm,RunPercentage,0.417516715512757,mild_z2,2.0,1.0,1.0,voxel_spacing_aware
original_glrlm_RunVariance,glrlm,RunVariance,3.63543994546844,mild_z2,2.0,1.0,1.0,voxel_spacing_aware
original_glrlm_ShortRunEmphasis,glrlm,ShortRunEmphasis,0.4350737558508006,mild_z2,2.0,1.0,1.0,voxel_spacing_aware
original_glrlm_ShortRunHighGrayLevelEmphasis,glrlm,ShortRunHighGrayLevelEmphasis,15.28764108457636,mild_z2,2.0,1.0,1.0,voxel_spacing_aware
original_glrlm_ShortRunLowGrayLevelEmphasis,glrlm,ShortRunLowGrayLevelEmphasis,0.0260646153536868,mild_z2,2.0,1.0,1.0,voxel_spacing_aware
original_glszm_GrayLevelNonUniformity,glszm,GrayLevelNonUniformity,16.81679389312977,mild_z2,2.0,1.0,1.0,voxel_spacing_aware
original_glszm_GrayLevelNonUniformityNormalized,glszm,GrayLevelNonUniformityNormalized,0.1283724724666394,mild_z2,2.0,1.0,1.0,voxel_spacing_aware
original_glszm_GrayLevelVariance,glszm,GrayLevelVariance,5.749198764640755,mild_z2,2.0,1.0,1.0,voxel_spacing_aware
original_glszm_HighGrayLevelZoneEmphasis,glszm,HighGrayLevelZoneEmphasis,37.229007633587784,mild_z2,2.0,1.0,1.0,voxel_spacing_aware
original_glszm_LargeAreaEmphasis,glszm,LargeAreaEmphasis,252009.2213740458,mild_z2,2.0,1.0,1.0,voxel_spacing_aware
original_glszm_LargeAreaHighGrayLevelEmphasis,glszm,LargeAreaHighGrayLevelEmphasis,8292911.083969465,mild_z2,2.0,1.0,1.0,voxel_spacing_aware
original_glszm_LargeAreaLowGrayLevelEmphasis,glszm,LargeAreaLowGrayLevelEmphasis,9600.929069280244,mild_z2,2.0,1.0,1.0,voxel_spacing_aware
original_glszm_LowGrayLevelZoneEmphasis,glszm,LowGrayLevelZoneEmphasis,0.0971847875423847,mild_z2,2.0,1.0,1.0,voxel_spacing_aware
original_glszm_SizeZoneNonUniformity,glszm,SizeZoneNonUniformity,21.748091603053435,mild_z2,2.0,1.0,1.0,voxel_spacing_aware
original_glszm_SizeZoneNonUniformityNormalized,glszm,SizeZoneNonUniformityNormalized,0.1660159664355224,mild_z2,2.0,1.0,1.0,voxel_spacing_aware
original_glszm_SmallAreaEmphasis,glszm,SmallAreaEmphasis,0.1030255025709245,mild_z2,2.0,1.0,1.0,voxel_spacing_aware
original_glszm_SmallAreaHighGrayLevelEmphasis,glszm,SmallAreaHighGrayLevelEmphasis,3.966933935046325,mild_z2,2.0,1.0,1.0,voxel_spacing_aware
original_glszm_SmallAreaLowGrayLevelEmphasis,glszm,SmallAreaLowGrayLevelEmphasis,0.0094957773630732,mild_z2,2.0,1.0,1.0,voxel_spacing_aware
original_glszm_ZoneEntropy,glszm,ZoneEntropy,5.801185001517869,mild_z2,2.0,1.0,1.0,voxel_spacing_aware
original_glszm_ZonePercentage,glszm,ZonePercentage,0.0054016163615371,mild_z2,2.0,1.0,1.0,voxel_spacing_aware
original_glszm_ZoneVariance,glszm,ZoneVariance,217736.18926635975,mild_z2,2.0,1.0,1.0,voxel_spacing_aware
original_ngtdm_Busyness,ngtdm,Busyness,21.312902831504523,mild_z2,2.0,1.0,1.0,voxel_spacing_aware
original_ngtdm_Coarseness,ngtdm,Coarseness,0.0009272587339018,mild_z2,2.0,1.0,1.0,voxel_spacing_aware
original_ngtdm_Complexity,ngtdm,Complexity,23.02240914763824,mild_z2,2.0,1.0,1.0,voxel_spacing_aware
original_ngtdm_Contrast,ngtdm,Contrast,0.0420888037375761,mild_z2,2.0,1.0,1.0,voxel_spacing_aware
original_ngtdm_Strength,ngtdm,Strength,0.0319046850396677,mild_z2,2.0,1.0,1.0,voxel_spacing_aware
original_glcm_Autocorrelation,glcm,Autocorrelation,34.58753758495539,moderate_z3,3.0,1.0,1.0,native_original
original_glcm_ClusterProminence,glcm,ClusterProminence,311.3041398881424,moderate_z3,3.0,1.0,1.0,native_original
original_glcm_ClusterShade,glcm,ClusterShade,0.4655828255547775,moderate_z3,3.0,1.0,1.0,native_original
original_glcm_ClusterTendency,glcm,ClusterTendency,11.011881190591271,moderate_z3,3.0,1.0,1.0,native_original
original_glcm_Contrast,glcm,Contrast,1.4870374635756822,moderate_z3,3.0,1.0,1.0,native_original
original_glcm_Correlation,glcm,Correlation,0.7621507062793819,moderate_z3,3.0,1.0,1.0,native_original
original_glcm_DifferenceAverage,glcm,DifferenceAverage,0.839884673725355,moderate_z3,3.0,1.0,1.0,native_original
original_glcm_DifferenceEntropy,glcm,DifferenceEntropy,1.4150890296130916,moderate_z3,3.0,1.0,1.0,native_original
original_glcm_DifferenceVariance,glcm,DifferenceVariance,0.6260606611850738,moderate_z3,3.0,1.0,1.0,native_original
original_glcm_Id,glcm,Id,0.6834857947267582,moderate_z3,3.0,1.0,1.0,native_original
original_glcm_Idm,glcm,Idm,0.6447729421223551,moderate_z3,3.0,1.0,1.0,native_original
original_glcm_Idmn,glcm,Idmn,0.9857016853537784,moderate_z3,3.0,1.0,1.0,native_original
original_glcm_Idn,glcm,Idn,0.928487553126832,moderate_z3,3.0,1.0,1.0,native_original
original_glcm_Imc1,glcm,Imc1,-0.3554414484150945,moderate_z3,3.0,1.0,1.0,native_original
original_glcm_Imc2,glcm,Imc2,0.8936891348910181,moderate_z3,3.0,1.0,1.0,native_original
original_glcm_InverseVariance,glcm,InverseVariance,0.31547116828531,moderate_z3,3.0,1.0,1.0,native_original
original_glcm_JointAverage,glcm,JointAverage,5.67505992288611,moderate_z3,3.0,1.0,1.0,native_original
original_glcm_JointEnergy,glcm,JointEnergy,0.055287016928315,moderate_z3,3.0,1.0,1.0,native_original
original_glcm_JointEntropy,glcm,JointEntropy,4.6908746553418315,moderate_z3,3.0,1.0,1.0,native_original
original_glcm_MCC,glcm,MCC,0.7655137585890059,moderate_z3,3.0,1.0,1.0,native_original
original_glcm_MaximumProbability,glcm,MaximumProbability,0.1076572388849377,moderate_z3,3.0,1.0,1.0,native_original
original_glcm_SumAverage,glcm,SumAverage,11.35011984577222,moderate_z3,3.0,1.0,1.0,native_original
original_glcm_SumEntropy,glcm,SumEntropy,3.5846603778211015,moderate_z3,3.0,1.0,1.0,native_original
original_glcm_SumSquares,glcm,SumSquares,3.1247296635417383,moderate_z3,3.0,1.0,1.0,native_original
original_gldm_DependenceEntropy,gldm,DependenceEntropy,6.748581417208246,moderate_z3,3.0,1.0,1.0,native_original
original_gldm_DependenceNonUniformity,gldm,DependenceNonUniformity,868.097971301336,moderate_z3,3.0,1.0,1.0,native_original
original_gldm_DependenceNonUniformityNormalized,gldm,DependenceNonUniformityNormalized,0.0715898046595197,moderate_z3,3.0,1.0,1.0,native_original
original_gldm_DependenceVariance,gldm,DependenceVariance,19.75530969571819,moderate_z3,3.0,1.0,1.0,native_original
original_gldm_GrayLevelNonUniformity,gldm,GrayLevelNonUniformity,1871.541810984661,moderate_z3,3.0,1.0,1.0,native_original
original_gldm_GrayLevelVariance,gldm,GrayLevelVariance,3.193851224412078,moderate_z3,3.0,1.0,1.0,native_original
original_gldm_HighGrayLevelEmphasis,gldm,HighGrayLevelEmphasis,35.28814118423223,moderate_z3,3.0,1.0,1.0,native_original
original_gldm_LargeDependenceEmphasis,gldm,LargeDependenceEmphasis,164.7585353785255,moderate_z3,3.0,1.0,1.0,native_original
original_gldm_LargeDependenceHighGrayLevelEmphasis,gldm,LargeDependenceHighGrayLevelEmphasis,5844.428995546759,moderate_z3,3.0,1.0,1.0,native_original
original_gldm_LargeDependenceLowGrayLevelEmphasis,gldm,LargeDependenceLowGrayLevelEmphasis,7.726119594189104,moderate_z3,3.0,1.0,1.0,native_original
original_gldm_LowGrayLevelEmphasis,gldm,LowGrayLevelEmphasis,0.0509695439658383,moderate_z3,3.0,1.0,1.0,native_original
original_gldm_SmallDependenceEmphasis,gldm,SmallDependenceEmphasis,0.0184646284013753,moderate_z3,3.0,1.0,1.0,native_original
original_gldm_SmallDependenceHighGrayLevelEmphasis,gldm,SmallDependenceHighGrayLevelEmphasis,0.664409370361318,moderate_z3,3.0,1.0,1.0,native_original
original_gldm_SmallDependenceLowGrayLevelEmphasis,gldm,SmallDependenceLowGrayLevelEmphasis,0.0012243385755492,moderate_z3,3.0,1.0,1.0,native_original
original_glrlm_GrayLevelNonUniformity,glrlm,GrayLevelNonUniformity,1060.4856227970497,moderate_z3,3.0,1.0,1.0,native_original
original_glrlm_GrayLevelNonUniformityNormalized,glrlm,GrayLevelNonUniformityNormalized,0.1510499332872742,moderate_z3,3.0,1.0,1.0,native_original
original_glrlm_GrayLevelVariance,glrlm,GrayLevelVariance,3.328031593877766,moderate_z3,3.0,1.0,1.0,native_original
original_glrlm_HighGrayLevelRunEmphasis,glrlm,HighGrayLevelRunEmphasis,35.176505801514004,moderate_z3,3.0,1.0,1.0,native_original
original_glrlm_LongRunEmphasis,glrlm,LongRunEmphasis,8.538886686963691,moderate_z3,3.0,1.0,1.0,native_original
original_glrlm_LongRunHighGrayLevelEmphasis,glrlm,LongRunHighGrayLevelEmphasis,305.59498132009577,moderate_z3,3.0,1.0,1.0,native_original
original_glrlm_LongRunLowGrayLevelEmphasis,glrlm,LongRunLowGrayLevelEmphasis,0.3906957237542382,moderate_z3,3.0,1.0,1.0,native_original
original_glrlm_LowGrayLevelRunEmphasis,glrlm,LowGrayLevelRunEmphasis,0.0539520416041134,moderate_z3,3.0,1.0,1.0,native_original
original_glrlm_RunEntropy,glrlm,RunEntropy,4.465247063041276,moderate_z3,3.0,1.0,1.0,native_original
original_glrlm_RunLengthNonUniformity,glrlm,RunLengthNonUniformity,3243.2719636032457,moderate_z3,3.0,1.0,1.0,native_original
original_glrlm_RunLengthNonUniformityNormalized,glrlm,RunLengthNonUniformityNormalized,0.4103940546942009,moderate_z3,3.0,1.0,1.0,native_original
original_glrlm_RunPercentage,glrlm,RunPercentage,0.5753181339524732,moderate_z3,3.0,1.0,1.0,native_original
original_glrlm_RunVariance,glrlm,RunVariance,3.03727160188601,moderate_z3,3.0,1.0,1.0,native_original
original_glrlm_ShortRunEmphasis,glrlm,ShortRunEmphasis,0.586800355325577,moderate_z3,3.0,1.0,1.0,native_original
original_glrlm_ShortRunHighGrayLevelEmphasis,glrlm,ShortRunHighGrayLevelEmphasis,20.704940890205833,moderate_z3,3.0,1.0,1.0,native_original
original_glrlm_ShortRunLowGrayLevelEmphasis,glrlm,ShortRunLowGrayLevelEmphasis,0.0327323362063336,moderate_z3,3.0,1.0,1.0,native_original
original_glszm_GrayLevelNonUniformity,glszm,GrayLevelNonUniformity,16.81679389312977,moderate_z3,3.0,1.0,1.0,native_original
original_glszm_GrayLevelNonUniformityNormalized,glszm,GrayLevelNonUniformityNormalized,0.1283724724666394,moderate_z3,3.0,1.0,1.0,native_original
original_glszm_GrayLevelVariance,glszm,GrayLevelVariance,5.749198764640755,moderate_z3,3.0,1.0,1.0,native_original
original_glszm_HighGrayLevelZoneEmphasis,glszm,HighGrayLevelZoneEmphasis,37.229007633587784,moderate_z3,3.0,1.0,1.0,native_original
original_glszm_LargeAreaEmphasis,glszm,LargeAreaEmphasis,63002.30534351145,moderate_z3,3.0,1.0,1.0,native_original
original_glszm_LargeAreaHighGrayLevelEmphasis,glszm,LargeAreaHighGrayLevelEmphasis,2073227.7709923664,moderate_z3,3.0,1.0,1.0,native_original
original_glszm_LargeAreaLowGrayLevelEmphasis,glszm,LargeAreaLowGrayLevelEmphasis,2400.232267320061,moderate_z3,3.0,1.0,1.0,native_original
original_glszm_LowGrayLevelZoneEmphasis,glszm,LowGrayLevelZoneEmphasis,0.0971847875423847,moderate_z3,3.0,1.0,1.0,native_original
original_glszm_SizeZoneNonUniformity,glszm,SizeZoneNonUniformity,21.748091603053435,moderate_z3,3.0,1.0,1.0,native_original
original_glszm_SizeZoneNonUniformityNormalized,glszm,SizeZoneNonUniformityNormalized,0.1660159664355224,moderate_z3,3.0,1.0,1.0,native_original
original_glszm_SmallAreaEmphasis,glszm,SmallAreaEmphasis,0.4121020102836982,moderate_z3,3.0,1.0,1.0,native_original
original_glszm_SmallAreaHighGrayLevelEmphasis,glszm,SmallAreaHighGrayLevelEmphasis,15.867735740185298,moderate_z3,3.0,1.0,1.0,native_original
original_glszm_SmallAreaLowGrayLevelEmphasis,glszm,SmallAreaLowGrayLevelEmphasis,0.037983109452293,moderate_z3,3.0,1.0,1.0,native_original
original_glszm_ZoneEntropy,glszm,ZoneEntropy,5.801185001517869,moderate_z3,3.0,1.0,1.0,native_original
original_glszm_ZonePercentage,glszm,ZonePercentage,0.0108032327230743,moderate_z3,3.0,1.0,1.0,native_original
original_glszm_ZoneVariance,glszm,ZoneVariance,54434.04731658994,moderate_z3,3.0,1.0,1.0,native_original
original_ngtdm_Busyness,ngtdm,Busyness,25.022526338132504,moderate_z3,3.0,1.0,1.0,native_original
original_ngtdm_Coarseness,ngtdm,Coarseness,0.0007897913675166,moderate_z3,3.0,1.0,1.0,native_original
original_ngtdm_Complexity,ngtdm,Complexity,26.94568433418289,moderate_z3,3.0,1.0,1.0,native_original
original_ngtdm_Contrast,ngtdm,Contrast,0.0491961938079195,moderate_z3,3.0,1.0,1.0,native_original
original_ngtdm_Strength,ngtdm,Strength,0.0272954048475106,moderate_z3,3.0,1.0,1.0,native_original
original_glcm_Autocorrelation,glcm,Autocorrelation,35.01355361228865,moderate_z3,3.0,1.0,1.0,resample_nearest
original_glcm_ClusterProminence,glcm,ClusterProminence,360.3809909535497,moderate_z3,3.0,1.0,1.0,resample_nearest
original_glcm_ClusterShade,glcm,ClusterShade,0.3577655934234817,moderate_z3,3.0,1.0,1.0,resample_nearest
original_glcm_ClusterTendency,glcm,ClusterTendency,11.878739808738729,moderate_z3,3.0,1.0,1.0,resample_nearest
original_glcm_Contrast,glcm,Contrast,0.6203379442189056,moderate_z3,3.0,1.0,1.0,resample_nearest
original_glcm_Correlation,glcm,Correlation,0.9006874956659352,moderate_z3,3.0,1.0,1.0,resample_nearest
original_glcm_DifferenceAverage,glcm,DifferenceAverage,0.4194894344032194,moderate_z3,3.0,1.0,1.0,resample_nearest
original_glcm_DifferenceEntropy,glcm,DifferenceEntropy,1.14792293442726,moderate_z3,3.0,1.0,1.0,resample_nearest
original_glcm_DifferenceVariance,glcm,DifferenceVariance,0.4283800979611037,moderate_z3,3.0,1.0,1.0,resample_nearest
original_glcm_Id,glcm,Id,0.822354566199323,moderate_z3,3.0,1.0,1.0,resample_nearest
original_glcm_Idm,glcm,Idm,0.8103401337799588,moderate_z3,3.0,1.0,1.0,resample_nearest
original_glcm_Idmn,glcm,Idmn,0.9939898934655844,moderate_z3,3.0,1.0,1.0,resample_nearest
original_glcm_Idn,glcm,Idn,0.963366939174278,moderate_z3,3.0,1.0,1.0,resample_nearest
original_glcm_Imc1,glcm,Imc1,-0.5016839938060466,moderate_z3,3.0,1.0,1.0,resample_nearest
original_glcm_Imc2,glcm,Imc2,0.9652395347794313,moderate_z3,3.0,1.0,1.0,resample_nearest
original_glcm_InverseVariance,glcm,InverseVariance,0.2567375216451895,moderate_z3,3.0,1.0,1.0,resample_nearest
original_glcm_JointAverage,glcm,JointAverage,5.6744094984649855,moderate_z3,3.0,1.0,1.0,resample_nearest
original_glcm_JointEnergy,glcm,JointEnergy,0.0789587777265358,moderate_z3,3.0,1.0,1.0,resample_nearest
original_glcm_JointEntropy,glcm,JointEntropy,4.273123448194235,moderate_z3,3.0,1.0,1.0,resample_nearest
original_glcm_MCC,glcm,MCC,0.9029555799409964,moderate_z3,3.0,1.0,1.0,resample_nearest
original_glcm_MaximumProbability,glcm,MaximumProbability,0.1560533966977057,moderate_z3,3.0,1.0,1.0,resample_nearest
original_glcm_SumAverage,glcm,SumAverage,11.348818996929973,moderate_z3,3.0,1.0,1.0,resample_nearest
original_glcm_SumEntropy,glcm,SumEntropy,3.5886133188569582,moderate_z3,3.0,1.0,1.0,resample_nearest
original_glcm_SumSquares,glcm,SumSquares,3.1247694382394084,moderate_z3,3.0,1.0,1.0,resample_nearest
original_gldm_DependenceEntropy,gldm,DependenceEntropy,6.799402987503875,moderate_z3,3.0,1.0,1.0,resample_nearest
original_gldm_DependenceNonUniformity,gldm,DependenceNonUniformity,3022.369893891913,moderate_z3,3.0,1.0,1.0,resample_nearest
original_gldm_DependenceNonUniformityNormalized,gldm,DependenceNonUniformityNormalized,0.0830823545519795,moderate_z3,3.0,1.0,1.0,resample_nearest
original_gldm_DependenceVariance,gldm,DependenceVariance,36.93834474911796,moderate_z3,3.0,1.0,1.0,resample_nearest
original_gldm_GrayLevelNonUniformity,gldm,GrayLevelNonUniformity,5614.625432953983,moderate_z3,3.0,1.0,1.0,resample_nearest
original_gldm_GrayLevelVariance,gldm,GrayLevelVariance,3.193851224412078,moderate_z3,3.0,1.0,1.0,resample_nearest
original_gldm_HighGrayLevelEmphasis,gldm,HighGrayLevelEmphasis,35.28814118423223,moderate_z3,3.0,1.0,1.0,resample_nearest
original_gldm_LargeDependenceEmphasis,gldm,LargeDependenceEmphasis,343.6147121886855,moderate_z3,3.0,1.0,1.0,resample_nearest
original_gldm_LargeDependenceHighGrayLevelEmphasis,gldm,LargeDependenceHighGrayLevelEmphasis,12214.966903073286,moderate_z3,3.0,1.0,1.0,resample_nearest
original_gldm_LargeDependenceLowGrayLevelEmphasis,gldm,LargeDependenceLowGrayLevelEmphasis,16.059810263683172,moderate_z3,3.0,1.0,1.0,resample_nearest
original_gldm_LowGrayLevelEmphasis,gldm,LowGrayLevelEmphasis,0.0509695439658383,moderate_z3,3.0,1.0,1.0,resample_nearest
original_gldm_SmallDependenceEmphasis,gldm,SmallDependenceEmphasis,0.007052284133075,moderate_z3,3.0,1.0,1.0,resample_nearest
original_gldm_SmallDependenceHighGrayLevelEmphasis,gldm,SmallDependenceHighGrayLevelEmphasis,0.2511959188317118,moderate_z3,3.0,1.0,1.0,resample_nearest
original_gldm_SmallDependenceLowGrayLevelEmphasis,gldm,SmallDependenceLowGrayLevelEmphasis,0.0004321981167118,moderate_z3,3.0,1.0,1.0,resample_nearest
original_glrlm_GrayLevelNonUniformity,glrlm,GrayLevelNonUniformity,1978.0170312826112,moderate_z3,3.0,1.0,1.0,resample_nearest
original_glrlm_GrayLevelNonUniformityNormalized,glrlm,GrayLevelNonUniformityNormalized,0.1489834108289359,moderate_z3,3.0,1.0,1.0,resample_nearest
original_glrlm_GrayLevelVariance,glrlm,GrayLevelVariance,3.406111705239234,moderate_z3,3.0,1.0,1.0,resample_nearest
original_glrlm_HighGrayLevelRunEmphasis,glrlm,HighGrayLevelRunEmphasis,35.08185281700987,moderate_z3,3.0,1.0,1.0,resample_nearest
original_glrlm_LongRunEmphasis,glrlm,LongRunEmphasis,13.450356072764182,moderate_z3,3.0,1.0,1.0,resample_nearest
original_glrlm_LongRunHighGrayLevelEmphasis,glrlm,LongRunHighGrayLevelEmphasis,479.89360553284854,moderate_z3,3.0,1.0,1.0,resample_nearest
original_glrlm_LongRunLowGrayLevelEmphasis,glrlm,LongRunLowGrayLevelEmphasis,0.6265616827157836,moderate_z3,3.0,1.0,1.0,resample_nearest
original_glrlm_LowGrayLevelRunEmphasis,glrlm,LowGrayLevelRunEmphasis,0.0557045068237138,moderate_z3,3.0,1.0,1.0,resample_nearest
original_glrlm_RunEntropy,glrlm,RunEntropy,5.234586414538915,moderate_z3,3.0,1.0,1.0,resample_nearest
original_glrlm_RunLengthNonUniformity,glrlm,RunLengthNonUniformity,3273.5647619560605,moderate_z3,3.0,1.0,1.0,resample_nearest
original_glrlm_RunLengthNonUniformityNormalized,glrlm,RunLengthNonUniformityNormalized,0.2470311326593294,moderate_z3,3.0,1.0,1.0,resample_nearest
original_glrlm_RunPercentage,glrlm,RunPercentage,0.3649162426995183,moderate_z3,3.0,1.0,1.0,resample_nearest
original_glrlm_RunVariance,glrlm,RunVariance,4.34982238812889,moderate_z3,3.0,1.0,1.0,resample_nearest
original_glrlm_ShortRunEmphasis,glrlm,ShortRunEmphasis,0.4031919544329083,moderate_z3,3.0,1.0,1.0,resample_nearest
original_glrlm_ShortRunHighGrayLevelEmphasis,glrlm,ShortRunHighGrayLevelEmphasis,14.169691434063642,moderate_z3,3.0,1.0,1.0,resample_nearest
original_glrlm_ShortRunLowGrayLevelEmphasis,glrlm,ShortRunLowGrayLevelEmphasis,0.0247232344817111,moderate_z3,3.0,1.0,1.0,resample_nearest
original_glszm_GrayLevelNonUniformity,glszm,GrayLevelNonUniformity,16.81679389312977,moderate_z3,3.0,1.0,1.0,resample_nearest
original_glszm_GrayLevelNonUniformityNormalized,glszm,GrayLevelNonUniformityNormalized,0.1283724724666394,moderate_z3,3.0,1.0,1.0,resample_nearest
original_glszm_GrayLevelVariance,glszm,GrayLevelVariance,5.749198764640755,moderate_z3,3.0,1.0,1.0,resample_nearest
original_glszm_HighGrayLevelZoneEmphasis,glszm,HighGrayLevelZoneEmphasis,37.229007633587784,moderate_z3,3.0,1.0,1.0,resample_nearest
original_glszm_LargeAreaEmphasis,glszm,LargeAreaEmphasis,567020.748091603,moderate_z3,3.0,1.0,1.0,resample_nearest
original_glszm_LargeAreaHighGrayLevelEmphasis,glszm,LargeAreaHighGrayLevelEmphasis,18659049.938931298,moderate_z3,3.0,1.0,1.0,resample_nearest
original_glszm_LargeAreaLowGrayLevelEmphasis,glszm,LargeAreaLowGrayLevelEmphasis,21602.09040588055,moderate_z3,3.0,1.0,1.0,resample_nearest
original_glszm_LowGrayLevelZoneEmphasis,glszm,LowGrayLevelZoneEmphasis,0.0971847875423847,moderate_z3,3.0,1.0,1.0,resample_nearest
original_glszm_SizeZoneNonUniformity,glszm,SizeZoneNonUniformity,21.748091603053435,moderate_z3,3.0,1.0,1.0,resample_nearest
original_glszm_SizeZoneNonUniformityNormalized,glszm,SizeZoneNonUniformityNormalized,0.1660159664355224,moderate_z3,3.0,1.0,1.0,resample_nearest
original_glszm_SmallAreaEmphasis,glszm,SmallAreaEmphasis,0.0457891122537442,moderate_z3,3.0,1.0,1.0,resample_nearest
original_glszm_SmallAreaHighGrayLevelEmphasis,glszm,SmallAreaHighGrayLevelEmphasis,1.7630817489094777,moderate_z3,3.0,1.0,1.0,resample_nearest
original_glszm_SmallAreaLowGrayLevelEmphasis,glszm,SmallAreaLowGrayLevelEmphasis,0.0042203454946992,moderate_z3,3.0,1.0,1.0,resample_nearest
original_glszm_ZoneEntropy,glszm,ZoneEntropy,5.801185001517869,moderate_z3,3.0,1.0,1.0,resample_nearest
original_glszm_ZonePercentage,glszm,ZonePercentage,0.0036010775743581,moderate_z3,3.0,1.0,1.0,resample_nearest
original_glszm_ZoneVariance,glszm,ZoneVariance,489906.4258493095,moderate_z3,3.0,1.0,1.0,resample_nearest
original_ngtdm_Busyness,ngtdm,Busyness,38.96929559566127,moderate_z3,3.0,1.0,1.0,resample_nearest
original_ngtdm_Coarseness,ngtdm,Coarseness,0.0005071319610281,moderate_z3,3.0,1.0,1.0,resample_nearest
original_ngtdm_Complexity,ngtdm,Complexity,13.977244127429287,moderate_z3,3.0,1.0,1.0,resample_nearest
original_ngtdm_Contrast,ngtdm,Contrast,0.0255594785468289,moderate_z3,3.0,1.0,1.0,resample_nearest
original_ngtdm_Strength,ngtdm,Strength,0.0175124859515878,moderate_z3,3.0,1.0,1.0,resample_nearest
original_glcm_Autocorrelation,glcm,Autocorrelation,58.915718745105465,moderate_z3,3.0,1.0,1.0,resample_linear
original_glcm_ClusterProminence,glcm,ClusterProminence,376.3636461526285,moderate_z3,3.0,1.0,1.0,resample_linear
original_glcm_ClusterShade,glcm,ClusterShade,-1.4416153040918256,moderate_z3,3.0,1.0,1.0,resample_linear
original_glcm_ClusterTendency,glcm,ClusterTendency,12.001244575964815,moderate_z3,3.0,1.0,1.0,resample_linear
original_glcm_Contrast,glcm,Contrast,0.878383342396847,moderate_z3,3.0,1.0,1.0,resample_linear
original_glcm_Correlation,glcm,Correlation,0.8615658574083919,moderate_z3,3.0,1.0,1.0,resample_linear
original_glcm_DifferenceAverage,glcm,DifferenceAverage,0.5063672440748755,moderate_z3,3.0,1.0,1.0,resample_linear
original_glcm_DifferenceEntropy,glcm,DifferenceEntropy,1.2384521409868532,moderate_z3,3.0,1.0,1.0,resample_linear
original_glcm_DifferenceVariance,glcm,DifferenceVariance,0.589087877016079,moderate_z3,3.0,1.0,1.0,resample_linear
original_glcm_Id,glcm,Id,0.7897723882291676,moderate_z3,3.0,1.0,1.0,resample_linear
original_glcm_Idm,glcm,Idm,0.7817114143255084,moderate_z3,3.0,1.0,1.0,resample_linear
original_glcm_Idmn,glcm,Idmn,0.9941995615091388,moderate_z3,3.0,1.0,1.0,resample_linear
original_glcm_Idn,glcm,Idn,0.9629048577753704,moderate_z3,3.0,1.0,1.0,resample_linear
original_glcm_Imc1,glcm,Imc1,-0.4739496169861142,moderate_z3,3.0,1.0,1.0,resample_linear
original_glcm_Imc2,glcm,Imc2,0.9591938520777886,moderate_z3,3.0,1.0,1.0,resample_linear
original_glcm_InverseVariance,glcm,InverseVariance,0.344552389183765,moderate_z3,3.0,1.0,1.0,resample_linear
original_glcm_JointAverage,glcm,JointAverage,7.492195495708346,moderate_z3,3.0,1.0,1.0,resample_linear
original_glcm_JointEnergy,glcm,JointEnergy,0.0704158730749568,moderate_z3,3.0,1.0,1.0,resample_linear
original_glcm_JointEntropy,glcm,JointEntropy,4.391933294060699,moderate_z3,3.0,1.0,1.0,resample_linear
original_glcm_MCC,glcm,MCC,0.8829771738595652,moderate_z3,3.0,1.0,1.0,resample_linear
original_glcm_MaximumProbability,glcm,MaximumProbability,0.1327060381051045,moderate_z3,3.0,1.0,1.0,resample_linear
original_glcm_SumAverage,glcm,SumAverage,14.984390991416692,moderate_z3,3.0,1.0,1.0,resample_linear
original_glcm_SumEntropy,glcm,SumEntropy,3.735644460765079,moderate_z3,3.0,1.0,1.0,resample_linear
original_glcm_SumSquares,glcm,SumSquares,3.2199069795904167,moderate_z3,3.0,1.0,1.0,resample_linear
original_gldm_DependenceEntropy,gldm,DependenceEntropy,7.2215104250120605,moderate_z3,3.0,1.0,1.0,resample_linear
original_gldm_DependenceNonUniformity,gldm,DependenceNonUniformity,1940.8157677717304,moderate_z3,3.0,1.0,1.0,resample_linear
original_gldm_DependenceNonUniformityNormalized,gldm,DependenceNonUniformityNormalized,0.053351359826591,moderate_z3,3.0,1.0,1.0,resample_linear
original_gldm_DependenceVariance,gldm,DependenceVariance,32.97234391030091,moderate_z3,3.0,1.0,1.0,resample_linear
original_gldm_GrayLevelNonUniformity,gldm,GrayLevelNonUniformity,5400.429765242729,moderate_z3,3.0,1.0,1.0,resample_linear
original_gldm_GrayLevelVariance,gldm,GrayLevelVariance,3.458788798216886,moderate_z3,3.0,1.0,1.0,resample_linear
original_gldm_HighGrayLevelEmphasis,gldm,HighGrayLevelEmphasis,58.335532464676454,moderate_z3,3.0,1.0,1.0,resample_linear
original_gldm_LargeDependenceEmphasis,gldm,LargeDependenceEmphasis,284.09263840782893,moderate_z3,3.0,1.0,1.0,resample_linear
original_gldm_LargeDependenceHighGrayLevelEmphasis,gldm,LargeDependenceHighGrayLevelEmphasis,17272.88460058277,moderate_z3,3.0,1.0,1.0,resample_linear
original_gldm_LargeDependenceLowGrayLevelEmphasis,gldm,LargeDependenceLowGrayLevelEmphasis,5.900733085088391,moderate_z3,3.0,1.0,1.0,resample_linear
original_gldm_LowGrayLevelEmphasis,gldm,LowGrayLevelEmphasis,0.0236256540654376,moderate_z3,3.0,1.0,1.0,resample_linear
original_gldm_SmallDependenceEmphasis,gldm,SmallDependenceEmphasis,0.0106852807337904,moderate_z3,3.0,1.0,1.0,resample_linear
original_gldm_SmallDependenceHighGrayLevelEmphasis,gldm,SmallDependenceHighGrayLevelEmphasis,0.5303406463475764,moderate_z3,3.0,1.0,1.0,resample_linear
original_gldm_SmallDependenceLowGrayLevelEmphasis,gldm,SmallDependenceLowGrayLevelEmphasis,0.0004285324404131,moderate_z3,3.0,1.0,1.0,resample_linear
original_glrlm_GrayLevelNonUniformity,glrlm,GrayLevelNonUniformity,2160.3608376402194,moderate_z3,3.0,1.0,1.0,resample_linear
original_glrlm_GrayLevelNonUniformityNormalized,glrlm,GrayLevelNonUniformityNormalized,0.1389997668310841,moderate_z3,3.0,1.0,1.0,resample_linear
original_glrlm_GrayLevelVariance,glrlm,GrayLevelVariance,3.899290908191833,moderate_z3,3.0,1.0,1.0,resample_linear
original_glrlm_HighGrayLevelRunEmphasis,glrlm,HighGrayLevelRunEmphasis,56.35889441425324,moderate_z3,3.0,1.0,1.0,resample_linear
original_glrlm_LongRunEmphasis,glrlm,LongRunEmphasis,12.528307406796133,moderate_z3,3.0,1.0,1.0,resample_linear
original_glrlm_LongRunHighGrayLevelEmphasis,glrlm,LongRunHighGrayLevelEmphasis,733.6106585500095,moderate_z3,3.0,1.0,1.0,resample_linear
original_glrlm_LongRunLowGrayLevelEmphasis,glrlm,LongRunLowGrayLevelEmphasis,0.2852571345226936,moderate_z3,3.0,1.0,1.0,resample_linear
original_glrlm_LowGrayLevelRunEmphasis,glrlm,LowGrayLevelRunEmphasis,0.0261909810740191,moderate_z3,3.0,1.0,1.0,resample_linear
original_glrlm_RunEntropy,glrlm,RunEntropy,5.247688579276874,moderate_z3,3.0,1.0,1.0,resample_linear
original_glrlm_RunLengthNonUniformity,glrlm,RunLengthNonUniformity,4943.74285847493,moderate_z3,3.0,1.0,1.0,resample_linear
original_glrlm_RunLengthNonUniformityNormalized,glrlm,RunLengthNonUniformityNormalized,0.2918733254400779,moderate_z3,3.0,1.0,1.0,resample_linear
original_glrlm_RunPercentage,glrlm,RunPercentage,0.4289701721666095,moderate_z3,3.0,1.0,1.0,resample_linear
original_glrlm_RunVariance,glrlm,RunVariance,4.89887858259234,moderate_z3,3.0,1.0,1.0,resample_linear
original_glrlm_ShortRunEmphasis,glrlm,ShortRunEmphasis,0.5205113969109971,moderate_z3,3.0,1.0,1.0,resample_linear
original_glrlm_ShortRunHighGrayLevelEmphasis,glrlm,ShortRunHighGrayLevelEmphasis,27.70838972287673,moderate_z3,3.0,1.0,1.0,resample_linear
original_glrlm_ShortRunLowGrayLevelEmphasis,glrlm,ShortRunLowGrayLevelEmphasis,0.0156897826228086,moderate_z3,3.0,1.0,1.0,resample_linear
original_glszm_GrayLevelNonUniformity,glszm,GrayLevelNonUniformity,24.333333333333332,moderate_z3,3.0,1.0,1.0,resample_linear
original_glszm_GrayLevelNonUniformityNormalized,glszm,GrayLevelNonUniformityNormalized,0.119281045751634,moderate_z3,3.0,1.0,1.0,resample_linear
original_glszm_GrayLevelVariance,glszm,GrayLevelVariance,7.055050941945407,moderate_z3,3.0,1.0,1.0,resample_linear
original_glszm_HighGrayLevelZoneEmphasis,glszm,HighGrayLevelZoneEmphasis,41.94607843137255,moderate_z3,3.0,1.0,1.0,resample_linear
original_glszm_LargeAreaEmphasis,glszm,LargeAreaEmphasis,883441.4215686275,moderate_z3,3.0,1.0,1.0,resample_linear
original_glszm_LargeAreaHighGrayLevelEmphasis,glszm,LargeAreaHighGrayLevelEmphasis,52352520.97058824,moderate_z3,3.0,1.0,1.0,resample_linear
original_glszm_LargeAreaLowGrayLevelEmphasis,glszm,LargeAreaLowGrayLevelEmphasis,16839.684169338612,moderate_z3,3.0,1.0,1.0,resample_linear
original_glszm_LowGrayLevelZoneEmphasis,glszm,LowGrayLevelZoneEmphasis,0.0573533852692694,moderate_z3,3.0,1.0,1.0,resample_linear
original_glszm_SizeZoneNonUniformity,glszm,SizeZoneNonUniformity,47.627450980392155,moderate_z3,3.0,1.0,1.0,resample_linear
original_glszm_SizeZoneNonUniformityNormalized,glszm,SizeZoneNonUniformityNormalized,0.2334678969627066,moderate_z3,3.0,1.0,1.0,resample_linear
original_glszm_SmallAreaEmphasis,glszm,SmallAreaEmphasis,0.4918651706367509,moderate_z3,3.0,1.0,1.0,resample_linear
original_glszm_SmallAreaHighGrayLevelEmphasis,glszm,SmallAreaHighGrayLevelEmphasis,23.147931069405832,moderate_z3,3.0,1.0,1.0,resample_linear
original_glszm_SmallAreaLowGrayLevelEmphasis,glszm,SmallAreaLowGrayLevelEmphasis,0.0266516727601511,moderate_z3,3.0,1.0,1.0,resample_linear
original_glszm_ZoneEntropy,glszm,ZoneEntropy,5.6836293741001835,moderate_z3,3.0,1.0,1.0,resample_linear
original_glszm_ZonePercentage,glszm,ZonePercentage,0.0056077849249546,moderate_z3,3.0,1.0,1.0,resample_linear
original_glszm_ZoneVariance,glszm,ZoneVariance,851642.1404267589,moderate_z3,3.0,1.0,1.0,resample_linear
original_ngtdm_Busyness,ngtdm,Busyness,22.622523807218396,moderate_z3,3.0,1.0,1.0,resample_linear
original_ngtdm_Coarseness,ngtdm,Coarseness,0.0004775502202967,moderate_z3,3.0,1.0,1.0,resample_linear
original_ngtdm_Complexity,ngtdm,Complexity,25.481204000896543,moderate_z3,3.0,1.0,1.0,resample_linear
original_ngtdm_Contrast,ngtdm,Contrast,0.0227047021556488,moderate_z3,3.0,1.0,1.0,resample_linear
original_ngtdm_Strength,ngtdm,Strength,0.0246685671786095,moderate_z3,3.0,1.0,1.0,resample_linear
original_glcm_Autocorrelation,glcm,Autocorrelation,60.43467079963245,moderate_z3,3.0,1.0,1.0,resample_bspline
original_glcm_ClusterProminence,glcm,ClusterProminence,456.4927269244488,moderate_z3,3.0,1.0,1.0,resample_bspline
original_glcm_ClusterShade,glcm,ClusterShade,-1.6930248475609695,moderate_z3,3.0,1.0,1.0,resample_bspline
original_glcm_ClusterTendency,glcm,ClusterTendency,13.242545646667038,moderate_z3,3.0,1.0,1.0,resample_bspline
original_glcm_Contrast,glcm,Contrast,0.9399236130579338,moderate_z3,3.0,1.0,1.0,resample_bspline
original_glcm_Correlation,glcm,Correlation,0.8659209259961321,moderate_z3,3.0,1.0,1.0,resample_bspline
original_glcm_DifferenceAverage,glcm,DifferenceAverage,0.5740639189037094,moderate_z3,3.0,1.0,1.0,resample_bspline
original_glcm_DifferenceEntropy,glcm,DifferenceEntropy,1.3338925999082594,moderate_z3,3.0,1.0,1.0,resample_bspline
original_glcm_DifferenceVariance,glcm,DifferenceVariance,0.5684900890430913,moderate_z3,3.0,1.0,1.0,resample_bspline
original_glcm_Id,glcm,Id,0.7590655996377875,moderate_z3,3.0,1.0,1.0,resample_bspline
original_glcm_Idm,glcm,Idm,0.7481859780570747,moderate_z3,3.0,1.0,1.0,resample_bspline
original_glcm_Idmn,glcm,Idmn,0.9946295125380384,moderate_z3,3.0,1.0,1.0,resample_bspline
original_glcm_Idn,glcm,Idn,0.9606212816775124,moderate_z3,3.0,1.0,1.0,resample_bspline
original_glcm_Imc1,glcm,Imc1,-0.4230736683341683,moderate_z3,3.0,1.0,1.0,resample_bspline
original_glcm_Imc2,glcm,Imc2,0.9451234039169072,moderate_z3,3.0,1.0,1.0,resample_bspline
original_glcm_InverseVariance,glcm,InverseVariance,0.3848575881380359,moderate_z3,3.0,1.0,1.0,resample_bspline
original_glcm_JointAverage,glcm,JointAverage,7.573451628058584,moderate_z3,3.0,1.0,1.0,resample_bspline
original_glcm_JointEnergy,glcm,JointEnergy,0.059925390997238,moderate_z3,3.0,1.0,1.0,resample_bspline
original_glcm_JointEntropy,glcm,JointEntropy,4.6482646395133065,moderate_z3,3.0,1.0,1.0,resample_bspline
original_glcm_MCC,glcm,MCC,0.8788437152592792,moderate_z3,3.0,1.0,1.0,resample_bspline
original_glcm_MaximumProbability,glcm,MaximumProbability,0.1216873470647828,moderate_z3,3.0,1.0,1.0,resample_bspline
original_glcm_SumAverage,glcm,SumAverage,15.146903256117172,moderate_z3,3.0,1.0,1.0,resample_bspline
original_glcm_SumEntropy,glcm,SumEntropy,3.830690434589485,moderate_z3,3.0,1.0,1.0,resample_bspline
original_glcm_SumSquares,glcm,SumSquares,3.545617314931243,moderate_z3,3.0,1.0,1.0,resample_bspline
original_gldm_DependenceEntropy,gldm,DependenceEntropy,7.386393442208576,moderate_z3,3.0,1.0,1.0,resample_bspline
original_gldm_DependenceNonUniformity,gldm,DependenceNonUniformity,1820.3681895651216,moderate_z3,3.0,1.0,1.0,resample_bspline
original_gldm_DependenceNonUniformityNormalized,gldm,DependenceNonUniformityNormalized,0.0500403592711287,moderate_z3,3.0,1.0,1.0,resample_bspline
original_gldm_DependenceVariance,gldm,DependenceVariance,33.00825623655994,moderate_z3,3.0,1.0,1.0,resample_bspline
original_gldm_GrayLevelNonUniformity,gldm,GrayLevelNonUniformity,5169.792951784046,moderate_z3,3.0,1.0,1.0,resample_bspline
original_gldm_GrayLevelVariance,gldm,GrayLevelVariance,3.774358926659837,moderate_z3,3.0,1.0,1.0,resample_bspline
original_gldm_HighGrayLevelEmphasis,gldm,HighGrayLevelEmphasis,59.95098686019023,moderate_z3,3.0,1.0,1.0,resample_bspline
original_gldm_LargeDependenceEmphasis,gldm,LargeDependenceEmphasis,243.19847160371657,moderate_z3,3.0,1.0,1.0,resample_bspline
original_gldm_LargeDependenceHighGrayLevelEmphasis,gldm,LargeDependenceHighGrayLevelEmphasis,15460.045384573094,moderate_z3,3.0,1.0,1.0,resample_bspline
original_gldm_LargeDependenceLowGrayLevelEmphasis,gldm,LargeDependenceLowGrayLevelEmphasis,4.937918102236495,moderate_z3,3.0,1.0,1.0,resample_bspline
original_gldm_LowGrayLevelEmphasis,gldm,LowGrayLevelEmphasis,0.0235937978342955,moderate_z3,3.0,1.0,1.0,resample_bspline
original_gldm_SmallDependenceEmphasis,gldm,SmallDependenceEmphasis,0.0137996359846863,moderate_z3,3.0,1.0,1.0,resample_bspline
original_gldm_SmallDependenceHighGrayLevelEmphasis,gldm,SmallDependenceHighGrayLevelEmphasis,0.7087898274418168,moderate_z3,3.0,1.0,1.0,resample_bspline
original_gldm_SmallDependenceLowGrayLevelEmphasis,gldm,SmallDependenceLowGrayLevelEmphasis,0.0005679846903751,moderate_z3,3.0,1.0,1.0,resample_bspline
original_glrlm_GrayLevelNonUniformity,glrlm,GrayLevelNonUniformity,2359.5703436042195,moderate_z3,3.0,1.0,1.0,resample_bspline
original_glrlm_GrayLevelNonUniformityNormalized,glrlm,GrayLevelNonUniformityNormalized,0.1350911873724676,moderate_z3,3.0,1.0,1.0,resample_bspline
original_glrlm_GrayLevelVariance,glrlm,GrayLevelVariance,4.133517489008324,moderate_z3,3.0,1.0,1.0,resample_bspline
original_glrlm_HighGrayLevelRunEmphasis,glrlm,HighGrayLevelRunEmphasis,57.90549294328919,moderate_z3,3.0,1.0,1.0,resample_bspline
original_glrlm_LongRunEmphasis,glrlm,LongRunEmphasis,10.160965484211006,moderate_z3,3.0,1.0,1.0,resample_bspline
original_glrlm_LongRunHighGrayLevelEmphasis,glrlm,LongRunHighGrayLevelEmphasis,617.5878088782497,moderate_z3,3.0,1.0,1.0,resample_bspline
original_glrlm_LongRunLowGrayLevelEmphasis,glrlm,LongRunLowGrayLevelEmphasis,0.2279241160379735,moderate_z3,3.0,1.0,1.0,resample_bspline
original_glrlm_LowGrayLevelRunEmphasis,glrlm,LowGrayLevelRunEmphasis,0.0258645861976015,moderate_z3,3.0,1.0,1.0,resample_bspline
original_glrlm_RunEntropy,glrlm,RunEntropy,5.1210375435586,moderate_z3,3.0,1.0,1.0,resample_bspline
original_glrlm_RunLengthNonUniformity,glrlm,RunLengthNonUniformity,6532.501771341325,moderate_z3,3.0,1.0,1.0,resample_bspline
original_glrlm_RunLengthNonUniformityNormalized,glrlm,RunLengthNonUniformityNormalized,0.3431116503329023,moderate_z3,3.0,1.0,1.0,resample_bspline
original_glrlm_RunPercentage,glrlm,RunPercentage,0.4808485263705452,moderate_z3,3.0,1.0,1.0,resample_bspline
original_glrlm_RunVariance,glrlm,RunVariance,4.040007589382781,moderate_z3,3.0,1.0,1.0,resample_bspline
original_glrlm_ShortRunEmphasis,glrlm,ShortRunEmphasis,0.577706353226425,moderate_z3,3.0,1.0,1.0,resample_bspline
original_glrlm_ShortRunHighGrayLevelEmphasis,glrlm,ShortRunHighGrayLevelEmphasis,32.18553380168366,moderate_z3,3.0,1.0,1.0,resample_bspline
original_glrlm_ShortRunLowGrayLevelEmphasis,glrlm,ShortRunLowGrayLevelEmphasis,0.0164956385790876,moderate_z3,3.0,1.0,1.0,resample_bspline
original_glszm_GrayLevelNonUniformity,glszm,GrayLevelNonUniformity,27.948207171314746,moderate_z3,3.0,1.0,1.0,resample_bspline
original_glszm_GrayLevelNonUniformityNormalized,glszm,GrayLevelNonUniformityNormalized,0.1113474389295408,moderate_z3,3.0,1.0,1.0,resample_bspline
original_glszm_GrayLevelVariance,glszm,GrayLevelVariance,8.260186346248473,moderate_z3,3.0,1.0,1.0,resample_bspline
original_glszm_HighGrayLevelZoneEmphasis,glszm,HighGrayLevelZoneEmphasis,45.51394422310757,moderate_z3,3.0,1.0,1.0,resample_bspline
original_glszm_LargeAreaEmphasis,glszm,LargeAreaEmphasis,654596.9641434263,moderate_z3,3.0,1.0,1.0,resample_bspline
original_glszm_LargeAreaHighGrayLevelEmphasis,glszm,LargeAreaHighGrayLevelEmphasis,39040449.51792829,moderate_z3,3.0,1.0,1.0,resample_bspline
original_glszm_LargeAreaLowGrayLevelEmphasis,glszm,LargeAreaLowGrayLevelEmphasis,12405.2408737273,moderate_z3,3.0,1.0,1.0,resample_bspline
original_glszm_LowGrayLevelZoneEmphasis,glszm,LowGrayLevelZoneEmphasis,0.0625995919304569,moderate_z3,3.0,1.0,1.0,resample_bspline
original_glszm_SizeZoneNonUniformity,glszm,SizeZoneNonUniformity,60.16334661354582,moderate_z3,3.0,1.0,1.0,resample_bspline
original_glszm_SizeZoneNonUniformityNormalized,glszm,SizeZoneNonUniformityNormalized,0.2396946080220948,moderate_z3,3.0,1.0,1.0,resample_bspline
original_glszm_SmallAreaEmphasis,glszm,SmallAreaEmphasis,0.5036308925429536,moderate_z3,3.0,1.0,1.0,resample_bspline
original_glszm_SmallAreaHighGrayLevelEmphasis,glszm,SmallAreaHighGrayLevelEmphasis,21.61067238155519,moderate_z3,3.0,1.0,1.0,resample_bspline
original_glszm_SmallAreaLowGrayLevelEmphasis,glszm,SmallAreaLowGrayLevelEmphasis,0.0334421338413202,moderate_z3,3.0,1.0,1.0,resample_bspline
original_glszm_ZoneEntropy,glszm,ZoneEntropy,5.881254806072514,moderate_z3,3.0,1.0,1.0,resample_bspline
original_glszm_ZonePercentage,glszm,ZonePercentage,0.0068997745890373,moderate_z3,3.0,1.0,1.0,resample_bspline
original_glszm_ZoneVariance,glszm,ZoneVariance,633591.6009904605,moderate_z3,3.0,1.0,1.0,resample_bspline
original_ngtdm_Busyness,ngtdm,Busyness,19.14158983873408,moderate_z3,3.0,1.0,1.0,resample_bspline
original_ngtdm_Coarseness,ngtdm,Coarseness,0.0004992988157717,moderate_z3,3.0,1.0,1.0,resample_bspline
original_ngtdm_Complexity,ngtdm,Complexity,30.00013752414227,moderate_z3,3.0,1.0,1.0,resample_bspline
original_ngtdm_Contrast,ngtdm,Contrast,0.0207802441817037,moderate_z3,3.0,1.0,1.0,resample_bspline
original_ngtdm_Strength,ngtdm,Strength,0.0299898965717355,moderate_z3,3.0,1.0,1.0,resample_bspline
original_glcm_Autocorrelation,glcm,Autocorrelation,34.74398626181157,moderate_z3,3.0,1.0,1.0,voxel_spacing_aware
original_glcm_ClusterProminence,glcm,ClusterProminence,328.5988366830746,moderate_z3,3.0,1.0,1.0,voxel_spacing_aware
original_glcm_ClusterShade,glcm,ClusterShade,0.4542942654109194,moderate_z3,3.0,1.0,1.0,voxel_spacing_aware
original_glcm_ClusterTendency,glcm,ClusterTendency,11.317900139463354,moderate_z3,3.0,1.0,1.0,voxel_spacing_aware
original_glcm_Contrast,glcm,Contrast,1.16792739692491,moderate_z3,3.0,1.0,1.0,voxel_spacing_aware
original_glcm_Correlation,glcm,Correlation,0.8129723909433494,moderate_z3,3.0,1.0,1.0,voxel_spacing_aware
original_glcm_DifferenceAverage,glcm,DifferenceAverage,0.6876541227857468,moderate_z3,3.0,1.0,1.0,voxel_spacing_aware
original_glcm_DifferenceEntropy,glcm,DifferenceEntropy,1.2597128225869818,moderate_z3,3.0,1.0,1.0,voxel_spacing_aware
original_glcm_DifferenceVariance,glcm,DifferenceVariance,0.5119734232864885,moderate_z3,3.0,1.0,1.0,voxel_spacing_aware
original_glcm_Id,glcm,Id,0.7328340227161005,moderate_z3,3.0,1.0,1.0,voxel_spacing_aware
original_glcm_Idm,glcm,Idm,0.7042002660210429,moderate_z3,3.0,1.0,1.0,voxel_spacing_aware
original_glcm_Idmn,glcm,Idmn,0.988752840887214,moderate_z3,3.0,1.0,1.0,voxel_spacing_aware
original_glcm_Idn,glcm,Idn,0.9410770876056476,moderate_z3,3.0,1.0,1.0,voxel_spacing_aware
original_glcm_Imc1,glcm,Imc1,-0.4281167495278447,moderate_z3,3.0,1.0,1.0,voxel_spacing_aware
original_glcm_Imc2,glcm,Imc2,0.9167983746629752,moderate_z3,3.0,1.0,1.0,voxel_spacing_aware
original_glcm_InverseVariance,glcm,InverseVariance,0.2993793672890201,moderate_z3,3.0,1.0,1.0,voxel_spacing_aware
original_glcm_JointAverage,glcm,JointAverage,5.6750743906051175,moderate_z3,3.0,1.0,1.0,voxel_spacing_aware
original_glcm_JointEnergy,glcm,JointEnergy,0.0655015643146917,moderate_z3,3.0,1.0,1.0,voxel_spacing_aware
original_glcm_JointEntropy,glcm,JointEntropy,4.482282144736983,moderate_z3,3.0,1.0,1.0,voxel_spacing_aware
original_glcm_MCC,glcm,MCC,0.8161590963602003,moderate_z3,3.0,1.0,1.0,voxel_spacing_aware
original_glcm_MaximumProbability,glcm,MaximumProbability,0.1247714078826162,moderate_z3,3.0,1.0,1.0,voxel_spacing_aware
original_glcm_SumAverage,glcm,SumAverage,11.350148781210237,moderate_z3,3.0,1.0,1.0,voxel_spacing_aware
original_glcm_SumEntropy,glcm,SumEntropy,3.597234429304922,moderate_z3,3.0,1.0,1.0,voxel_spacing_aware
original_glcm_SumSquares,glcm,SumSquares,3.1214568840970656,moderate_z3,3.0,1.0,1.0,voxel_spacing_aware
original_gldm_DependenceEntropy,gldm,DependenceEntropy,6.799402987503875,moderate_z3,3.0,1.0,1.0,voxel_spacing_aware
original_gldm_DependenceNonUniformity,gldm,DependenceNonUniformity,3022.369893891913,moderate_z3,3.0,1.0,1.0,voxel_spacing_aware
original_gldm_DependenceNonUniformityNormalized,gldm,DependenceNonUniformityNormalized,0.0830823545519795,moderate_z3,3.0,1.0,1.0,voxel_spacing_aware
original_gldm_DependenceVariance,gldm,DependenceVariance,36.93834474911796,moderate_z3,3.0,1.0,1.0,voxel_spacing_aware
original_gldm_GrayLevelNonUniformity,gldm,GrayLevelNonUniformity,5614.625432953983,moderate_z3,3.0,1.0,1.0,voxel_spacing_aware
original_gldm_GrayLevelVariance,gldm,GrayLevelVariance,3.193851224412078,moderate_z3,3.0,1.0,1.0,voxel_spacing_aware
original_gldm_HighGrayLevelEmphasis,gldm,HighGrayLevelEmphasis,35.28814118423223,moderate_z3,3.0,1.0,1.0,voxel_spacing_aware
original_gldm_LargeDependenceEmphasis,gldm,LargeDependenceEmphasis,343.6147121886855,moderate_z3,3.0,1.0,1.0,voxel_spacing_aware
original_gldm_LargeDependenceHighGrayLevelEmphasis,gldm,LargeDependenceHighGrayLevelEmphasis,12214.966903073286,moderate_z3,3.0,1.0,1.0,voxel_spacing_aware
original_gldm_LargeDependenceLowGrayLevelEmphasis,gldm,LargeDependenceLowGrayLevelEmphasis,16.059810263683172,moderate_z3,3.0,1.0,1.0,voxel_spacing_aware
original_gldm_LowGrayLevelEmphasis,gldm,LowGrayLevelEmphasis,0.0509695439658383,moderate_z3,3.0,1.0,1.0,voxel_spacing_aware
original_gldm_SmallDependenceEmphasis,gldm,SmallDependenceEmphasis,0.007052284133075,moderate_z3,3.0,1.0,1.0,voxel_spacing_aware
original_gldm_SmallDependenceHighGrayLevelEmphasis,gldm,SmallDependenceHighGrayLevelEmphasis,0.2511959188317118,moderate_z3,3.0,1.0,1.0,voxel_spacing_aware
original_gldm_SmallDependenceLowGrayLevelEmphasis,gldm,SmallDependenceLowGrayLevelEmphasis,0.0004321981167118,moderate_z3,3.0,1.0,1.0,voxel_spacing_aware
original_glrlm_GrayLevelNonUniformity,glrlm,GrayLevelNonUniformity,1978.0170312826112,moderate_z3,3.0,1.0,1.0,voxel_spacing_aware
original_glrlm_GrayLevelNonUniformityNormalized,glrlm,GrayLevelNonUniformityNormalized,0.1489834108289359,moderate_z3,3.0,1.0,1.0,voxel_spacing_aware
original_glrlm_GrayLevelVariance,glrlm,GrayLevelVariance,3.406111705239234,moderate_z3,3.0,1.0,1.0,voxel_spacing_aware
original_glrlm_HighGrayLevelRunEmphasis,glrlm,HighGrayLevelRunEmphasis,35.08185281700987,moderate_z3,3.0,1.0,1.0,voxel_spacing_aware
original_glrlm_LongRunEmphasis,glrlm,LongRunEmphasis,13.450356072764182,moderate_z3,3.0,1.0,1.0,voxel_spacing_aware
original_glrlm_LongRunHighGrayLevelEmphasis,glrlm,LongRunHighGrayLevelEmphasis,479.89360553284854,moderate_z3,3.0,1.0,1.0,voxel_spacing_aware
original_glrlm_LongRunLowGrayLevelEmphasis,glrlm,LongRunLowGrayLevelEmphasis,0.6265616827157836,moderate_z3,3.0,1.0,1.0,voxel_spacing_aware
original_glrlm_LowGrayLevelRunEmphasis,glrlm,LowGrayLevelRunEmphasis,0.0557045068237138,moderate_z3,3.0,1.0,1.0,voxel_spacing_aware
original_glrlm_RunEntropy,glrlm,RunEntropy,5.234586414538915,moderate_z3,3.0,1.0,1.0,voxel_spacing_aware
original_glrlm_RunLengthNonUniformity,glrlm,RunLengthNonUniformity,3273.5647619560605,moderate_z3,3.0,1.0,1.0,voxel_spacing_aware
original_glrlm_RunLengthNonUniformityNormalized,glrlm,RunLengthNonUniformityNormalized,0.2470311326593294,moderate_z3,3.0,1.0,1.0,voxel_spacing_aware
original_glrlm_RunPercentage,glrlm,RunPercentage,0.3649162426995183,moderate_z3,3.0,1.0,1.0,voxel_spacing_aware
original_glrlm_RunVariance,glrlm,RunVariance,4.34982238812889,moderate_z3,3.0,1.0,1.0,voxel_spacing_aware
original_glrlm_ShortRunEmphasis,glrlm,ShortRunEmphasis,0.4031919544329083,moderate_z3,3.0,1.0,1.0,voxel_spacing_aware
original_glrlm_ShortRunHighGrayLevelEmphasis,glrlm,ShortRunHighGrayLevelEmphasis,14.169691434063642,moderate_z3,3.0,1.0,1.0,voxel_spacing_aware
original_glrlm_ShortRunLowGrayLevelEmphasis,glrlm,ShortRunLowGrayLevelEmphasis,0.0247232344817111,moderate_z3,3.0,1.0,1.0,voxel_spacing_aware
original_glszm_GrayLevelNonUniformity,glszm,GrayLevelNonUniformity,16.81679389312977,moderate_z3,3.0,1.0,1.0,voxel_spacing_aware
original_glszm_GrayLevelNonUniformityNormalized,glszm,GrayLevelNonUniformityNormalized,0.1283724724666394,moderate_z3,3.0,1.0,1.0,voxel_spacing_aware
original_glszm_GrayLevelVariance,glszm,GrayLevelVariance,5.749198764640755,moderate_z3,3.0,1.0,1.0,voxel_spacing_aware
original_glszm_HighGrayLevelZoneEmphasis,glszm,HighGrayLevelZoneEmphasis,37.229007633587784,moderate_z3,3.0,1.0,1.0,voxel_spacing_aware
original_glszm_LargeAreaEmphasis,glszm,LargeAreaEmphasis,567020.748091603,moderate_z3,3.0,1.0,1.0,voxel_spacing_aware
original_glszm_LargeAreaHighGrayLevelEmphasis,glszm,LargeAreaHighGrayLevelEmphasis,18659049.938931298,moderate_z3,3.0,1.0,1.0,voxel_spacing_aware
original_glszm_LargeAreaLowGrayLevelEmphasis,glszm,LargeAreaLowGrayLevelEmphasis,21602.09040588055,moderate_z3,3.0,1.0,1.0,voxel_spacing_aware
original_glszm_LowGrayLevelZoneEmphasis,glszm,LowGrayLevelZoneEmphasis,0.0971847875423847,moderate_z3,3.0,1.0,1.0,voxel_spacing_aware
original_glszm_SizeZoneNonUniformity,glszm,SizeZoneNonUniformity,21.748091603053435,moderate_z3,3.0,1.0,1.0,voxel_spacing_aware
original_glszm_SizeZoneNonUniformityNormalized,glszm,SizeZoneNonUniformityNormalized,0.1660159664355224,moderate_z3,3.0,1.0,1.0,voxel_spacing_aware
original_glszm_SmallAreaEmphasis,glszm,SmallAreaEmphasis,0.0457891122537442,moderate_z3,3.0,1.0,1.0,voxel_spacing_aware
original_glszm_SmallAreaHighGrayLevelEmphasis,glszm,SmallAreaHighGrayLevelEmphasis,1.7630817489094777,moderate_z3,3.0,1.0,1.0,voxel_spacing_aware
original_glszm_SmallAreaLowGrayLevelEmphasis,glszm,SmallAreaLowGrayLevelEmphasis,0.0042203454946992,moderate_z3,3.0,1.0,1.0,voxel_spacing_aware
original_glszm_ZoneEntropy,glszm,ZoneEntropy,5.801185001517869,moderate_z3,3.0,1.0,1.0,voxel_spacing_aware
original_glszm_ZonePercentage,glszm,ZonePercentage,0.0036010775743581,moderate_z3,3.0,1.0,1.0,voxel_spacing_aware
original_glszm_ZoneVariance,glszm,ZoneVariance,489906.4258493095,moderate_z3,3.0,1.0,1.0,voxel_spacing_aware
original_ngtdm_Busyness,ngtdm,Busyness,18.54298158401816,moderate_z3,3.0,1.0,1.0,voxel_spacing_aware
original_ngtdm_Coarseness,ngtdm,Coarseness,0.0010657711763218,moderate_z3,3.0,1.0,1.0,voxel_spacing_aware
original_ngtdm_Complexity,ngtdm,Complexity,20.085661222462505,moderate_z3,3.0,1.0,1.0,voxel_spacing_aware
original_ngtdm_Contrast,ngtdm,Contrast,0.0367622819161458,moderate_z3,3.0,1.0,1.0,voxel_spacing_aware
original_ngtdm_Strength,ngtdm,Strength,0.0365273850520686,moderate_z3,3.0,1.0,1.0,voxel_spacing_aware
original_glcm_Autocorrelation,glcm,Autocorrelation,34.58753758495539,strong_z5,5.0,1.0,1.0,native_original
original_glcm_ClusterProminence,glcm,ClusterProminence,311.3041398881424,strong_z5,5.0,1.0,1.0,native_original
original_glcm_ClusterShade,glcm,ClusterShade,0.4655828255547775,strong_z5,5.0,1.0,1.0,native_original
original_glcm_ClusterTendency,glcm,ClusterTendency,11.011881190591271,strong_z5,5.0,1.0,1.0,native_original
original_glcm_Contrast,glcm,Contrast,1.4870374635756822,strong_z5,5.0,1.0,1.0,native_original
original_glcm_Correlation,glcm,Correlation,0.7621507062793819,strong_z5,5.0,1.0,1.0,native_original
original_glcm_DifferenceAverage,glcm,DifferenceAverage,0.839884673725355,strong_z5,5.0,1.0,1.0,native_original
original_glcm_DifferenceEntropy,glcm,DifferenceEntropy,1.4150890296130916,strong_z5,5.0,1.0,1.0,native_original
original_glcm_DifferenceVariance,glcm,DifferenceVariance,0.6260606611850738,strong_z5,5.0,1.0,1.0,native_original
original_glcm_Id,glcm,Id,0.6834857947267582,strong_z5,5.0,1.0,1.0,native_original
original_glcm_Idm,glcm,Idm,0.6447729421223551,strong_z5,5.0,1.0,1.0,native_original
original_glcm_Idmn,glcm,Idmn,0.9857016853537784,strong_z5,5.0,1.0,1.0,native_original
original_glcm_Idn,glcm,Idn,0.928487553126832,strong_z5,5.0,1.0,1.0,native_original
original_glcm_Imc1,glcm,Imc1,-0.3554414484150945,strong_z5,5.0,1.0,1.0,native_original
original_glcm_Imc2,glcm,Imc2,0.8936891348910181,strong_z5,5.0,1.0,1.0,native_original
original_glcm_InverseVariance,glcm,InverseVariance,0.31547116828531,strong_z5,5.0,1.0,1.0,native_original
original_glcm_JointAverage,glcm,JointAverage,5.67505992288611,strong_z5,5.0,1.0,1.0,native_original
original_glcm_JointEnergy,glcm,JointEnergy,0.055287016928315,strong_z5,5.0,1.0,1.0,native_original
original_glcm_JointEntropy,glcm,JointEntropy,4.6908746553418315,strong_z5,5.0,1.0,1.0,native_original
original_glcm_MCC,glcm,MCC,0.7655137585890059,strong_z5,5.0,1.0,1.0,native_original
original_glcm_MaximumProbability,glcm,MaximumProbability,0.1076572388849377,strong_z5,5.0,1.0,1.0,native_original
original_glcm_SumAverage,glcm,SumAverage,11.35011984577222,strong_z5,5.0,1.0,1.0,native_original
original_glcm_SumEntropy,glcm,SumEntropy,3.5846603778211015,strong_z5,5.0,1.0,1.0,native_original
original_glcm_SumSquares,glcm,SumSquares,3.1247296635417383,strong_z5,5.0,1.0,1.0,native_original
original_gldm_DependenceEntropy,gldm,DependenceEntropy,6.748581417208246,strong_z5,5.0,1.0,1.0,native_original
original_gldm_DependenceNonUniformity,gldm,DependenceNonUniformity,868.097971301336,strong_z5,5.0,1.0,1.0,native_original
original_gldm_DependenceNonUniformityNormalized,gldm,DependenceNonUniformityNormalized,0.0715898046595197,strong_z5,5.0,1.0,1.0,native_original
original_gldm_DependenceVariance,gldm,DependenceVariance,19.75530969571819,strong_z5,5.0,1.0,1.0,native_original
original_gldm_GrayLevelNonUniformity,gldm,GrayLevelNonUniformity,1871.541810984661,strong_z5,5.0,1.0,1.0,native_original
original_gldm_GrayLevelVariance,gldm,GrayLevelVariance,3.193851224412078,strong_z5,5.0,1.0,1.0,native_original
original_gldm_HighGrayLevelEmphasis,gldm,HighGrayLevelEmphasis,35.28814118423223,strong_z5,5.0,1.0,1.0,native_original
original_gldm_LargeDependenceEmphasis,gldm,LargeDependenceEmphasis,164.7585353785255,strong_z5,5.0,1.0,1.0,native_original
original_gldm_LargeDependenceHighGrayLevelEmphasis,gldm,LargeDependenceHighGrayLevelEmphasis,5844.428995546759,strong_z5,5.0,1.0,1.0,native_original
original_gldm_LargeDependenceLowGrayLevelEmphasis,gldm,LargeDependenceLowGrayLevelEmphasis,7.726119594189104,strong_z5,5.0,1.0,1.0,native_original
original_gldm_LowGrayLevelEmphasis,gldm,LowGrayLevelEmphasis,0.0509695439658383,strong_z5,5.0,1.0,1.0,native_original
original_gldm_SmallDependenceEmphasis,gldm,SmallDependenceEmphasis,0.0184646284013753,strong_z5,5.0,1.0,1.0,native_original
original_gldm_SmallDependenceHighGrayLevelEmphasis,gldm,SmallDependenceHighGrayLevelEmphasis,0.664409370361318,strong_z5,5.0,1.0,1.0,native_original
original_gldm_SmallDependenceLowGrayLevelEmphasis,gldm,SmallDependenceLowGrayLevelEmphasis,0.0012243385755492,strong_z5,5.0,1.0,1.0,native_original
original_glrlm_GrayLevelNonUniformity,glrlm,GrayLevelNonUniformity,1060.4856227970497,strong_z5,5.0,1.0,1.0,native_original
original_glrlm_GrayLevelNonUniformityNormalized,glrlm,GrayLevelNonUniformityNormalized,0.1510499332872742,strong_z5,5.0,1.0,1.0,native_original
original_glrlm_GrayLevelVariance,glrlm,GrayLevelVariance,3.328031593877766,strong_z5,5.0,1.0,1.0,native_original
original_glrlm_HighGrayLevelRunEmphasis,glrlm,HighGrayLevelRunEmphasis,35.176505801514004,strong_z5,5.0,1.0,1.0,native_original
original_glrlm_LongRunEmphasis,glrlm,LongRunEmphasis,8.538886686963691,strong_z5,5.0,1.0,1.0,native_original
original_glrlm_LongRunHighGrayLevelEmphasis,glrlm,LongRunHighGrayLevelEmphasis,305.59498132009577,strong_z5,5.0,1.0,1.0,native_original
original_glrlm_LongRunLowGrayLevelEmphasis,glrlm,LongRunLowGrayLevelEmphasis,0.3906957237542382,strong_z5,5.0,1.0,1.0,native_original
original_glrlm_LowGrayLevelRunEmphasis,glrlm,LowGrayLevelRunEmphasis,0.0539520416041134,strong_z5,5.0,1.0,1.0,native_original
original_glrlm_RunEntropy,glrlm,RunEntropy,4.465247063041276,strong_z5,5.0,1.0,1.0,native_original
original_glrlm_RunLengthNonUniformity,glrlm,RunLengthNonUniformity,3243.2719636032457,strong_z5,5.0,1.0,1.0,native_original
original_glrlm_RunLengthNonUniformityNormalized,glrlm,RunLengthNonUniformityNormalized,0.4103940546942009,strong_z5,5.0,1.0,1.0,native_original
original_glrlm_RunPercentage,glrlm,RunPercentage,0.5753181339524732,strong_z5,5.0,1.0,1.0,native_original
original_glrlm_RunVariance,glrlm,RunVariance,3.03727160188601,strong_z5,5.0,1.0,1.0,native_original
original_glrlm_ShortRunEmphasis,glrlm,ShortRunEmphasis,0.586800355325577,strong_z5,5.0,1.0,1.0,native_original
original_glrlm_ShortRunHighGrayLevelEmphasis,glrlm,ShortRunHighGrayLevelEmphasis,20.704940890205833,strong_z5,5.0,1.0,1.0,native_original
original_glrlm_ShortRunLowGrayLevelEmphasis,glrlm,ShortRunLowGrayLevelEmphasis,0.0327323362063336,strong_z5,5.0,1.0,1.0,native_original
original_glszm_GrayLevelNonUniformity,glszm,GrayLevelNonUniformity,16.81679389312977,strong_z5,5.0,1.0,1.0,native_original
original_glszm_GrayLevelNonUniformityNormalized,glszm,GrayLevelNonUniformityNormalized,0.1283724724666394,strong_z5,5.0,1.0,1.0,native_original
original_glszm_GrayLevelVariance,glszm,GrayLevelVariance,5.749198764640755,strong_z5,5.0,1.0,1.0,native_original
original_glszm_HighGrayLevelZoneEmphasis,glszm,HighGrayLevelZoneEmphasis,37.229007633587784,strong_z5,5.0,1.0,1.0,native_original
original_glszm_LargeAreaEmphasis,glszm,LargeAreaEmphasis,63002.30534351145,strong_z5,5.0,1.0,1.0,native_original
original_glszm_LargeAreaHighGrayLevelEmphasis,glszm,LargeAreaHighGrayLevelEmphasis,2073227.7709923664,strong_z5,5.0,1.0,1.0,native_original
original_glszm_LargeAreaLowGrayLevelEmphasis,glszm,LargeAreaLowGrayLevelEmphasis,2400.232267320061,strong_z5,5.0,1.0,1.0,native_original
original_glszm_LowGrayLevelZoneEmphasis,glszm,LowGrayLevelZoneEmphasis,0.0971847875423847,strong_z5,5.0,1.0,1.0,native_original
original_glszm_SizeZoneNonUniformity,glszm,SizeZoneNonUniformity,21.748091603053435,strong_z5,5.0,1.0,1.0,native_original
original_glszm_SizeZoneNonUniformityNormalized,glszm,SizeZoneNonUniformityNormalized,0.1660159664355224,strong_z5,5.0,1.0,1.0,native_original
original_glszm_SmallAreaEmphasis,glszm,SmallAreaEmphasis,0.4121020102836982,strong_z5,5.0,1.0,1.0,native_original
original_glszm_SmallAreaHighGrayLevelEmphasis,glszm,SmallAreaHighGrayLevelEmphasis,15.867735740185298,strong_z5,5.0,1.0,1.0,native_original
original_glszm_SmallAreaLowGrayLevelEmphasis,glszm,SmallAreaLowGrayLevelEmphasis,0.037983109452293,strong_z5,5.0,1.0,1.0,native_original
original_glszm_ZoneEntropy,glszm,ZoneEntropy,5.801185001517869,strong_z5,5.0,1.0,1.0,native_original
original_glszm_ZonePercentage,glszm,ZonePercentage,0.0108032327230743,strong_z5,5.0,1.0,1.0,native_original
original_glszm_ZoneVariance,glszm,ZoneVariance,54434.04731658994,strong_z5,5.0,1.0,1.0,native_original
original_ngtdm_Busyness,ngtdm,Busyness,25.022526338132504,strong_z5,5.0,1.0,1.0,native_original
original_ngtdm_Coarseness,ngtdm,Coarseness,0.0007897913675166,strong_z5,5.0,1.0,1.0,native_original
original_ngtdm_Complexity,ngtdm,Complexity,26.94568433418289,strong_z5,5.0,1.0,1.0,native_original
original_ngtdm_Contrast,ngtdm,Contrast,0.0491961938079195,strong_z5,5.0,1.0,1.0,native_original
original_ngtdm_Strength,ngtdm,Strength,0.0272954048475106,strong_z5,5.0,1.0,1.0,native_original
original_glcm_Autocorrelation,glcm,Autocorrelation,35.091777108683296,strong_z5,5.0,1.0,1.0,resample_nearest
original_glcm_ClusterProminence,glcm,ClusterProminence,369.3901066346607,strong_z5,5.0,1.0,1.0,resample_nearest
original_glcm_ClusterShade,glcm,ClusterShade,0.3391261643723435,strong_z5,5.0,1.0,1.0,resample_nearest
original_glcm_ClusterTendency,glcm,ClusterTendency,12.037887296877736,strong_z5,5.0,1.0,1.0,resample_nearest
original_glcm_Contrast,glcm,Contrast,0.461212716326517,strong_z5,5.0,1.0,1.0,resample_nearest
original_glcm_Correlation,glcm,Correlation,0.9261237649744014,strong_z5,5.0,1.0,1.0,resample_nearest
original_glcm_DifferenceAverage,glcm,DifferenceAverage,0.3423152948030877,strong_z5,5.0,1.0,1.0,resample_nearest
original_glcm_DifferenceEntropy,glcm,DifferenceEntropy,1.028612205151895,strong_z5,5.0,1.0,1.0,resample_nearest
original_glcm_DifferenceVariance,glcm,DifferenceVariance,0.3362377392852548,strong_z5,5.0,1.0,1.0,resample_nearest
original_glcm_Id,glcm,Id,0.8478444887881241,strong_z5,5.0,1.0,1.0,resample_nearest
original_glcm_Idm,glcm,Idm,0.8407320947507989,strong_z5,5.0,1.0,1.0,resample_nearest
original_glcm_Idmn,glcm,Idmn,0.9955115896272092,strong_z5,5.0,1.0,1.0,resample_nearest
original_glcm_Idn,glcm,Idn,0.9697697797628094,strong_z5,5.0,1.0,1.0,resample_nearest
original_glcm_Imc1,glcm,Imc1,-0.5535130315161265,strong_z5,5.0,1.0,1.0,resample_nearest
original_glcm_Imc2,glcm,Imc2,0.9755582837404876,strong_z5,5.0,1.0,1.0,resample_nearest
original_glcm_InverseVariance,glcm,InverseVariance,0.2459687800952871,strong_z5,5.0,1.0,1.0,resample_nearest
original_glcm_JointAverage,glcm,JointAverage,5.6742908155540395,strong_z5,5.0,1.0,1.0,resample_nearest
original_glcm_JointEnergy,glcm,JointEnergy,0.086615995505332,strong_z5,5.0,1.0,1.0,resample_nearest
original_glcm_JointEntropy,glcm,JointEntropy,4.125144629415778,strong_z5,5.0,1.0,1.0,resample_nearest
original_glcm_MCC,glcm,MCC,0.928385194161852,strong_z5,5.0,1.0,1.0,resample_nearest
original_glcm_MaximumProbability,glcm,MaximumProbability,0.1649365285234561,strong_z5,5.0,1.0,1.0,resample_nearest
original_glcm_SumAverage,glcm,SumAverage,11.34858163110808,strong_z5,5.0,1.0,1.0,resample_nearest
original_glcm_SumEntropy,glcm,SumEntropy,3.583296134265062,strong_z5,5.0,1.0,1.0,resample_nearest
original_glcm_SumSquares,glcm,SumSquares,3.124775003301063,strong_z5,5.0,1.0,1.0,resample_nearest
original_gldm_DependenceEntropy,gldm,DependenceEntropy,6.547990036818396,strong_z5,5.0,1.0,1.0,resample_nearest
original_gldm_DependenceNonUniformity,gldm,DependenceNonUniformity,6159.373445489032,strong_z5,5.0,1.0,1.0,resample_nearest
original_gldm_DependenceNonUniformityNormalized,gldm,DependenceNonUniformityNormalized,0.1015895339846451,strong_z5,5.0,1.0,1.0,resample_nearest
original_gldm_DependenceVariance,gldm,DependenceVariance,37.52932242026646,strong_z5,5.0,1.0,1.0,resample_nearest
original_gldm_GrayLevelNonUniformity,gldm,GrayLevelNonUniformity,9357.709054923303,strong_z5,5.0,1.0,1.0,resample_nearest
original_gldm_GrayLevelVariance,gldm,GrayLevelVariance,3.193851224412078,strong_z5,5.0,1.0,1.0,resample_nearest
original_gldm_HighGrayLevelEmphasis,gldm,HighGrayLevelEmphasis,35.28814118423223,strong_z5,5.0,1.0,1.0,resample_nearest
original_gldm_LargeDependenceEmphasis,gldm,LargeDependenceEmphasis,383.7225136071252,strong_z5,5.0,1.0,1.0,resample_nearest
original_gldm_LargeDependenceHighGrayLevelEmphasis,gldm,LargeDependenceHighGrayLevelEmphasis,13645.63585683655,strong_z5,5.0,1.0,1.0,resample_nearest
original_gldm_LargeDependenceLowGrayLevelEmphasis,gldm,LargeDependenceLowGrayLevelEmphasis,17.924322315846855,strong_z5,5.0,1.0,1.0,resample_nearest
original_gldm_LowGrayLevelEmphasis,gldm,LowGrayLevelEmphasis,0.0509695439658383,strong_z5,5.0,1.0,1.0,resample_nearest
original_gldm_SmallDependenceEmphasis,gldm,SmallDependenceEmphasis,0.0060947868511182,strong_z5,5.0,1.0,1.0,resample_nearest
original_gldm_SmallDependenceHighGrayLevelEmphasis,gldm,SmallDependenceHighGrayLevelEmphasis,0.2169605095687737,strong_z5,5.0,1.0,1.0,resample_nearest
original_gldm_SmallDependenceLowGrayLevelEmphasis,gldm,SmallDependenceLowGrayLevelEmphasis,0.0003718428198154,strong_z5,5.0,1.0,1.0,resample_nearest
original_glrlm_GrayLevelNonUniformity,glrlm,GrayLevelNonUniformity,2899.054701944491,strong_z5,5.0,1.0,1.0,resample_nearest
original_glrlm_GrayLevelNonUniformityNormalized,glrlm,GrayLevelNonUniformityNormalized,0.1483452326742761,strong_z5,5.0,1.0,1.0,resample_nearest
original_glrlm_GrayLevelVariance,glrlm,GrayLevelVariance,3.435999953100764,strong_z5,5.0,1.0,1.0,resample_nearest
original_glrlm_HighGrayLevelRunEmphasis,glrlm,HighGrayLevelRunEmphasis,35.04657606718118,strong_z5,5.0,1.0,1.0,resample_nearest
original_glrlm_LongRunEmphasis,glrlm,LongRunEmphasis,18.691665194806465,strong_z5,5.0,1.0,1.0,resample_nearest
original_glrlm_LongRunHighGrayLevelEmphasis,glrlm,LongRunHighGrayLevelEmphasis,666.1581005018771,strong_z5,5.0,1.0,1.0,resample_nearest
original_glrlm_LongRunLowGrayLevelEmphasis,glrlm,LongRunLowGrayLevelEmphasis,0.8789976091437436,strong_z5,5.0,1.0,1.0,resample_nearest
original_glrlm_LowGrayLevelRunEmphasis,glrlm,LowGrayLevelRunEmphasis,0.0563795353676818,strong_z5,5.0,1.0,1.0,resample_nearest
original_glrlm_RunEntropy,glrlm,RunEntropy,5.43794118459407,strong_z5,5.0,1.0,1.0,resample_nearest
original_glrlm_RunLengthNonUniformity,glrlm,RunLengthNonUniformity,4219.658574331612,strong_z5,5.0,1.0,1.0,resample_nearest
original_glrlm_RunLengthNonUniformityNormalized,glrlm,RunLengthNonUniformityNormalized,0.2251612707175178,strong_z5,5.0,1.0,1.0,resample_nearest
original_glrlm_RunPercentage,glrlm,RunPercentage,0.3228358644489273,strong_z5,5.0,1.0,1.0,resample_nearest
original_glrlm_RunVariance,glrlm,RunVariance,5.684700196915913,strong_z5,5.0,1.0,1.0,resample_nearest
original_glrlm_ShortRunEmphasis,glrlm,ShortRunEmphasis,0.3787440547515479,strong_z5,5.0,1.0,1.0,resample_nearest
original_glrlm_ShortRunHighGrayLevelEmphasis,glrlm,ShortRunHighGrayLevelEmphasis,13.325290818389682,strong_z5,5.0,1.0,1.0,resample_nearest
original_glrlm_ShortRunLowGrayLevelEmphasis,glrlm,ShortRunLowGrayLevelEmphasis,0.0237244706872589,strong_z5,5.0,1.0,1.0,resample_nearest
original_glszm_GrayLevelNonUniformity,glszm,GrayLevelNonUniformity,16.81679389312977,strong_z5,5.0,1.0,1.0,resample_nearest
original_glszm_GrayLevelNonUniformityNormalized,glszm,GrayLevelNonUniformityNormalized,0.1283724724666394,strong_z5,5.0,1.0,1.0,resample_nearest
original_glszm_GrayLevelVariance,glszm,GrayLevelVariance,5.749198764640755,strong_z5,5.0,1.0,1.0,resample_nearest
original_glszm_HighGrayLevelZoneEmphasis,glszm,HighGrayLevelZoneEmphasis,37.229007633587784,strong_z5,5.0,1.0,1.0,resample_nearest
original_glszm_LargeAreaEmphasis,glszm,LargeAreaEmphasis,1575057.6335877862,strong_z5,5.0,1.0,1.0,resample_nearest
original_glszm_LargeAreaHighGrayLevelEmphasis,glszm,LargeAreaHighGrayLevelEmphasis,51830694.27480916,strong_z5,5.0,1.0,1.0,resample_nearest
original_glszm_LargeAreaLowGrayLevelEmphasis,glszm,LargeAreaLowGrayLevelEmphasis,60005.80668300152,strong_z5,5.0,1.0,1.0,resample_nearest
original_glszm_LowGrayLevelZoneEmphasis,glszm,LowGrayLevelZoneEmphasis,0.0971847875423847,strong_z5,5.0,1.0,1.0,resample_nearest
original_glszm_SizeZoneNonUniformity,glszm,SizeZoneNonUniformity,21.748091603053435,strong_z5,5.0,1.0,1.0,resample_nearest
original_glszm_SizeZoneNonUniformityNormalized,glszm,SizeZoneNonUniformityNormalized,0.1660159664355224,strong_z5,5.0,1.0,1.0,resample_nearest
original_glszm_SmallAreaEmphasis,glszm,SmallAreaEmphasis,0.0164840804113479,strong_z5,5.0,1.0,1.0,resample_nearest
original_glszm_SmallAreaHighGrayLevelEmphasis,glszm,SmallAreaHighGrayLevelEmphasis,0.634709429607412,strong_z5,5.0,1.0,1.0,resample_nearest
original_glszm_SmallAreaLowGrayLevelEmphasis,glszm,SmallAreaLowGrayLevelEmphasis,0.0015193243780917,strong_z5,5.0,1.0,1.0,resample_nearest
original_glszm_ZoneEntropy,glszm,ZoneEntropy,5.801185001517869,strong_z5,5.0,1.0,1.0,resample_nearest
original_glszm_ZonePercentage,glszm,ZonePercentage,0.0021606465446148,strong_z5,5.0,1.0,1.0,resample_nearest
original_glszm_ZoneVariance,glszm,ZoneVariance,1360851.1829147486,strong_z5,5.0,1.0,1.0,resample_nearest
original_ngtdm_Busyness,ngtdm,Busyness,55.080393895044466,strong_z5,5.0,1.0,1.0,resample_nearest
original_ngtdm_Coarseness,ngtdm,Coarseness,0.0003587950974528,strong_z5,5.0,1.0,1.0,resample_nearest
original_ngtdm_Complexity,ngtdm,Complexity,11.840560379137663,strong_z5,5.0,1.0,1.0,resample_nearest
original_ngtdm_Contrast,ngtdm,Contrast,0.0216598854612385,strong_z5,5.0,1.0,1.0,resample_nearest
original_ngtdm_Strength,ngtdm,Strength,0.0123992347914011,strong_z5,5.0,1.0,1.0,resample_nearest
original_glcm_Autocorrelation,glcm,Autocorrelation,58.34899050685703,strong_z5,5.0,1.0,1.0,resample_linear
original_glcm_ClusterProminence,glcm,ClusterProminence,417.6828272486485,strong_z5,5.0,1.0,1.0,resample_linear
original_glcm_ClusterShade,glcm,ClusterShade,-3.9055161384291,strong_z5,5.0,1.0,1.0,resample_linear
original_glcm_ClusterTendency,glcm,ClusterTendency,12.53123304973572,strong_z5,5.0,1.0,1.0,resample_linear
original_glcm_Contrast,glcm,Contrast,0.5333407604638402,strong_z5,5.0,1.0,1.0,resample_linear
original_glcm_Correlation,glcm,Correlation,0.9175101435804608,strong_z5,5.0,1.0,1.0,resample_linear
original_glcm_DifferenceAverage,glcm,DifferenceAverage,0.3851064003123994,strong_z5,5.0,1.0,1.0,resample_linear
original_glcm_DifferenceEntropy,glcm,DifferenceEntropy,1.1188579439766826,strong_z5,5.0,1.0,1.0,resample_linear
original_glcm_DifferenceVariance,glcm,DifferenceVariance,0.3743224125410594,strong_z5,5.0,1.0,1.0,resample_linear
original_glcm_Id,glcm,Id,0.8286183372482244,strong_z5,5.0,1.0,1.0,resample_linear
original_glcm_Idm,glcm,Idm,0.8219534881914206,strong_z5,5.0,1.0,1.0,resample_linear
original_glcm_Idmn,glcm,Idmn,0.996390451671594,strong_z5,5.0,1.0,1.0,resample_linear
original_glcm_Idn,glcm,Idn,0.9711568752986872,strong_z5,5.0,1.0,1.0,resample_linear
original_glcm_Imc1,glcm,Imc1,-0.5224961640479119,strong_z5,5.0,1.0,1.0,resample_linear
original_glcm_Imc2,glcm,Imc2,0.9719993986477514,strong_z5,5.0,1.0,1.0,resample_linear
original_glcm_InverseVariance,glcm,InverseVariance,0.2865658896533993,strong_z5,5.0,1.0,1.0,resample_linear
original_glcm_JointAverage,glcm,JointAverage,7.439654947923231,strong_z5,5.0,1.0,1.0,resample_linear
original_glcm_JointEnergy,glcm,JointEnergy,0.0797821499880354,strong_z5,5.0,1.0,1.0,resample_linear
original_glcm_JointEntropy,glcm,JointEntropy,4.2684622158205645,strong_z5,5.0,1.0,1.0,resample_linear
original_glcm_MCC,glcm,MCC,0.9280563571985958,strong_z5,5.0,1.0,1.0,resample_linear
original_glcm_MaximumProbability,glcm,MaximumProbability,0.1486893000561671,strong_z5,5.0,1.0,1.0,resample_linear
original_glcm_SumAverage,glcm,SumAverage,14.87930989584646,strong_z5,5.0,1.0,1.0,resample_linear
original_glcm_SumEntropy,glcm,SumEntropy,3.704349042575689,strong_z5,5.0,1.0,1.0,resample_linear
original_glcm_SumSquares,glcm,SumSquares,3.2661434525498905,strong_z5,5.0,1.0,1.0,resample_linear
original_gldm_DependenceEntropy,gldm,DependenceEntropy,7.242236367294646,strong_z5,5.0,1.0,1.0,resample_linear
original_gldm_DependenceNonUniformity,gldm,DependenceNonUniformity,3162.1642091373906,strong_z5,5.0,1.0,1.0,resample_linear
original_gldm_DependenceNonUniformityNormalized,gldm,DependenceNonUniformityNormalized,0.0521551081830346,strong_z5,5.0,1.0,1.0,resample_linear
original_gldm_DependenceVariance,gldm,DependenceVariance,37.013875288088514,strong_z5,5.0,1.0,1.0,resample_linear
original_gldm_GrayLevelNonUniformity,gldm,GrayLevelNonUniformity,9009.780669635496,strong_z5,5.0,1.0,1.0,resample_linear
original_gldm_GrayLevelVariance,gldm,GrayLevelVariance,3.497891374445936,strong_z5,5.0,1.0,1.0,resample_linear
original_gldm_HighGrayLevelEmphasis,gldm,HighGrayLevelEmphasis,57.862427841002805,strong_z5,5.0,1.0,1.0,resample_linear
original_gldm_LargeDependenceEmphasis,gldm,LargeDependenceEmphasis,348.7008741547089,strong_z5,5.0,1.0,1.0,resample_linear
original_gldm_LargeDependenceHighGrayLevelEmphasis,gldm,LargeDependenceHighGrayLevelEmphasis,21175.96999835065,strong_z5,5.0,1.0,1.0,resample_linear
original_gldm_LargeDependenceLowGrayLevelEmphasis,gldm,LargeDependenceLowGrayLevelEmphasis,7.231108641741844,strong_z5,5.0,1.0,1.0,resample_linear
original_gldm_LowGrayLevelEmphasis,gldm,LowGrayLevelEmphasis,0.0245837653301385,strong_z5,5.0,1.0,1.0,resample_linear
original_gldm_SmallDependenceEmphasis,gldm,SmallDependenceEmphasis,0.0096823583208683,strong_z5,5.0,1.0,1.0,resample_linear
original_gldm_SmallDependenceHighGrayLevelEmphasis,gldm,SmallDependenceHighGrayLevelEmphasis,0.4394191447560759,strong_z5,5.0,1.0,1.0,resample_linear
original_gldm_SmallDependenceLowGrayLevelEmphasis,gldm,SmallDependenceLowGrayLevelEmphasis,0.0005115895772636,strong_z5,5.0,1.0,1.0,resample_linear
original_glrlm_GrayLevelNonUniformity,glrlm,GrayLevelNonUniformity,2936.530966317157,strong_z5,5.0,1.0,1.0,resample_linear
original_glrlm_GrayLevelNonUniformityNormalized,glrlm,GrayLevelNonUniformityNormalized,0.1353988662056047,strong_z5,5.0,1.0,1.0,resample_linear
original_glrlm_GrayLevelVariance,glrlm,GrayLevelVariance,4.141418585856181,strong_z5,5.0,1.0,1.0,resample_linear
original_glrlm_HighGrayLevelRunEmphasis,glrlm,HighGrayLevelRunEmphasis,54.42382483023277,strong_z5,5.0,1.0,1.0,resample_linear
original_glrlm_LongRunEmphasis,glrlm,LongRunEmphasis,15.757901073887748,strong_z5,5.0,1.0,1.0,resample_linear
original_glrlm_LongRunHighGrayLevelEmphasis,glrlm,LongRunHighGrayLevelEmphasis,930.7238682043436,strong_z5,5.0,1.0,1.0,resample_linear
original_glrlm_LongRunLowGrayLevelEmphasis,glrlm,LongRunLowGrayLevelEmphasis,0.3551056576120378,strong_z5,5.0,1.0,1.0,resample_linear
original_glrlm_LowGrayLevelRunEmphasis,glrlm,LowGrayLevelRunEmphasis,0.0295779509283916,strong_z5,5.0,1.0,1.0,resample_linear
original_glrlm_RunEntropy,glrlm,RunEntropy,5.55344524379396,strong_z5,5.0,1.0,1.0,resample_linear
original_glrlm_RunLengthNonUniformity,glrlm,RunLengthNonUniformity,5421.670040374613,strong_z5,5.0,1.0,1.0,resample_linear
original_glrlm_RunLengthNonUniformityNormalized,glrlm,RunLengthNonUniformityNormalized,0.2365018754044796,strong_z5,5.0,1.0,1.0,resample_linear
original_glrlm_RunPercentage,glrlm,RunPercentage,0.3594361765564141,strong_z5,5.0,1.0,1.0,resample_linear
original_glrlm_RunVariance,glrlm,RunVariance,6.485032213449708,strong_z5,5.0,1.0,1.0,resample_linear
original_glrlm_ShortRunEmphasis,glrlm,ShortRunEmphasis,0.4612283564650496,strong_z5,5.0,1.0,1.0,resample_linear
original_glrlm_ShortRunHighGrayLevelEmphasis,glrlm,ShortRunHighGrayLevelEmphasis,22.413877395405645,strong_z5,5.0,1.0,1.0,resample_linear
original_glrlm_ShortRunLowGrayLevelEmphasis,glrlm,ShortRunLowGrayLevelEmphasis,0.0175433231606557,strong_z5,5.0,1.0,1.0,resample_linear
original_glszm_GrayLevelNonUniformity,glszm,GrayLevelNonUniformity,35.57328990228013,strong_z5,5.0,1.0,1.0,resample_linear
original_glszm_GrayLevelNonUniformityNormalized,glszm,GrayLevelNonUniformityNormalized,0.1158739084764825,strong_z5,5.0,1.0,1.0,resample_linear
original_glszm_GrayLevelVariance,glszm,GrayLevelVariance,6.572377425755181,strong_z5,5.0,1.0,1.0,resample_linear
original_glszm_HighGrayLevelZoneEmphasis,glszm,HighGrayLevelZoneEmphasis,37.925081433224754,strong_z5,5.0,1.0,1.0,resample_linear
original_glszm_LargeAreaEmphasis,glszm,LargeAreaEmphasis,1614508.638436482,strong_z5,5.0,1.0,1.0,resample_linear
original_glszm_LargeAreaHighGrayLevelEmphasis,glszm,LargeAreaHighGrayLevelEmphasis,94705005.71661238,strong_z5,5.0,1.0,1.0,resample_linear
original_glszm_LargeAreaLowGrayLevelEmphasis,glszm,LargeAreaLowGrayLevelEmphasis,31233.25967990131,strong_z5,5.0,1.0,1.0,resample_linear
original_glszm_LowGrayLevelZoneEmphasis,glszm,LowGrayLevelZoneEmphasis,0.0796424254144547,strong_z5,5.0,1.0,1.0,resample_linear
original_glszm_SizeZoneNonUniformity,glszm,SizeZoneNonUniformity,68.49837133550488,strong_z5,5.0,1.0,1.0,resample_linear
original_glszm_SizeZoneNonUniformityNormalized,glszm,SizeZoneNonUniformityNormalized,0.2231217307345436,strong_z5,5.0,1.0,1.0,resample_linear
original_glszm_SmallAreaEmphasis,glszm,SmallAreaEmphasis,0.4828701445369017,strong_z5,5.0,1.0,1.0,resample_linear
original_glszm_SmallAreaHighGrayLevelEmphasis,glszm,SmallAreaHighGrayLevelEmphasis,19.709066089604633,strong_z5,5.0,1.0,1.0,resample_linear
original_glszm_SmallAreaLowGrayLevelEmphasis,glszm,SmallAreaLowGrayLevelEmphasis,0.0391359072043632,strong_z5,5.0,1.0,1.0,resample_linear
original_glszm_ZoneEntropy,glszm,ZoneEntropy,5.998241426503048,strong_z5,5.0,1.0,1.0,resample_linear
original_glszm_ZonePercentage,glszm,ZonePercentage,0.0050634999175325,strong_z5,5.0,1.0,1.0,resample_linear
original_glszm_ZoneVariance,glszm,ZoneVariance,1575505.6049825463,strong_z5,5.0,1.0,1.0,resample_linear
original_ngtdm_Busyness,ngtdm,Busyness,27.924265267887463,strong_z5,5.0,1.0,1.0,resample_linear
original_ngtdm_Coarseness,ngtdm,Coarseness,0.0003871274602589,strong_z5,5.0,1.0,1.0,resample_linear
original_ngtdm_Complexity,ngtdm,Complexity,18.521474924731283,strong_z5,5.0,1.0,1.0,resample_linear
original_ngtdm_Contrast,ngtdm,Contrast,0.016663646808356,strong_z5,5.0,1.0,1.0,resample_linear
original_ngtdm_Strength,ngtdm,Strength,0.0203665009050925,strong_z5,5.0,1.0,1.0,resample_linear
original_glcm_Autocorrelation,glcm,Autocorrelation,60.06042420874596,strong_z5,5.0,1.0,1.0,resample_bspline
original_glcm_ClusterProminence,glcm,ClusterProminence,506.28948331948936,strong_z5,5.0,1.0,1.0,resample_bspline
original_glcm_ClusterShade,glcm,ClusterShade,-3.789635797156523,strong_z5,5.0,1.0,1.0,resample_bspline
original_glcm_ClusterTendency,glcm,ClusterTendency,13.82972080507209,strong_z5,5.0,1.0,1.0,resample_bspline
original_glcm_Contrast,glcm,Contrast,0.5893310937865289,strong_z5,5.0,1.0,1.0,resample_bspline
original_glcm_Correlation,glcm,Correlation,0.9175559275680812,strong_z5,5.0,1.0,1.0,resample_bspline
original_glcm_DifferenceAverage,glcm,DifferenceAverage,0.4353227351002818,strong_z5,5.0,1.0,1.0,resample_bspline
original_glcm_DifferenceEntropy,glcm,DifferenceEntropy,1.1757681184469866,strong_z5,5.0,1.0,1.0,resample_bspline
original_glcm_DifferenceVariance,glcm,DifferenceVariance,0.3864756653941011,strong_z5,5.0,1.0,1.0,resample_bspline
original_glcm_Id,glcm,Id,0.8040247273598021,strong_z5,5.0,1.0,1.0,resample_bspline
original_glcm_Idm,glcm,Idm,0.7971921306700571,strong_z5,5.0,1.0,1.0,resample_bspline
original_glcm_Idmn,glcm,Idmn,0.996590846941774,strong_z5,5.0,1.0,1.0,resample_bspline
original_glcm_Idn,glcm,Idn,0.9696057346457008,strong_z5,5.0,1.0,1.0,resample_bspline
original_glcm_Imc1,glcm,Imc1,-0.4952778620992489,strong_z5,5.0,1.0,1.0,resample_bspline
original_glcm_Imc2,glcm,Imc2,0.969207973337344,strong_z5,5.0,1.0,1.0,resample_bspline
original_glcm_InverseVariance,glcm,InverseVariance,0.334369115974868,strong_z5,5.0,1.0,1.0,resample_bspline
original_glcm_JointAverage,glcm,JointAverage,7.533213545002781,strong_z5,5.0,1.0,1.0,resample_bspline
original_glcm_JointEnergy,glcm,JointEnergy,0.0684353504563871,strong_z5,5.0,1.0,1.0,resample_bspline
original_glcm_JointEntropy,glcm,JointEntropy,4.455887226029924,strong_z5,5.0,1.0,1.0,resample_bspline
original_glcm_MCC,glcm,MCC,0.9267770784196472,strong_z5,5.0,1.0,1.0,resample_bspline
original_glcm_MaximumProbability,glcm,MaximumProbability,0.1376269164841577,strong_z5,5.0,1.0,1.0,resample_bspline
original_glcm_SumAverage,glcm,SumAverage,15.066427090005565,strong_z5,5.0,1.0,1.0,resample_bspline
original_glcm_SumEntropy,glcm,SumEntropy,3.8312420535306377,strong_z5,5.0,1.0,1.0,resample_bspline
original_glcm_SumSquares,glcm,SumSquares,3.6047629747146552,strong_z5,5.0,1.0,1.0,resample_bspline
original_gldm_DependenceEntropy,gldm,DependenceEntropy,7.457506540178506,strong_z5,5.0,1.0,1.0,resample_bspline
original_gldm_DependenceNonUniformity,gldm,DependenceNonUniformity,2782.4219693221175,strong_z5,5.0,1.0,1.0,resample_bspline
original_gldm_DependenceNonUniformityNormalized,gldm,DependenceNonUniformityNormalized,0.0458918352189034,strong_z5,5.0,1.0,1.0,resample_bspline
original_gldm_DependenceVariance,gldm,DependenceVariance,37.363188577226495,strong_z5,5.0,1.0,1.0,resample_bspline
original_gldm_GrayLevelNonUniformity,gldm,GrayLevelNonUniformity,8594.129078014184,strong_z5,5.0,1.0,1.0,resample_bspline
original_gldm_GrayLevelVariance,gldm,GrayLevelVariance,3.8354677516186153,strong_z5,5.0,1.0,1.0,resample_bspline
original_gldm_HighGrayLevelEmphasis,gldm,HighGrayLevelEmphasis,59.650882401451426,strong_z5,5.0,1.0,1.0,resample_bspline
original_gldm_LargeDependenceEmphasis,gldm,LargeDependenceEmphasis,308.1027214250371,strong_z5,5.0,1.0,1.0,resample_bspline
original_gldm_LargeDependenceHighGrayLevelEmphasis,gldm,LargeDependenceHighGrayLevelEmphasis,19327.815916213098,strong_z5,5.0,1.0,1.0,resample_bspline
original_gldm_LargeDependenceLowGrayLevelEmphasis,gldm,LargeDependenceLowGrayLevelEmphasis,6.37284178243839,strong_z5,5.0,1.0,1.0,resample_bspline
original_gldm_LowGrayLevelEmphasis,gldm,LowGrayLevelEmphasis,0.0245225404951882,strong_z5,5.0,1.0,1.0,resample_bspline
original_gldm_SmallDependenceEmphasis,gldm,SmallDependenceEmphasis,0.0115433430244841,strong_z5,5.0,1.0,1.0,resample_bspline
original_gldm_SmallDependenceHighGrayLevelEmphasis,gldm,SmallDependenceHighGrayLevelEmphasis,0.5533194167850705,strong_z5,5.0,1.0,1.0,resample_bspline
original_gldm_SmallDependenceLowGrayLevelEmphasis,gldm,SmallDependenceLowGrayLevelEmphasis,0.0005550631261362,strong_z5,5.0,1.0,1.0,resample_bspline
original_glrlm_GrayLevelNonUniformity,glrlm,GrayLevelNonUniformity,3239.252477114492,strong_z5,5.0,1.0,1.0,resample_bspline
original_glrlm_GrayLevelNonUniformityNormalized,glrlm,GrayLevelNonUniformityNormalized,0.1321402670069299,strong_z5,5.0,1.0,1.0,resample_bspline
original_glrlm_GrayLevelVariance,glrlm,GrayLevelVariance,4.355290745354955,strong_z5,5.0,1.0,1.0,resample_bspline
original_glrlm_HighGrayLevelRunEmphasis,glrlm,HighGrayLevelRunEmphasis,56.84673673995048,strong_z5,5.0,1.0,1.0,resample_bspline
original_glrlm_LongRunEmphasis,glrlm,LongRunEmphasis,12.651918466903073,strong_z5,5.0,1.0,1.0,resample_bspline
original_glrlm_LongRunHighGrayLevelEmphasis,glrlm,LongRunHighGrayLevelEmphasis,770.5750178715551,strong_z5,5.0,1.0,1.0,resample_bspline
original_glrlm_LongRunLowGrayLevelEmphasis,glrlm,LongRunLowGrayLevelEmphasis,0.2849881075433804,strong_z5,5.0,1.0,1.0,resample_bspline
original_glrlm_LowGrayLevelRunEmphasis,glrlm,LowGrayLevelRunEmphasis,0.0284740279930761,strong_z5,5.0,1.0,1.0,resample_bspline
original_glrlm_RunEntropy,glrlm,RunEntropy,5.437712035267395,strong_z5,5.0,1.0,1.0,resample_bspline
original_glrlm_RunLengthNonUniformity,glrlm,RunLengthNonUniformity,7284.073791254645,strong_z5,5.0,1.0,1.0,resample_bspline
original_glrlm_RunLengthNonUniformityNormalized,glrlm,RunLengthNonUniformityNormalized,0.2809775140673808,strong_z5,5.0,1.0,1.0,resample_bspline
original_glrlm_RunPercentage,glrlm,RunPercentage,0.4056090536545757,strong_z5,5.0,1.0,1.0,resample_bspline
original_glrlm_RunVariance,glrlm,RunVariance,5.351424577360844,strong_z5,5.0,1.0,1.0,resample_bspline
original_glrlm_ShortRunEmphasis,glrlm,ShortRunEmphasis,0.5203999491351904,strong_z5,5.0,1.0,1.0,resample_bspline
original_glrlm_ShortRunHighGrayLevelEmphasis,glrlm,ShortRunHighGrayLevelEmphasis,27.62671187584351,strong_z5,5.0,1.0,1.0,resample_bspline
original_glrlm_ShortRunLowGrayLevelEmphasis,glrlm,ShortRunLowGrayLevelEmphasis,0.0176523954829608,strong_z5,5.0,1.0,1.0,resample_bspline
original_glszm_GrayLevelNonUniformity,glszm,GrayLevelNonUniformity,40.822454308093995,strong_z5,5.0,1.0,1.0,resample_bspline
original_glszm_GrayLevelNonUniformityNormalized,glszm,GrayLevelNonUniformityNormalized,0.1065860425798798,strong_z5,5.0,1.0,1.0,resample_bspline
original_glszm_GrayLevelVariance,glszm,GrayLevelVariance,7.343331810837895,strong_z5,5.0,1.0,1.0,resample_bspline
original_glszm_HighGrayLevelZoneEmphasis,glszm,HighGrayLevelZoneEmphasis,42.59530026109661,strong_z5,5.0,1.0,1.0,resample_bspline
original_glszm_LargeAreaEmphasis,glszm,LargeAreaEmphasis,1228157.7597911227,strong_z5,5.0,1.0,1.0,resample_bspline
original_glszm_LargeAreaHighGrayLevelEmphasis,glszm,LargeAreaHighGrayLevelEmphasis,72246203.61096606,strong_z5,5.0,1.0,1.0,resample_bspline
original_glszm_LargeAreaLowGrayLevelEmphasis,glszm,LargeAreaLowGrayLevelEmphasis,23672.74161653251,strong_z5,5.0,1.0,1.0,resample_bspline
original_glszm_LowGrayLevelZoneEmphasis,glszm,LowGrayLevelZoneEmphasis,0.0709407227787384,strong_z5,5.0,1.0,1.0,resample_bspline
original_glszm_SizeZoneNonUniformity,glszm,SizeZoneNonUniformity,91.19843342036552,strong_z5,5.0,1.0,1.0,resample_bspline
original_glszm_SizeZoneNonUniformityNormalized,glszm,SizeZoneNonUniformityNormalized,0.2381160141523904,strong_z5,5.0,1.0,1.0,resample_bspline
original_glszm_SmallAreaEmphasis,glszm,SmallAreaEmphasis,0.4957927652168744,strong_z5,5.0,1.0,1.0,resample_bspline
original_glszm_SmallAreaHighGrayLevelEmphasis,glszm,SmallAreaHighGrayLevelEmphasis,19.685851146386177,strong_z5,5.0,1.0,1.0,resample_bspline
original_glszm_SmallAreaLowGrayLevelEmphasis,glszm,SmallAreaLowGrayLevelEmphasis,0.0337483888426899,strong_z5,5.0,1.0,1.0,resample_bspline
original_glszm_ZoneEntropy,glszm,ZoneEntropy,5.952272022710858,strong_z5,5.0,1.0,1.0,resample_bspline
original_glszm_ZonePercentage,glszm,ZonePercentage,0.0063170047831106,strong_z5,5.0,1.0,1.0,resample_bspline
original_glszm_ZoneVariance,glszm,ZoneVariance,1203097.9604878346,strong_z5,5.0,1.0,1.0,resample_bspline
original_ngtdm_Busyness,ngtdm,Busyness,24.728766622891225,strong_z5,5.0,1.0,1.0,resample_bspline
original_ngtdm_Coarseness,ngtdm,Coarseness,0.0003873202027853,strong_z5,5.0,1.0,1.0,resample_bspline
original_ngtdm_Complexity,ngtdm,Complexity,22.908935393594547,strong_z5,5.0,1.0,1.0,resample_bspline
original_ngtdm_Contrast,ngtdm,Contrast,0.0161874606431991,strong_z5,5.0,1.0,1.0,resample_bspline
original_ngtdm_Strength,ngtdm,Strength,0.0235224830643519,strong_z5,5.0,1.0,1.0,resample_bspline
original_glcm_Autocorrelation,glcm,Autocorrelation,34.845660563310936,strong_z5,5.0,1.0,1.0,voxel_spacing_aware
original_glcm_ClusterProminence,glcm,ClusterProminence,340.0067769811122,strong_z5,5.0,1.0,1.0,voxel_spacing_aware
original_glcm_ClusterShade,glcm,ClusterShade,0.4355424431619389,strong_z5,5.0,1.0,1.0,voxel_spacing_aware
original_glcm_ClusterTendency,glcm,ClusterTendency,11.520672783145317,strong_z5,5.0,1.0,1.0,voxel_spacing_aware
original_glcm_Contrast,glcm,Contrast,0.9621819444558544,strong_z5,5.0,1.0,1.0,voxel_spacing_aware
original_glcm_Correlation,glcm,Correlation,0.8458788751342227,strong_z5,5.0,1.0,1.0,voxel_spacing_aware
original_glcm_DifferenceAverage,glcm,DifferenceAverage,0.5895053843517924,strong_z5,5.0,1.0,1.0,voxel_spacing_aware
original_glcm_DifferenceEntropy,glcm,DifferenceEntropy,1.15836677886383,strong_z5,5.0,1.0,1.0,voxel_spacing_aware
original_glcm_DifferenceVariance,glcm,DifferenceVariance,0.4389124162505476,strong_z5,5.0,1.0,1.0,voxel_spacing_aware
original_glcm_Id,glcm,Id,0.7647233467142022,strong_z5,5.0,1.0,1.0,voxel_spacing_aware
original_glcm_Idm,glcm,Idm,0.7425149638345101,strong_z5,5.0,1.0,1.0,voxel_spacing_aware
original_glcm_Idmn,glcm,Idmn,0.99071915377309,strong_z5,5.0,1.0,1.0,voxel_spacing_aware
original_glcm_Idn,glcm,Idn,0.949195031477517,strong_z5,5.0,1.0,1.0,voxel_spacing_aware
original_glcm_Imc1,glcm,Imc1,-0.475532153332998,strong_z5,5.0,1.0,1.0,voxel_spacing_aware
original_glcm_Imc2,glcm,Imc2,0.9323626779466264,strong_z5,5.0,1.0,1.0,voxel_spacing_aware
original_glcm_InverseVariance,glcm,InverseVariance,0.2883157604624999,strong_z5,5.0,1.0,1.0,voxel_spacing_aware
original_glcm_JointAverage,glcm,JointAverage,5.675034134624464,strong_z5,5.0,1.0,1.0,voxel_spacing_aware
original_glcm_JointEnergy,glcm,JointEnergy,0.0721029936772014,strong_z5,5.0,1.0,1.0,voxel_spacing_aware
original_glcm_JointEntropy,glcm,JointEntropy,4.346728307124056,strong_z5,5.0,1.0,1.0,voxel_spacing_aware
original_glcm_MCC,glcm,MCC,0.8489523197437179,strong_z5,5.0,1.0,1.0,voxel_spacing_aware
original_glcm_MaximumProbability,glcm,MaximumProbability,0.1358379103222884,strong_z5,5.0,1.0,1.0,voxel_spacing_aware
original_glcm_SumAverage,glcm,SumAverage,11.350068269248927,strong_z5,5.0,1.0,1.0,voxel_spacing_aware
original_glcm_SumEntropy,glcm,SumEntropy,3.6039959760023863,strong_z5,5.0,1.0,1.0,voxel_spacing_aware
original_glcm_SumSquares,glcm,SumSquares,3.1207136819002925,strong_z5,5.0,1.0,1.0,voxel_spacing_aware
original_gldm_DependenceEntropy,gldm,DependenceEntropy,6.547990036818396,strong_z5,5.0,1.0,1.0,voxel_spacing_aware
original_gldm_DependenceNonUniformity,gldm,DependenceNonUniformity,6159.373445489032,strong_z5,5.0,1.0,1.0,voxel_spacing_aware
original_gldm_DependenceNonUniformityNormalized,gldm,DependenceNonUniformityNormalized,0.1015895339846451,strong_z5,5.0,1.0,1.0,voxel_spacing_aware
original_gldm_DependenceVariance,gldm,DependenceVariance,37.52932242026646,strong_z5,5.0,1.0,1.0,voxel_spacing_aware
original_gldm_GrayLevelNonUniformity,gldm,GrayLevelNonUniformity,9357.709054923303,strong_z5,5.0,1.0,1.0,voxel_spacing_aware
original_gldm_GrayLevelVariance,gldm,GrayLevelVariance,3.193851224412078,strong_z5,5.0,1.0,1.0,voxel_spacing_aware
original_gldm_HighGrayLevelEmphasis,gldm,HighGrayLevelEmphasis,35.28814118423223,strong_z5,5.0,1.0,1.0,voxel_spacing_aware
original_gldm_LargeDependenceEmphasis,gldm,LargeDependenceEmphasis,383.7225136071252,strong_z5,5.0,1.0,1.0,voxel_spacing_aware
original_gldm_LargeDependenceHighGrayLevelEmphasis,gldm,LargeDependenceHighGrayLevelEmphasis,13645.63585683655,strong_z5,5.0,1.0,1.0,voxel_spacing_aware
original_gldm_LargeDependenceLowGrayLevelEmphasis,gldm,LargeDependenceLowGrayLevelEmphasis,17.924322315846855,strong_z5,5.0,1.0,1.0,voxel_spacing_aware
original_gldm_LowGrayLevelEmphasis,gldm,LowGrayLevelEmphasis,0.0509695439658383,strong_z5,5.0,1.0,1.0,voxel_spacing_aware
original_gldm_SmallDependenceEmphasis,gldm,SmallDependenceEmphasis,0.0060947868511182,strong_z5,5.0,1.0,1.0,voxel_spacing_aware
original_gldm_SmallDependenceHighGrayLevelEmphasis,gldm,SmallDependenceHighGrayLevelEmphasis,0.2169605095687737,strong_z5,5.0,1.0,1.0,voxel_spacing_aware
original_gldm_SmallDependenceLowGrayLevelEmphasis,gldm,SmallDependenceLowGrayLevelEmphasis,0.0003718428198154,strong_z5,5.0,1.0,1.0,voxel_spacing_aware
original_glrlm_GrayLevelNonUniformity,glrlm,GrayLevelNonUniformity,2899.054701944491,strong_z5,5.0,1.0,1.0,voxel_spacing_aware
original_glrlm_GrayLevelNonUniformityNormalized,glrlm,GrayLevelNonUniformityNormalized,0.1483452326742761,strong_z5,5.0,1.0,1.0,voxel_spacing_aware
original_glrlm_GrayLevelVariance,glrlm,GrayLevelVariance,3.435999953100764,strong_z5,5.0,1.0,1.0,voxel_spacing_aware
original_glrlm_HighGrayLevelRunEmphasis,glrlm,HighGrayLevelRunEmphasis,35.04657606718118,strong_z5,5.0,1.0,1.0,voxel_spacing_aware
original_glrlm_LongRunEmphasis,glrlm,LongRunEmphasis,18.691665194806465,strong_z5,5.0,1.0,1.0,voxel_spacing_aware
original_glrlm_LongRunHighGrayLevelEmphasis,glrlm,LongRunHighGrayLevelEmphasis,666.1581005018771,strong_z5,5.0,1.0,1.0,voxel_spacing_aware
original_glrlm_LongRunLowGrayLevelEmphasis,glrlm,LongRunLowGrayLevelEmphasis,0.8789976091437436,strong_z5,5.0,1.0,1.0,voxel_spacing_aware
original_glrlm_LowGrayLevelRunEmphasis,glrlm,LowGrayLevelRunEmphasis,0.0563795353676818,strong_z5,5.0,1.0,1.0,voxel_spacing_aware
original_glrlm_RunEntropy,glrlm,RunEntropy,5.43794118459407,strong_z5,5.0,1.0,1.0,voxel_spacing_aware
original_glrlm_RunLengthNonUniformity,glrlm,RunLengthNonUniformity,4219.658574331612,strong_z5,5.0,1.0,1.0,voxel_spacing_aware
original_glrlm_RunLengthNonUniformityNormalized,glrlm,RunLengthNonUniformityNormalized,0.2251612707175178,strong_z5,5.0,1.0,1.0,voxel_spacing_aware
original_glrlm_RunPercentage,glrlm,RunPercentage,0.3228358644489273,strong_z5,5.0,1.0,1.0,voxel_spacing_aware
original_glrlm_RunVariance,glrlm,RunVariance,5.684700196915913,strong_z5,5.0,1.0,1.0,voxel_spacing_aware
original_glrlm_ShortRunEmphasis,glrlm,ShortRunEmphasis,0.3787440547515479,strong_z5,5.0,1.0,1.0,voxel_spacing_aware
original_glrlm_ShortRunHighGrayLevelEmphasis,glrlm,ShortRunHighGrayLevelEmphasis,13.325290818389682,strong_z5,5.0,1.0,1.0,voxel_spacing_aware
original_glrlm_ShortRunLowGrayLevelEmphasis,glrlm,ShortRunLowGrayLevelEmphasis,0.0237244706872589,strong_z5,5.0,1.0,1.0,voxel_spacing_aware
original_glszm_GrayLevelNonUniformity,glszm,GrayLevelNonUniformity,16.81679389312977,strong_z5,5.0,1.0,1.0,voxel_spacing_aware
original_glszm_GrayLevelNonUniformityNormalized,glszm,GrayLevelNonUniformityNormalized,0.1283724724666394,strong_z5,5.0,1.0,1.0,voxel_spacing_aware
original_glszm_GrayLevelVariance,glszm,GrayLevelVariance,5.749198764640755,strong_z5,5.0,1.0,1.0,voxel_spacing_aware
original_glszm_HighGrayLevelZoneEmphasis,glszm,HighGrayLevelZoneEmphasis,37.229007633587784,strong_z5,5.0,1.0,1.0,voxel_spacing_aware
original_glszm_LargeAreaEmphasis,glszm,LargeAreaEmphasis,1575057.6335877862,strong_z5,5.0,1.0,1.0,voxel_spacing_aware
original_glszm_LargeAreaHighGrayLevelEmphasis,glszm,LargeAreaHighGrayLevelEmphasis,51830694.27480916,strong_z5,5.0,1.0,1.0,voxel_spacing_aware
original_glszm_LargeAreaLowGrayLevelEmphasis,glszm,LargeAreaLowGrayLevelEmphasis,60005.80668300152,strong_z5,5.0,1.0,1.0,voxel_spacing_aware
original_glszm_LowGrayLevelZoneEmphasis,glszm,LowGrayLevelZoneEmphasis,0.0971847875423847,strong_z5,5.0,1.0,1.0,voxel_spacing_aware
original_glszm_SizeZoneNonUniformity,glszm,SizeZoneNonUniformity,21.748091603053435,strong_z5,5.0,1.0,1.0,voxel_spacing_aware
original_glszm_SizeZoneNonUniformityNormalized,glszm,SizeZoneNonUniformityNormalized,0.1660159664355224,strong_z5,5.0,1.0,1.0,voxel_spacing_aware
original_glszm_SmallAreaEmphasis,glszm,SmallAreaEmphasis,0.0164840804113479,strong_z5,5.0,1.0,1.0,voxel_spacing_aware
original_glszm_SmallAreaHighGrayLevelEmphasis,glszm,SmallAreaHighGrayLevelEmphasis,0.634709429607412,strong_z5,5.0,1.0,1.0,voxel_spacing_aware
original_glszm_SmallAreaLowGrayLevelEmphasis,glszm,SmallAreaLowGrayLevelEmphasis,0.0015193243780917,strong_z5,5.0,1.0,1.0,voxel_spacing_aware
original_glszm_ZoneEntropy,glszm,ZoneEntropy,5.801185001517869,strong_z5,5.0,1.0,1.0,voxel_spacing_aware
original_glszm_ZonePercentage,glszm,ZonePercentage,0.0021606465446148,strong_z5,5.0,1.0,1.0,voxel_spacing_aware
original_glszm_ZoneVariance,glszm,ZoneVariance,1360851.1829147486,strong_z5,5.0,1.0,1.0,voxel_spacing_aware
original_ngtdm_Busyness,ngtdm,Busyness,15.161452747480542,strong_z5,5.0,1.0,1.0,voxel_spacing_aware
original_ngtdm_Coarseness,ngtdm,Coarseness,0.00130347504454,strong_z5,5.0,1.0,1.0,voxel_spacing_aware
original_ngtdm_Complexity,ngtdm,Complexity,16.478939682481755,strong_z5,5.0,1.0,1.0,voxel_spacing_aware
original_ngtdm_Contrast,ngtdm,Contrast,0.0302076454846812,strong_z5,5.0,1.0,1.0,voxel_spacing_aware
original_ngtdm_Strength,ngtdm,Strength,0.0444533165494386,strong_z5,5.0,1.0,1.0,voxel_spacing_aware
